Start preprocessing step with AMOEBA, please wait a moment...
run_preprocess takes 66.95552182197571 seconds
Loading models...
Initializing tinker...
Initializing tinker...
Total atoms in system: 18502 (solute: 175, solvent: 18327)
Start pre-equilibration
Pre-equilibration with 10 eV/A² for 1200 steps
Step 0:  Epot = -130724.353eV  Ekin = 713.334eV (T = 298K)  Etot = -130011.019eV
Step 1:  Epot = -130639.663eV  Ekin = 637.056eV (T = 266K)  Etot = -130002.607eV
Step 2:  Epot = -130506.748eV  Ekin = 516.187eV (T = 216K)  Etot = -129990.561eV
Step 3:  Epot = -130493.088eV  Ekin = 498.692eV (T = 209K)  Etot = -129994.397eV
Step 4:  Epot = -130546.720eV  Ekin = 543.489eV (T = 227K)  Etot = -130003.232eV
Step 5:  Epot = -130529.115eV  Ekin = 525.484eV (T = 220K)  Etot = -130003.631eV
Step 6:  Epot = -130423.903eV  Ekin = 429.098eV (T = 179K)  Etot = -129994.805eV
Step 7:  Epot = -130357.231eV  Ekin = 370.518eV (T = 155K)  Etot = -129986.714eV
Step 8:  Epot = -130426.640eV  Ekin = 431.209eV (T = 180K)  Etot = -129995.431eV
Step 9:  Epot = -130503.368eV  Ekin = 497.832eV (T = 208K)  Etot = -130005.536eV
Step 10:  Epot = -130434.102eV  Ekin = 434.844eV (T = 182K)  Etot = -129999.258eV
Step 11:  Epot = -130299.365eV  Ekin = 313.506eV (T = 131K)  Etot = -129985.860eV
Step 12:  Epot = -130276.215eV  Ekin = 289.354eV (T = 121K)  Etot = -129986.861eV
Step 13:  Epot = -130344.635eV  Ekin = 348.923eV (T = 146K)  Etot = -129995.712eV
Step 14:  Epot = -130363.689eV  Ekin = 366.492eV (T = 153K)  Etot = -129997.197eV
Step 15:  Epot = -130297.894eV  Ekin = 308.512eV (T = 129K)  Etot = -129989.382eV
Step 16:  Epot = -130254.406eV  Ekin = 273.704eV (T = 114K)  Etot = -129980.702eV
Step 17:  Epot = -130339.817eV  Ekin = 353.364eV (T = 148K)  Etot = -129986.453eV
Step 18:  Epot = -130457.988eV  Ekin = 460.885eV (T = 193K)  Etot = -129997.103eV
Step 19:  Epot = -130447.343eV  Ekin = 453.624eV (T = 190K)  Etot = -129993.719eV
Step 20:  Epot = -130348.735eV  Ekin = 367.189eV (T = 154K)  Etot = -129981.545eV
Step 21:  Epot = -130324.304eV  Ekin = 343.970eV (T = 144K)  Etot = -129980.334eV
Step 22:  Epot = -130385.083eV  Ekin = 396.870eV (T = 166K)  Etot = -129988.213eV
Step 23:  Epot = -130409.673eV  Ekin = 419.189eV (T = 175K)  Etot = -129990.485eV
Step 24:  Epot = -130353.267eV  Ekin = 368.927eV (T = 154K)  Etot = -129984.340eV
Step 25:  Epot = -130298.098eV  Ekin = 321.420eV (T = 134K)  Etot = -129976.678eV
Step 26:  Epot = -130344.384eV  Ekin = 364.725eV (T = 153K)  Etot = -129979.660eV
Step 27:  Epot = -130438.190eV  Ekin = 448.726eV (T = 188K)  Etot = -129989.464eV
Step 28:  Epot = -130437.046eV  Ekin = 448.814eV (T = 188K)  Etot = -129988.232eV
Step 29:  Epot = -130347.774eV  Ekin = 369.772eV (T = 155K)  Etot = -129978.002eV
Step 30:  Epot = -130304.271eV  Ekin = 329.030eV (T = 138K)  Etot = -129975.241eV
Step 31:  Epot = -130340.949eV  Ekin = 359.640eV (T = 150K)  Etot = -129981.309eV
Step 32:  Epot = -130364.698eV  Ekin = 380.830eV (T = 159K)  Etot = -129983.869eV
Step 33:  Epot = -130324.472eV  Ekin = 344.933eV (T = 144K)  Etot = -129979.539eV
Step 34:  Epot = -130276.229eV  Ekin = 303.181eV (T = 127K)  Etot = -129973.048eV
Step 35:  Epot = -130304.079eV  Ekin = 330.319eV (T = 138K)  Etot = -129973.760eV
Step 36:  Epot = -130386.775eV  Ekin = 405.653eV (T = 170K)  Etot = -129981.122eV
Step 37:  Epot = -130411.869eV  Ekin = 429.832eV (T = 180K)  Etot = -129982.037eV
Step 38:  Epot = -130358.462eV  Ekin = 384.012eV (T = 161K)  Etot = -129974.449eV
Step 39:  Epot = -130321.351eV  Ekin = 350.388eV (T = 147K)  Etot = -129970.963eV
Step 40:  Epot = -130343.548eV  Ekin = 368.742eV (T = 154K)  Etot = -129974.806eV
Step 41:  Epot = -130364.623eV  Ekin = 387.257eV (T = 162K)  Etot = -129977.367eV
Step 42:  Epot = -130338.706eV  Ekin = 364.454eV (T = 152K)  Etot = -129974.252eV
Step 43:  Epot = -130299.965eV  Ekin = 330.503eV (T = 138K)  Etot = -129969.462eV
Step 44:  Epot = -130310.993eV  Ekin = 342.225eV (T = 143K)  Etot = -129968.768eV
Step 45:  Epot = -130368.101eV  Ekin = 394.560eV (T = 165K)  Etot = -129973.541eV
Step 46:  Epot = -130394.358eV  Ekin = 418.679eV (T = 175K)  Etot = -129975.678eV
Step 47:  Epot = -130360.315eV  Ekin = 389.452eV (T = 163K)  Etot = -129970.863eV
Step 48:  Epot = -130326.847eV  Ekin = 359.404eV (T = 150K)  Etot = -129967.443eV
Step 49:  Epot = -130334.173eV  Ekin = 364.800eV (T = 153K)  Etot = -129969.373eV
Step 50:  Epot = -130347.363eV  Ekin = 376.107eV (T = 157K)  Etot = -129971.256eV
Step 51:  Epot = -130330.675eV  Ekin = 361.189eV (T = 151K)  Etot = -129969.486eV
Step 52:  Epot = -130303.283eV  Ekin = 337.354eV (T = 141K)  Etot = -129965.929eV
Step 53:  Epot = -130307.896eV  Ekin = 343.016eV (T = 143K)  Etot = -129964.880eV
Step 54:  Epot = -130347.756eV  Ekin = 380.179eV (T = 159K)  Etot = -129967.577eV
Step 55:  Epot = -130374.988eV  Ekin = 406.005eV (T = 170K)  Etot = -129968.983eV
Step 56:  Epot = -130361.944eV  Ekin = 395.941eV (T = 166K)  Etot = -129966.003eV
Step 57:  Epot = -130341.605eV  Ekin = 378.434eV (T = 158K)  Etot = -129963.171eV
Step 58:  Epot = -130342.379eV  Ekin = 378.487eV (T = 158K)  Etot = -129963.892eV
Step 59:  Epot = -130346.720eV  Ekin = 382.035eV (T = 160K)  Etot = -129964.686eV
Step 60:  Epot = -130333.737eV  Ekin = 370.550eV (T = 155K)  Etot = -129963.187eV
Step 61:  Epot = -130315.545eV  Ekin = 354.958eV (T = 148K)  Etot = -129960.587eV
Step 62:  Epot = -130317.229eV  Ekin = 357.387eV (T = 149K)  Etot = -129959.842eV
Step 63:  Epot = -130339.912eV  Ekin = 378.721eV (T = 158K)  Etot = -129961.191eV
Step 64:  Epot = -130356.034eV  Ekin = 394.202eV (T = 165K)  Etot = -129961.833eV
Step 65:  Epot = -130349.448eV  Ekin = 389.393eV (T = 163K)  Etot = -129960.056eV
Step 66:  Epot = -130337.619eV  Ekin = 379.339eV (T = 159K)  Etot = -129958.280eV
Step 67:  Epot = -130334.143eV  Ekin = 376.106eV (T = 157K)  Etot = -129958.037eV
Step 68:  Epot = -130328.915eV  Ekin = 370.976eV (T = 155K)  Etot = -129957.940eV
Step 69:  Epot = -130315.169eV  Ekin = 359.152eV (T = 150K)  Etot = -129956.017eV
Step 70:  Epot = -130304.218eV  Ekin = 349.513eV (T = 146K)  Etot = -129954.705eV
Step 71:  Epot = -130308.374eV  Ekin = 354.177eV (T = 148K)  Etot = -129954.196eV
Step 72:  Epot = -130321.892eV  Ekin = 367.302eV (T = 154K)  Etot = -129954.590eV
Step 73:  Epot = -130329.718eV  Ekin = 375.541eV (T = 157K)  Etot = -129954.178eV
Step 74:  Epot = -130329.055eV  Ekin = 376.138eV (T = 157K)  Etot = -129952.916eV
Step 75:  Epot = -130329.279eV  Ekin = 377.063eV (T = 158K)  Etot = -129952.215eV
Step 76:  Epot = -130328.843eV  Ekin = 376.709eV (T = 158K)  Etot = -129952.134eV
Step 77:  Epot = -130318.724eV  Ekin = 367.924eV (T = 154K)  Etot = -129950.800eV
Step 78:  Epot = -130303.559eV  Ekin = 354.739eV (T = 148K)  Etot = -129948.820eV
Step 79:  Epot = -130298.347eV  Ekin = 350.668eV (T = 147K)  Etot = -129947.678eV
Step 80:  Epot = -130306.601eV  Ekin = 358.781eV (T = 150K)  Etot = -129947.820eV
Step 81:  Epot = -130315.524eV  Ekin = 367.718eV (T = 154K)  Etot = -129947.806eV
Step 82:  Epot = -130315.183eV  Ekin = 368.340eV (T = 154K)  Etot = -129946.843eV
Step 83:  Epot = -130313.406eV  Ekin = 367.877eV (T = 154K)  Etot = -129945.529eV
Step 84:  Epot = -130319.336eV  Ekin = 373.805eV (T = 156K)  Etot = -129945.530eV
Step 85:  Epot = -130322.198eV  Ekin = 376.081eV (T = 157K)  Etot = -129946.117eV
Step 86:  Epot = -130309.426eV  Ekin = 364.671eV (T = 152K)  Etot = -129944.756eV
Step 87:  Epot = -130292.500eV  Ekin = 349.938eV (T = 146K)  Etot = -129942.562eV
Step 88:  Epot = -130290.432eV  Ekin = 348.751eV (T = 146K)  Etot = -129941.681eV
Step 89:  Epot = -130302.221eV  Ekin = 360.185eV (T = 151K)  Etot = -129942.035eV
Step 90:  Epot = -130310.239eV  Ekin = 368.070eV (T = 154K)  Etot = -129942.169eV
Step 91:  Epot = -130305.909eV  Ekin = 365.461eV (T = 153K)  Etot = -129940.449eV
Step 92:  Epot = -130303.034eV  Ekin = 364.015eV (T = 152K)  Etot = -129939.019eV
Step 93:  Epot = -130312.888eV  Ekin = 373.599eV (T = 156K)  Etot = -129939.289eV
Step 94:  Epot = -130320.319eV  Ekin = 380.491eV (T = 159K)  Etot = -129939.827eV
Step 95:  Epot = -130307.941eV  Ekin = 369.512eV (T = 155K)  Etot = -129938.428eV
Step 96:  Epot = -130288.512eV  Ekin = 352.093eV (T = 147K)  Etot = -129936.419eV
Step 97:  Epot = -130285.695eV  Ekin = 349.984eV (T = 146K)  Etot = -129935.711eV
Step 98:  Epot = -130298.977eV  Ekin = 362.544eV (T = 152K)  Etot = -129936.432eV
Step 99:  Epot = -130307.614eV  Ekin = 370.969eV (T = 155K)  Etot = -129936.644eV
Step 100:  Epot = -130301.260eV  Ekin = 366.681eV (T = 153K)  Etot = -129934.579eV
Step 101:  Epot = -130295.029eV  Ekin = 362.208eV (T = 151K)  Etot = -129932.821eV
Step 102:  Epot = -130303.815eV  Ekin = 370.876eV (T = 155K)  Etot = -129932.939eV
Step 103:  Epot = -130313.252eV  Ekin = 379.325eV (T = 159K)  Etot = -129933.927eV
Step 104:  Epot = -130302.023eV  Ekin = 369.600eV (T = 155K)  Etot = -129932.423eV
Step 105:  Epot = -130281.273eV  Ekin = 351.492eV (T = 147K)  Etot = -129929.781eV
Step 106:  Epot = -130277.472eV  Ekin = 348.275eV (T = 146K)  Etot = -129929.196eV
Step 107:  Epot = -130291.956eV  Ekin = 361.730eV (T = 151K)  Etot = -129930.225eV
Step 108:  Epot = -130302.423eV  Ekin = 372.271eV (T = 156K)  Etot = -129930.152eV
Step 109:  Epot = -130296.961eV  Ekin = 368.204eV (T = 154K)  Etot = -129928.757eV
Step 110:  Epot = -130289.627eV  Ekin = 362.886eV (T = 152K)  Etot = -129926.741eV
Step 111:  Epot = -130297.912eV  Ekin = 371.204eV (T = 155K)  Etot = -129926.708eV
Step 112:  Epot = -130310.361eV  Ekin = 382.664eV (T = 160K)  Etot = -129927.697eV
Step 113:  Epot = -130302.711eV  Ekin = 376.031eV (T = 157K)  Etot = -129926.679eV
Step 114:  Epot = -130281.499eV  Ekin = 357.359eV (T = 149K)  Etot = -129924.140eV
Step 115:  Epot = -130274.824eV  Ekin = 351.917eV (T = 147K)  Etot = -129922.907eV
Step 116:  Epot = -130287.937eV  Ekin = 364.170eV (T = 152K)  Etot = -129923.766eV
Step 117:  Epot = -130299.183eV  Ekin = 374.989eV (T = 157K)  Etot = -129924.194eV
Step 118:  Epot = -130294.832eV  Ekin = 371.922eV (T = 156K)  Etot = -129922.911eV
Step 119:  Epot = -130286.600eV  Ekin = 365.642eV (T = 153K)  Etot = -129920.958eV
Step 120:  Epot = -130292.309eV  Ekin = 371.246eV (T = 155K)  Etot = -129921.063eV
Step 121:  Epot = -130304.337eV  Ekin = 382.353eV (T = 160K)  Etot = -129921.983eV
Step 122:  Epot = -130298.769eV  Ekin = 377.870eV (T = 158K)  Etot = -129920.899eV
Step 123:  Epot = -130277.745eV  Ekin = 359.570eV (T = 150K)  Etot = -129918.175eV
Step 124:  Epot = -130268.494eV  Ekin = 351.620eV (T = 147K)  Etot = -129916.874eV
Step 125:  Epot = -130279.789eV  Ekin = 362.127eV (T = 151K)  Etot = -129917.662eV
Step 126:  Epot = -130291.886eV  Ekin = 373.519eV (T = 156K)  Etot = -129918.367eV
Step 127:  Epot = -130289.402eV  Ekin = 372.450eV (T = 156K)  Etot = -129916.952eV
Step 128:  Epot = -130281.894eV  Ekin = 366.935eV (T = 153K)  Etot = -129914.959eV
Step 129:  Epot = -130287.057eV  Ekin = 372.418eV (T = 156K)  Etot = -129914.640eV
Step 130:  Epot = -130299.799eV  Ekin = 384.398eV (T = 161K)  Etot = -129915.401eV
Step 131:  Epot = -130297.749eV  Ekin = 383.077eV (T = 160K)  Etot = -129914.672eV
Step 132:  Epot = -130279.609eV  Ekin = 367.405eV (T = 154K)  Etot = -129912.205eV
Step 133:  Epot = -130269.487eV  Ekin = 358.791eV (T = 150K)  Etot = -129910.696eV
Step 134:  Epot = -130278.538eV  Ekin = 367.428eV (T = 154K)  Etot = -129911.110eV
Step 135:  Epot = -130290.625eV  Ekin = 379.334eV (T = 159K)  Etot = -129911.291eV
Step 136:  Epot = -130290.254eV  Ekin = 380.108eV (T = 159K)  Etot = -129910.146eV
Step 137:  Epot = -130284.487eV  Ekin = 375.658eV (T = 157K)  Etot = -129908.829eV
Step 138:  Epot = -130288.372eV  Ekin = 380.340eV (T = 159K)  Etot = -129908.032eV
Step 139:  Epot = -130299.081eV  Ekin = 390.634eV (T = 163K)  Etot = -129908.447eV
Step 140:  Epot = -130298.128eV  Ekin = 389.765eV (T = 163K)  Etot = -129908.362eV
Step 141:  Epot = -130282.373eV  Ekin = 376.212eV (T = 157K)  Etot = -129906.161eV
Step 142:  Epot = -130271.017eV  Ekin = 366.661eV (T = 153K)  Etot = -129904.356eV
Step 143:  Epot = -130275.959eV  Ekin = 371.332eV (T = 155K)  Etot = -129904.627eV
Step 144:  Epot = -130285.738eV  Ekin = 380.593eV (T = 159K)  Etot = -129905.145eV
Step 145:  Epot = -130286.279eV  Ekin = 382.358eV (T = 160K)  Etot = -129903.921eV
Step 146:  Epot = -130282.285eV  Ekin = 380.028eV (T = 159K)  Etot = -129902.257eV
Step 147:  Epot = -130285.830eV  Ekin = 383.975eV (T = 161K)  Etot = -129901.855eV
Step 148:  Epot = -130295.437eV  Ekin = 393.149eV (T = 164K)  Etot = -129902.288eV
Step 149:  Epot = -130296.461eV  Ekin = 394.201eV (T = 165K)  Etot = -129902.260eV
Step 150:  Epot = -130284.140eV  Ekin = 383.448eV (T = 160K)  Etot = -129900.691eV
Step 151:  Epot = -130273.017eV  Ekin = 373.690eV (T = 156K)  Etot = -129899.327eV
Step 152:  Epot = -130274.813eV  Ekin = 375.897eV (T = 157K)  Etot = -129898.916eV
Step 153:  Epot = -130282.147eV  Ekin = 382.816eV (T = 160K)  Etot = -129899.331eV
Step 154:  Epot = -130282.854eV  Ekin = 384.534eV (T = 161K)  Etot = -129898.320eV
Step 155:  Epot = -130280.430eV  Ekin = 383.347eV (T = 160K)  Etot = -129897.083eV
Step 156:  Epot = -130284.263eV  Ekin = 387.636eV (T = 162K)  Etot = -129896.627eV
Step 157:  Epot = -130292.218eV  Ekin = 395.086eV (T = 165K)  Etot = -129897.133eV
Step 158:  Epot = -130293.184eV  Ekin = 396.224eV (T = 166K)  Etot = -129896.960eV
Step 159:  Epot = -130283.537eV  Ekin = 387.835eV (T = 162K)  Etot = -129895.702eV
Step 160:  Epot = -130273.673eV  Ekin = 379.455eV (T = 159K)  Etot = -129894.218eV
Step 161:  Epot = -130273.060eV  Ekin = 379.269eV (T = 159K)  Etot = -129893.791eV
Step 162:  Epot = -130277.855eV  Ekin = 384.060eV (T = 161K)  Etot = -129893.795eV
Step 163:  Epot = -130278.562eV  Ekin = 385.522eV (T = 161K)  Etot = -129893.040eV
Step 164:  Epot = -130277.151eV  Ekin = 385.012eV (T = 161K)  Etot = -129892.139eV
Step 165:  Epot = -130281.216eV  Ekin = 389.409eV (T = 163K)  Etot = -129891.806eV
Step 166:  Epot = -130288.793eV  Ekin = 397.036eV (T = 166K)  Etot = -129891.758eV
Step 167:  Epot = -130290.965eV  Ekin = 399.312eV (T = 167K)  Etot = -129891.652eV
Step 168:  Epot = -130283.798eV  Ekin = 393.213eV (T = 164K)  Etot = -129890.585eV
Step 169:  Epot = -130275.215eV  Ekin = 385.933eV (T = 161K)  Etot = -129889.282eV
Step 170:  Epot = -130273.776eV  Ekin = 384.890eV (T = 161K)  Etot = -129888.886eV
Step 171:  Epot = -130276.767eV  Ekin = 387.892eV (T = 162K)  Etot = -129888.874eV
Step 172:  Epot = -130276.924eV  Ekin = 388.767eV (T = 163K)  Etot = -129888.156eV
Step 173:  Epot = -130275.864eV  Ekin = 388.476eV (T = 162K)  Etot = -129887.388eV
Step 174:  Epot = -130279.806eV  Ekin = 392.853eV (T = 164K)  Etot = -129886.953eV
Step 175:  Epot = -130287.360eV  Ekin = 400.139eV (T = 167K)  Etot = -129887.221eV
Step 176:  Epot = -130290.291eV  Ekin = 403.121eV (T = 169K)  Etot = -129887.171eV
Step 177:  Epot = -130284.452eV  Ekin = 398.279eV (T = 167K)  Etot = -129886.173eV
Step 178:  Epot = -130276.589eV  Ekin = 391.524eV (T = 164K)  Etot = -129885.065eV
Step 179:  Epot = -130274.559eV  Ekin = 389.886eV (T = 163K)  Etot = -129884.673eV
Step 180:  Epot = -130276.406eV  Ekin = 391.609eV (T = 164K)  Etot = -129884.797eV
Step 181:  Epot = -130275.410eV  Ekin = 391.239eV (T = 164K)  Etot = -129884.170eV
Step 182:  Epot = -130273.144eV  Ekin = 389.902eV (T = 163K)  Etot = -129883.242eV
Step 183:  Epot = -130276.195eV  Ekin = 393.538eV (T = 165K)  Etot = -129882.658eV
Step 184:  Epot = -130283.689eV  Ekin = 401.384eV (T = 168K)  Etot = -129882.305eV
Step 185:  Epot = -130287.673eV  Ekin = 405.813eV (T = 170K)  Etot = -129881.860eV
Step 186:  Epot = -130283.546eV  Ekin = 402.636eV (T = 168K)  Etot = -129880.910eV
Step 187:  Epot = -130276.509eV  Ekin = 396.537eV (T = 166K)  Etot = -129879.971eV
Step 188:  Epot = -130274.323eV  Ekin = 394.926eV (T = 165K)  Etot = -129879.397eV
Step 189:  Epot = -130275.544eV  Ekin = 396.327eV (T = 166K)  Etot = -129879.217eV
Step 190:  Epot = -130273.941eV  Ekin = 395.414eV (T = 165K)  Etot = -129878.527eV
Step 191:  Epot = -130270.611eV  Ekin = 393.113eV (T = 164K)  Etot = -129877.497eV
Step 192:  Epot = -130272.536eV  Ekin = 395.266eV (T = 165K)  Etot = -129877.270eV
Step 193:  Epot = -130279.921eV  Ekin = 402.760eV (T = 168K)  Etot = -129877.161eV
Step 194:  Epot = -130284.941eV  Ekin = 407.832eV (T = 171K)  Etot = -129877.109eV
Step 195:  Epot = -130282.301eV  Ekin = 406.477eV (T = 170K)  Etot = -129875.824eV
Step 196:  Epot = -130275.861eV  Ekin = 400.899eV (T = 168K)  Etot = -129874.962eV
Step 197:  Epot = -130272.834eV  Ekin = 398.275eV (T = 167K)  Etot = -129874.559eV
Step 198:  Epot = -130273.361eV  Ekin = 399.516eV (T = 167K)  Etot = -129873.845eV
Step 199:  Epot = -130271.900eV  Ekin = 398.588eV (T = 167K)  Etot = -129873.312eV
Step 200:  Epot = -130268.350eV  Ekin = 396.196eV (T = 166K)  Etot = -129872.154eV
Step 201:  Epot = -130268.810eV  Ekin = 397.178eV (T = 166K)  Etot = -129871.632eV
Step 202:  Epot = -130275.229eV  Ekin = 403.709eV (T = 169K)  Etot = -129871.520eV
Step 203:  Epot = -130280.995eV  Ekin = 409.687eV (T = 171K)  Etot = -129871.308eV
Step 204:  Epot = -130280.330eV  Ekin = 409.761eV (T = 171K)  Etot = -129870.569eV
Step 205:  Epot = -130275.483eV  Ekin = 405.875eV (T = 170K)  Etot = -129869.608eV
Step 206:  Epot = -130272.465eV  Ekin = 403.675eV (T = 169K)  Etot = -129868.790eV
Step 207:  Epot = -130273.366eV  Ekin = 404.730eV (T = 169K)  Etot = -129868.636eV
Step 208:  Epot = -130272.920eV  Ekin = 405.023eV (T = 169K)  Etot = -129867.898eV
Step 209:  Epot = -130269.338eV  Ekin = 402.591eV (T = 168K)  Etot = -129866.747eV
Step 210:  Epot = -130268.343eV  Ekin = 402.773eV (T = 168K)  Etot = -129865.571eV
Step 211:  Epot = -130273.444eV  Ekin = 407.858eV (T = 171K)  Etot = -129865.586eV
Step 212:  Epot = -130279.760eV  Ekin = 414.192eV (T = 173K)  Etot = -129865.568eV
Step 213:  Epot = -130280.878eV  Ekin = 415.403eV (T = 174K)  Etot = -129865.475eV
Step 214:  Epot = -130276.936eV  Ekin = 412.688eV (T = 173K)  Etot = -129864.249eV
Step 215:  Epot = -130272.931eV  Ekin = 409.777eV (T = 171K)  Etot = -129863.154eV
Step 216:  Epot = -130272.285eV  Ekin = 409.578eV (T = 171K)  Etot = -129862.707eV
Step 217:  Epot = -130271.839eV  Ekin = 409.655eV (T = 171K)  Etot = -129862.184eV
Step 218:  Epot = -130268.392eV  Ekin = 407.236eV (T = 170K)  Etot = -129861.156eV
Step 219:  Epot = -130266.108eV  Ekin = 405.841eV (T = 170K)  Etot = -129860.266eV
Step 220:  Epot = -130269.373eV  Ekin = 409.611eV (T = 171K)  Etot = -129859.762eV
Step 221:  Epot = -130274.963eV  Ekin = 415.248eV (T = 174K)  Etot = -129859.715eV
Step 222:  Epot = -130277.013eV  Ekin = 417.824eV (T = 175K)  Etot = -129859.189eV
Step 223:  Epot = -130274.297eV  Ekin = 416.011eV (T = 174K)  Etot = -129858.286eV
Step 224:  Epot = -130270.427eV  Ekin = 413.093eV (T = 173K)  Etot = -129857.334eV
Step 225:  Epot = -130268.961eV  Ekin = 412.183eV (T = 172K)  Etot = -129856.777eV
Step 226:  Epot = -130268.304eV  Ekin = 412.069eV (T = 172K)  Etot = -129856.235eV
Step 227:  Epot = -130265.328eV  Ekin = 409.772eV (T = 171K)  Etot = -129855.556eV
Step 228:  Epot = -130262.253eV  Ekin = 407.448eV (T = 170K)  Etot = -129854.805eV
Step 229:  Epot = -130263.950eV  Ekin = 409.968eV (T = 171K)  Etot = -129853.981eV
Step 230:  Epot = -130269.280eV  Ekin = 415.574eV (T = 174K)  Etot = -129853.705eV
Step 231:  Epot = -130272.242eV  Ekin = 419.074eV (T = 175K)  Etot = -129853.168eV
Step 232:  Epot = -130270.730eV  Ekin = 418.345eV (T = 175K)  Etot = -129852.384eV
Step 233:  Epot = -130267.578eV  Ekin = 415.855eV (T = 174K)  Etot = -129851.723eV
Step 234:  Epot = -130266.297eV  Ekin = 414.835eV (T = 173K)  Etot = -129851.462eV
Step 235:  Epot = -130265.591eV  Ekin = 414.770eV (T = 173K)  Etot = -129850.821eV
Step 236:  Epot = -130262.773eV  Ekin = 412.791eV (T = 173K)  Etot = -129849.983eV
Step 237:  Epot = -130259.570eV  Ekin = 410.799eV (T = 172K)  Etot = -129848.771eV
Step 238:  Epot = -130260.552eV  Ekin = 412.187eV (T = 172K)  Etot = -129848.365eV
Step 239:  Epot = -130265.863eV  Ekin = 417.482eV (T = 175K)  Etot = -129848.381eV
Step 240:  Epot = -130269.731eV  Ekin = 421.873eV (T = 176K)  Etot = -129847.858eV
Step 241:  Epot = -130268.977eV  Ekin = 421.825eV (T = 176K)  Etot = -129847.152eV
Step 242:  Epot = -130266.342eV  Ekin = 420.009eV (T = 176K)  Etot = -129846.333eV
Step 243:  Epot = -130265.273eV  Ekin = 419.341eV (T = 175K)  Etot = -129845.933eV
Step 244:  Epot = -130264.658eV  Ekin = 418.818eV (T = 175K)  Etot = -129845.840eV
Step 245:  Epot = -130262.251eV  Ekin = 417.085eV (T = 174K)  Etot = -129845.165eV
Step 246:  Epot = -130258.758eV  Ekin = 414.519eV (T = 173K)  Etot = -129844.238eV
Step 247:  Epot = -130258.061eV  Ekin = 414.692eV (T = 173K)  Etot = -129843.369eV
Step 248:  Epot = -130261.998eV  Ekin = 419.121eV (T = 175K)  Etot = -129842.877eV
Step 249:  Epot = -130266.542eV  Ekin = 423.822eV (T = 177K)  Etot = -129842.720eV
Step 250:  Epot = -130266.952eV  Ekin = 424.566eV (T = 178K)  Etot = -129842.386eV
Step 251:  Epot = -130264.485eV  Ekin = 423.058eV (T = 177K)  Etot = -129841.428eV
Step 252:  Epot = -130262.870eV  Ekin = 422.042eV (T = 176K)  Etot = -129840.828eV
Step 253:  Epot = -130262.261eV  Ekin = 422.193eV (T = 177K)  Etot = -129840.067eV
Step 254:  Epot = -130260.141eV  Ekin = 420.535eV (T = 176K)  Etot = -129839.606eV
Step 255:  Epot = -130256.457eV  Ekin = 417.841eV (T = 175K)  Etot = -129838.615eV
Step 256:  Epot = -130254.537eV  Ekin = 416.681eV (T = 174K)  Etot = -129837.856eV
Step 257:  Epot = -130257.268eV  Ekin = 419.926eV (T = 176K)  Etot = -129837.342eV
Step 258:  Epot = -130261.138eV  Ekin = 423.691eV (T = 177K)  Etot = -129837.447eV
Step 259:  Epot = -130261.949eV  Ekin = 425.034eV (T = 178K)  Etot = -129836.915eV
Step 260:  Epot = -130260.107eV  Ekin = 424.351eV (T = 177K)  Etot = -129835.756eV
Step 261:  Epot = -130258.561eV  Ekin = 423.481eV (T = 177K)  Etot = -129835.080eV
Step 262:  Epot = -130257.663eV  Ekin = 423.051eV (T = 177K)  Etot = -129834.612eV
Step 263:  Epot = -130255.640eV  Ekin = 421.632eV (T = 176K)  Etot = -129834.008eV
Step 264:  Epot = -130252.663eV  Ekin = 419.470eV (T = 175K)  Etot = -129833.193eV
Step 265:  Epot = -130251.236eV  Ekin = 418.797eV (T = 175K)  Etot = -129832.438eV
Step 266:  Epot = -130253.672eV  Ekin = 421.880eV (T = 176K)  Etot = -129831.792eV
Step 267:  Epot = -130257.313eV  Ekin = 425.430eV (T = 178K)  Etot = -129831.883eV
Step 268:  Epot = -130258.408eV  Ekin = 427.030eV (T = 179K)  Etot = -129831.377eV
Step 269:  Epot = -130257.423eV  Ekin = 426.606eV (T = 178K)  Etot = -129830.816eV
Step 270:  Epot = -130256.669eV  Ekin = 426.619eV (T = 178K)  Etot = -129830.050eV
Step 271:  Epot = -130256.146eV  Ekin = 426.360eV (T = 178K)  Etot = -129829.786eV
Step 272:  Epot = -130254.148eV  Ekin = 425.010eV (T = 178K)  Etot = -129829.138eV
Step 273:  Epot = -130250.397eV  Ekin = 422.082eV (T = 176K)  Etot = -129828.315eV
Step 274:  Epot = -130247.925eV  Ekin = 420.649eV (T = 176K)  Etot = -129827.276eV
Step 275:  Epot = -130249.834eV  Ekin = 422.754eV (T = 177K)  Etot = -129827.080eV
Step 276:  Epot = -130253.669eV  Ekin = 426.822eV (T = 178K)  Etot = -129826.847eV
Step 277:  Epot = -130255.140eV  Ekin = 428.633eV (T = 179K)  Etot = -129826.507eV
Step 278:  Epot = -130254.359eV  Ekin = 428.676eV (T = 179K)  Etot = -129825.683eV
Step 279:  Epot = -130254.063eV  Ekin = 429.097eV (T = 179K)  Etot = -129824.965eV
Step 280:  Epot = -130254.010eV  Ekin = 429.490eV (T = 180K)  Etot = -129824.520eV
Step 281:  Epot = -130252.300eV  Ekin = 428.015eV (T = 179K)  Etot = -129824.285eV
Step 282:  Epot = -130248.692eV  Ekin = 425.396eV (T = 178K)  Etot = -129823.295eV
Step 283:  Epot = -130246.207eV  Ekin = 423.704eV (T = 177K)  Etot = -129822.503eV
Step 284:  Epot = -130247.751eV  Ekin = 426.232eV (T = 178K)  Etot = -129821.519eV
Step 285:  Epot = -130251.136eV  Ekin = 430.133eV (T = 180K)  Etot = -129821.004eV
Step 286:  Epot = -130252.421eV  Ekin = 431.486eV (T = 180K)  Etot = -129820.936eV
Step 287:  Epot = -130252.311eV  Ekin = 431.865eV (T = 181K)  Etot = -129820.447eV
Step 288:  Epot = -130252.927eV  Ekin = 433.044eV (T = 181K)  Etot = -129819.883eV
Step 289:  Epot = -130253.250eV  Ekin = 433.759eV (T = 181K)  Etot = -129819.491eV
Step 290:  Epot = -130251.288eV  Ekin = 432.629eV (T = 181K)  Etot = -129818.660eV
Step 291:  Epot = -130247.309eV  Ekin = 429.740eV (T = 180K)  Etot = -129817.569eV
Step 292:  Epot = -130244.021eV  Ekin = 427.318eV (T = 179K)  Etot = -129816.704eV
Step 293:  Epot = -130244.137eV  Ekin = 428.217eV (T = 179K)  Etot = -129815.921eV
Step 294:  Epot = -130246.305eV  Ekin = 430.411eV (T = 180K)  Etot = -129815.893eV
Step 295:  Epot = -130246.855eV  Ekin = 431.471eV (T = 180K)  Etot = -129815.385eV
Step 296:  Epot = -130246.853eV  Ekin = 432.120eV (T = 181K)  Etot = -129814.733eV
Step 297:  Epot = -130248.468eV  Ekin = 434.251eV (T = 182K)  Etot = -129814.217eV
Step 298:  Epot = -130249.580eV  Ekin = 435.506eV (T = 182K)  Etot = -129814.075eV
Step 299:  Epot = -130247.742eV  Ekin = 433.738eV (T = 181K)  Etot = -129814.004eV
Step 300:  Epot = -130244.036eV  Ekin = 430.768eV (T = 180K)  Etot = -129813.268eV
Step 301:  Epot = -130241.118eV  Ekin = 428.532eV (T = 179K)  Etot = -129812.586eV
Step 302:  Epot = -130240.942eV  Ekin = 428.644eV (T = 179K)  Etot = -129812.298eV
Step 303:  Epot = -130242.701eV  Ekin = 430.879eV (T = 180K)  Etot = -129811.821eV
Step 304:  Epot = -130243.665eV  Ekin = 432.410eV (T = 181K)  Etot = -129811.255eV
Step 305:  Epot = -130244.187eV  Ekin = 433.839eV (T = 181K)  Etot = -129810.348eV
Step 306:  Epot = -130246.077eV  Ekin = 436.034eV (T = 182K)  Etot = -129810.043eV
Step 307:  Epot = -130247.675eV  Ekin = 437.819eV (T = 183K)  Etot = -129809.856eV
Step 308:  Epot = -130246.688eV  Ekin = 437.211eV (T = 183K)  Etot = -129809.477eV
Step 309:  Epot = -130243.682eV  Ekin = 434.945eV (T = 182K)  Etot = -129808.737eV
Step 310:  Epot = -130240.878eV  Ekin = 432.771eV (T = 181K)  Etot = -129808.107eV
Step 311:  Epot = -130240.231eV  Ekin = 432.859eV (T = 181K)  Etot = -129807.373eV
Step 312:  Epot = -130241.113eV  Ekin = 434.262eV (T = 182K)  Etot = -129806.851eV
Step 313:  Epot = -130241.442eV  Ekin = 435.039eV (T = 182K)  Etot = -129806.403eV
Step 314:  Epot = -130241.900eV  Ekin = 436.007eV (T = 182K)  Etot = -129805.893eV
Step 315:  Epot = -130243.502eV  Ekin = 437.747eV (T = 183K)  Etot = -129805.754eV
Step 316:  Epot = -130244.767eV  Ekin = 439.469eV (T = 184K)  Etot = -129805.298eV
Step 317:  Epot = -130243.859eV  Ekin = 439.311eV (T = 184K)  Etot = -129804.548eV
Step 318:  Epot = -130241.163eV  Ekin = 437.005eV (T = 183K)  Etot = -129804.157eV
Step 319:  Epot = -130238.486eV  Ekin = 434.717eV (T = 182K)  Etot = -129803.769eV
Step 320:  Epot = -130237.575eV  Ekin = 434.144eV (T = 182K)  Etot = -129803.432eV
Step 321:  Epot = -130237.436eV  Ekin = 434.359eV (T = 182K)  Etot = -129803.077eV
Step 322:  Epot = -130236.899eV  Ekin = 434.557eV (T = 182K)  Etot = -129802.341eV
Step 323:  Epot = -130237.372eV  Ekin = 435.291eV (T = 182K)  Etot = -129802.081eV
Step 324:  Epot = -130240.298eV  Ekin = 438.581eV (T = 183K)  Etot = -129801.716eV
Step 325:  Epot = -130242.829eV  Ekin = 441.572eV (T = 185K)  Etot = -129801.257eV
Step 326:  Epot = -130242.869eV  Ekin = 441.939eV (T = 185K)  Etot = -129800.930eV
Step 327:  Epot = -130240.681eV  Ekin = 440.597eV (T = 184K)  Etot = -129800.084eV
Step 328:  Epot = -130237.906eV  Ekin = 438.596eV (T = 183K)  Etot = -129799.310eV
Step 329:  Epot = -130236.682eV  Ekin = 437.638eV (T = 183K)  Etot = -129799.044eV
Step 330:  Epot = -130235.951eV  Ekin = 437.233eV (T = 183K)  Etot = -129798.718eV
Step 331:  Epot = -130234.679eV  Ekin = 436.725eV (T = 183K)  Etot = -129797.955eV
Step 332:  Epot = -130234.528eV  Ekin = 437.426eV (T = 183K)  Etot = -129797.102eV
Step 333:  Epot = -130236.658eV  Ekin = 439.702eV (T = 184K)  Etot = -129796.955eV
Step 334:  Epot = -130238.900eV  Ekin = 442.475eV (T = 185K)  Etot = -129796.425eV
Step 335:  Epot = -130239.370eV  Ekin = 443.241eV (T = 185K)  Etot = -129796.129eV
Step 336:  Epot = -130238.033eV  Ekin = 442.126eV (T = 185K)  Etot = -129795.906eV
Step 337:  Epot = -130235.826eV  Ekin = 440.837eV (T = 184K)  Etot = -129794.990eV
Step 338:  Epot = -130234.823eV  Ekin = 440.461eV (T = 184K)  Etot = -129794.362eV
Step 339:  Epot = -130234.018eV  Ekin = 440.181eV (T = 184K)  Etot = -129793.838eV
Step 340:  Epot = -130231.923eV  Ekin = 438.622eV (T = 183K)  Etot = -129793.301eV
Step 341:  Epot = -130231.107eV  Ekin = 438.800eV (T = 183K)  Etot = -129792.307eV
Step 342:  Epot = -130233.360eV  Ekin = 441.661eV (T = 185K)  Etot = -129791.699eV
Step 343:  Epot = -130235.931eV  Ekin = 444.620eV (T = 186K)  Etot = -129791.311eV
Step 344:  Epot = -130237.094eV  Ekin = 446.736eV (T = 187K)  Etot = -129790.358eV
Step 345:  Epot = -130236.394eV  Ekin = 446.445eV (T = 187K)  Etot = -129789.949eV
Step 346:  Epot = -130234.573eV  Ekin = 445.320eV (T = 186K)  Etot = -129789.253eV
Step 347:  Epot = -130233.841eV  Ekin = 444.965eV (T = 186K)  Etot = -129788.876eV
Step 348:  Epot = -130233.349eV  Ekin = 444.650eV (T = 186K)  Etot = -129788.699eV
Step 349:  Epot = -130230.850eV  Ekin = 442.831eV (T = 185K)  Etot = -129788.019eV
Step 350:  Epot = -130228.794eV  Ekin = 441.386eV (T = 185K)  Etot = -129787.408eV
Step 351:  Epot = -130229.935eV  Ekin = 443.172eV (T = 185K)  Etot = -129786.763eV
Step 352:  Epot = -130231.953eV  Ekin = 445.693eV (T = 186K)  Etot = -129786.260eV
Step 353:  Epot = -130232.669eV  Ekin = 447.172eV (T = 187K)  Etot = -129785.498eV
Step 354:  Epot = -130232.115eV  Ekin = 447.220eV (T = 187K)  Etot = -129784.895eV
Step 355:  Epot = -130230.349eV  Ekin = 446.082eV (T = 187K)  Etot = -129784.266eV
Step 356:  Epot = -130229.254eV  Ekin = 445.723eV (T = 186K)  Etot = -129783.531eV
Step 357:  Epot = -130228.385eV  Ekin = 445.080eV (T = 186K)  Etot = -129783.304eV
Step 358:  Epot = -130225.614eV  Ekin = 442.945eV (T = 185K)  Etot = -129782.669eV
Step 359:  Epot = -130223.057eV  Ekin = 440.947eV (T = 184K)  Etot = -129782.110eV
Step 360:  Epot = -130224.480eV  Ekin = 442.825eV (T = 185K)  Etot = -129781.656eV
Step 361:  Epot = -130227.239eV  Ekin = 445.740eV (T = 186K)  Etot = -129781.498eV
Step 362:  Epot = -130228.110eV  Ekin = 447.067eV (T = 187K)  Etot = -129781.043eV
Step 363:  Epot = -130228.430eV  Ekin = 447.906eV (T = 187K)  Etot = -129780.524eV
Step 364:  Epot = -130228.863eV  Ekin = 448.456eV (T = 188K)  Etot = -129780.407eV
Step 365:  Epot = -130228.692eV  Ekin = 448.684eV (T = 188K)  Etot = -129780.008eV
Step 366:  Epot = -130227.792eV  Ekin = 448.158eV (T = 187K)  Etot = -129779.634eV
Step 367:  Epot = -130225.281eV  Ekin = 446.098eV (T = 187K)  Etot = -129779.183eV
Step 368:  Epot = -130223.062eV  Ekin = 444.532eV (T = 186K)  Etot = -129778.531eV
Step 369:  Epot = -130224.700eV  Ekin = 446.719eV (T = 187K)  Etot = -129777.981eV
Step 370:  Epot = -130227.358eV  Ekin = 449.370eV (T = 188K)  Etot = -129777.988eV
Step 371:  Epot = -130227.231eV  Ekin = 450.194eV (T = 188K)  Etot = -129777.037eV
Step 372:  Epot = -130226.726eV  Ekin = 450.838eV (T = 189K)  Etot = -129775.888eV
Step 373:  Epot = -130227.595eV  Ekin = 452.086eV (T = 189K)  Etot = -129775.510eV
Step 374:  Epot = -130228.056eV  Ekin = 452.960eV (T = 189K)  Etot = -129775.096eV
Step 375:  Epot = -130227.303eV  Ekin = 452.933eV (T = 189K)  Etot = -129774.370eV
Step 376:  Epot = -130224.538eV  Ekin = 450.666eV (T = 188K)  Etot = -129773.873eV
Step 377:  Epot = -130220.956eV  Ekin = 447.932eV (T = 187K)  Etot = -129773.024eV
Step 378:  Epot = -130220.743eV  Ekin = 448.074eV (T = 187K)  Etot = -129772.670eV
Step 379:  Epot = -130223.107eV  Ekin = 450.367eV (T = 188K)  Etot = -129772.740eV
Step 380:  Epot = -130223.929eV  Ekin = 451.775eV (T = 189K)  Etot = -129772.154eV
Step 381:  Epot = -130223.696eV  Ekin = 451.959eV (T = 189K)  Etot = -129771.737eV
Step 382:  Epot = -130225.044eV  Ekin = 453.743eV (T = 190K)  Etot = -129771.301eV
Step 383:  Epot = -130226.955eV  Ekin = 455.972eV (T = 191K)  Etot = -129770.983eV
Step 384:  Epot = -130226.845eV  Ekin = 456.223eV (T = 191K)  Etot = -129770.622eV
Step 385:  Epot = -130224.259eV  Ekin = 454.048eV (T = 190K)  Etot = -129770.211eV
Step 386:  Epot = -130221.210eV  Ekin = 451.749eV (T = 189K)  Etot = -129769.460eV
Step 387:  Epot = -130220.854eV  Ekin = 452.001eV (T = 189K)  Etot = -129768.854eV
Step 388:  Epot = -130222.768eV  Ekin = 454.366eV (T = 190K)  Etot = -129768.402eV
Step 389:  Epot = -130223.578eV  Ekin = 455.715eV (T = 191K)  Etot = -129767.863eV
Step 390:  Epot = -130222.996eV  Ekin = 456.341eV (T = 191K)  Etot = -129766.656eV
Step 391:  Epot = -130224.012eV  Ekin = 457.555eV (T = 191K)  Etot = -129766.457eV
Step 392:  Epot = -130225.763eV  Ekin = 459.609eV (T = 192K)  Etot = -129766.154eV
Step 393:  Epot = -130225.316eV  Ekin = 459.812eV (T = 192K)  Etot = -129765.504eV
Step 394:  Epot = -130222.364eV  Ekin = 457.286eV (T = 191K)  Etot = -129765.078eV
Step 395:  Epot = -130219.334eV  Ekin = 454.936eV (T = 190K)  Etot = -129764.398eV
Step 396:  Epot = -130217.943eV  Ekin = 453.755eV (T = 190K)  Etot = -129764.188eV
Step 397:  Epot = -130218.019eV  Ekin = 453.783eV (T = 190K)  Etot = -129764.235eV
Step 398:  Epot = -130217.916eV  Ekin = 454.356eV (T = 190K)  Etot = -129763.561eV
Step 399:  Epot = -130216.947eV  Ekin = 454.176eV (T = 190K)  Etot = -129762.771eV
Step 400:  Epot = -130217.930eV  Ekin = 455.986eV (T = 191K)  Etot = -129761.944eV
Step 401:  Epot = -130220.653eV  Ekin = 459.280eV (T = 192K)  Etot = -129761.373eV
Step 402:  Epot = -130221.212eV  Ekin = 459.960eV (T = 192K)  Etot = -129761.252eV
Step 403:  Epot = -130218.346eV  Ekin = 457.786eV (T = 191K)  Etot = -129760.560eV
Step 404:  Epot = -130215.409eV  Ekin = 455.417eV (T = 190K)  Etot = -129759.992eV
Step 405:  Epot = -130214.551eV  Ekin = 454.923eV (T = 190K)  Etot = -129759.628eV
Step 406:  Epot = -130214.881eV  Ekin = 455.621eV (T = 191K)  Etot = -129759.260eV
Step 407:  Epot = -130215.196eV  Ekin = 456.516eV (T = 191K)  Etot = -129758.680eV
Step 408:  Epot = -130214.615eV  Ekin = 456.984eV (T = 191K)  Etot = -129757.631eV
Step 409:  Epot = -130215.291eV  Ekin = 457.891eV (T = 191K)  Etot = -129757.400eV
Step 410:  Epot = -130218.234eV  Ekin = 460.790eV (T = 193K)  Etot = -129757.445eV
Step 411:  Epot = -130219.827eV  Ekin = 462.368eV (T = 193K)  Etot = -129757.459eV
Step 412:  Epot = -130217.861eV  Ekin = 461.056eV (T = 193K)  Etot = -129756.805eV
Step 413:  Epot = -130215.057eV  Ekin = 459.286eV (T = 192K)  Etot = -129755.771eV
Step 414:  Epot = -130213.789eV  Ekin = 458.613eV (T = 192K)  Etot = -129755.176eV
Step 415:  Epot = -130213.078eV  Ekin = 458.449eV (T = 192K)  Etot = -129754.629eV
Step 416:  Epot = -130212.493eV  Ekin = 458.200eV (T = 192K)  Etot = -129754.293eV
Step 417:  Epot = -130211.543eV  Ekin = 457.975eV (T = 191K)  Etot = -129753.568eV
Step 418:  Epot = -130211.526eV  Ekin = 458.411eV (T = 192K)  Etot = -129753.115eV
Step 419:  Epot = -130213.865eV  Ekin = 461.190eV (T = 193K)  Etot = -129752.674eV
Step 420:  Epot = -130215.612eV  Ekin = 463.390eV (T = 194K)  Etot = -129752.222eV
Step 421:  Epot = -130214.384eV  Ekin = 462.723eV (T = 193K)  Etot = -129751.661eV
Step 422:  Epot = -130212.089eV  Ekin = 461.205eV (T = 193K)  Etot = -129750.884eV
Step 423:  Epot = -130210.835eV  Ekin = 460.392eV (T = 193K)  Etot = -129750.443eV
Step 424:  Epot = -130209.960eV  Ekin = 459.961eV (T = 192K)  Etot = -129749.999eV
Step 425:  Epot = -130208.735eV  Ekin = 459.119eV (T = 192K)  Etot = -129749.616eV
Step 426:  Epot = -130207.945eV  Ekin = 458.913eV (T = 192K)  Etot = -129749.032eV
Step 427:  Epot = -130208.612eV  Ekin = 459.892eV (T = 192K)  Etot = -129748.720eV
Step 428:  Epot = -130210.863eV  Ekin = 462.265eV (T = 193K)  Etot = -129748.598eV
Step 429:  Epot = -130212.220eV  Ekin = 463.647eV (T = 194K)  Etot = -129748.573eV
Step 430:  Epot = -130211.638eV  Ekin = 463.607eV (T = 194K)  Etot = -129748.031eV
Step 431:  Epot = -130210.851eV  Ekin = 463.191eV (T = 194K)  Etot = -129747.660eV
Step 432:  Epot = -130210.386eV  Ekin = 463.244eV (T = 194K)  Etot = -129747.142eV
Step 433:  Epot = -130209.308eV  Ekin = 462.659eV (T = 193K)  Etot = -129746.649eV
Step 434:  Epot = -130207.319eV  Ekin = 461.107eV (T = 193K)  Etot = -129746.212eV
Step 435:  Epot = -130206.019eV  Ekin = 460.534eV (T = 193K)  Etot = -129745.485eV
Step 436:  Epot = -130206.292eV  Ekin = 461.521eV (T = 193K)  Etot = -129744.771eV
Step 437:  Epot = -130208.028eV  Ekin = 463.211eV (T = 194K)  Etot = -129744.817eV
Step 438:  Epot = -130209.508eV  Ekin = 464.583eV (T = 194K)  Etot = -129744.925eV
Step 439:  Epot = -130209.683eV  Ekin = 465.735eV (T = 195K)  Etot = -129743.949eV
Step 440:  Epot = -130209.549eV  Ekin = 466.251eV (T = 195K)  Etot = -129743.298eV
Step 441:  Epot = -130209.207eV  Ekin = 466.256eV (T = 195K)  Etot = -129742.951eV
Step 442:  Epot = -130208.170eV  Ekin = 465.572eV (T = 195K)  Etot = -129742.598eV
Step 443:  Epot = -130206.137eV  Ekin = 464.033eV (T = 194K)  Etot = -129742.104eV
Step 444:  Epot = -130204.714eV  Ekin = 463.255eV (T = 194K)  Etot = -129741.459eV
Step 445:  Epot = -130205.206eV  Ekin = 464.168eV (T = 194K)  Etot = -129741.038eV
Step 446:  Epot = -130206.710eV  Ekin = 466.005eV (T = 195K)  Etot = -129740.705eV
Step 447:  Epot = -130208.071eV  Ekin = 467.905eV (T = 196K)  Etot = -129740.166eV
Step 448:  Epot = -130208.568eV  Ekin = 469.128eV (T = 196K)  Etot = -129739.440eV
Step 449:  Epot = -130209.049eV  Ekin = 469.571eV (T = 196K)  Etot = -129739.478eV
Step 450:  Epot = -130208.786eV  Ekin = 470.100eV (T = 197K)  Etot = -129738.685eV
Step 451:  Epot = -130207.550eV  Ekin = 469.604eV (T = 196K)  Etot = -129737.946eV
Step 452:  Epot = -130206.172eV  Ekin = 468.959eV (T = 196K)  Etot = -129737.213eV
Step 453:  Epot = -130204.666eV  Ekin = 468.182eV (T = 196K)  Etot = -129736.483eV
Step 454:  Epot = -130203.786eV  Ekin = 467.540eV (T = 195K)  Etot = -129736.247eV
Step 455:  Epot = -130204.218eV  Ekin = 468.193eV (T = 196K)  Etot = -129736.025eV
Step 456:  Epot = -130205.652eV  Ekin = 469.924eV (T = 196K)  Etot = -129735.728eV
Step 457:  Epot = -130206.962eV  Ekin = 471.250eV (T = 197K)  Etot = -129735.712eV
Step 458:  Epot = -130207.554eV  Ekin = 472.533eV (T = 198K)  Etot = -129735.021eV
Step 459:  Epot = -130206.898eV  Ekin = 472.343eV (T = 198K)  Etot = -129734.555eV
Step 460:  Epot = -130205.584eV  Ekin = 471.664eV (T = 197K)  Etot = -129733.920eV
Step 461:  Epot = -130204.440eV  Ekin = 470.744eV (T = 197K)  Etot = -129733.696eV
Step 462:  Epot = -130202.608eV  Ekin = 469.463eV (T = 196K)  Etot = -129733.146eV
Step 463:  Epot = -130200.814eV  Ekin = 468.484eV (T = 196K)  Etot = -129732.330eV
Step 464:  Epot = -130200.481eV  Ekin = 468.576eV (T = 196K)  Etot = -129731.905eV
Step 465:  Epot = -130202.006eV  Ekin = 470.295eV (T = 197K)  Etot = -129731.711eV
Step 466:  Epot = -130203.722eV  Ekin = 472.397eV (T = 198K)  Etot = -129731.326eV
Step 467:  Epot = -130203.913eV  Ekin = 472.643eV (T = 198K)  Etot = -129731.270eV
Step 468:  Epot = -130202.667eV  Ekin = 472.000eV (T = 197K)  Etot = -129730.668eV
Step 469:  Epot = -130201.973eV  Ekin = 471.600eV (T = 197K)  Etot = -129730.373eV
Step 470:  Epot = -130202.547eV  Ekin = 472.372eV (T = 198K)  Etot = -129730.175eV
Step 471:  Epot = -130201.617eV  Ekin = 471.487eV (T = 197K)  Etot = -129730.131eV
Step 472:  Epot = -130198.373eV  Ekin = 469.090eV (T = 196K)  Etot = -129729.284eV
Step 473:  Epot = -130195.674eV  Ekin = 467.349eV (T = 195K)  Etot = -129728.324eV
Step 474:  Epot = -130196.240eV  Ekin = 468.674eV (T = 196K)  Etot = -129727.567eV
Step 475:  Epot = -130198.926eV  Ekin = 471.680eV (T = 197K)  Etot = -129727.246eV
Step 476:  Epot = -130199.825eV  Ekin = 473.000eV (T = 198K)  Etot = -129726.825eV
Step 477:  Epot = -130198.482eV  Ekin = 471.988eV (T = 197K)  Etot = -129726.494eV
Step 478:  Epot = -130197.455eV  Ekin = 471.720eV (T = 197K)  Etot = -129725.735eV
Step 479:  Epot = -130198.559eV  Ekin = 472.893eV (T = 198K)  Etot = -129725.666eV
Step 480:  Epot = -130199.833eV  Ekin = 474.394eV (T = 198K)  Etot = -129725.439eV
Step 481:  Epot = -130198.108eV  Ekin = 473.413eV (T = 198K)  Etot = -129724.695eV
Step 482:  Epot = -130195.140eV  Ekin = 471.178eV (T = 197K)  Etot = -129723.962eV
Step 483:  Epot = -130195.637eV  Ekin = 471.885eV (T = 197K)  Etot = -129723.752eV
Step 484:  Epot = -130199.127eV  Ekin = 475.912eV (T = 199K)  Etot = -129723.215eV
Step 485:  Epot = -130200.899eV  Ekin = 477.678eV (T = 200K)  Etot = -129723.221eV
Step 486:  Epot = -130199.443eV  Ekin = 476.970eV (T = 199K)  Etot = -129722.473eV
Step 487:  Epot = -130197.770eV  Ekin = 475.757eV (T = 199K)  Etot = -129722.013eV
Step 488:  Epot = -130198.452eV  Ekin = 476.618eV (T = 199K)  Etot = -129721.835eV
Step 489:  Epot = -130200.215eV  Ekin = 478.519eV (T = 200K)  Etot = -129721.696eV
Step 490:  Epot = -130199.038eV  Ekin = 477.775eV (T = 200K)  Etot = -129721.263eV
Step 491:  Epot = -130195.471eV  Ekin = 475.199eV (T = 199K)  Etot = -129720.272eV
Step 492:  Epot = -130194.115eV  Ekin = 474.299eV (T = 198K)  Etot = -129719.816eV
Step 493:  Epot = -130196.148eV  Ekin = 476.439eV (T = 199K)  Etot = -129719.709eV
Step 494:  Epot = -130197.699eV  Ekin = 478.457eV (T = 200K)  Etot = -129719.242eV
Step 495:  Epot = -130195.908eV  Ekin = 477.017eV (T = 199K)  Etot = -129718.892eV
Step 496:  Epot = -130193.135eV  Ekin = 474.621eV (T = 198K)  Etot = -129718.514eV
Step 497:  Epot = -130192.524eV  Ekin = 474.636eV (T = 198K)  Etot = -129717.888eV
Step 498:  Epot = -130194.204eV  Ekin = 476.669eV (T = 199K)  Etot = -129717.534eV
Step 499:  Epot = -130193.973eV  Ekin = 477.131eV (T = 200K)  Etot = -129716.842eV
Step 500:  Epot = -130190.406eV  Ekin = 474.741eV (T = 199K)  Etot = -129715.665eV
Step 501:  Epot = -130187.842eV  Ekin = 472.883eV (T = 198K)  Etot = -129714.959eV
Step 502:  Epot = -130189.619eV  Ekin = 474.980eV (T = 199K)  Etot = -129714.639eV
Step 503:  Epot = -130193.265eV  Ekin = 478.517eV (T = 200K)  Etot = -129714.748eV
Step 504:  Epot = -130193.877eV  Ekin = 479.520eV (T = 201K)  Etot = -129714.357eV
Step 505:  Epot = -130191.302eV  Ekin = 477.726eV (T = 200K)  Etot = -129713.576eV
Step 506:  Epot = -130189.693eV  Ekin = 476.972eV (T = 199K)  Etot = -129712.721eV
Step 507:  Epot = -130191.544eV  Ekin = 478.758eV (T = 200K)  Etot = -129712.786eV
Step 508:  Epot = -130192.983eV  Ekin = 480.891eV (T = 201K)  Etot = -129712.091eV
Step 509:  Epot = -130190.201eV  Ekin = 478.615eV (T = 200K)  Etot = -129711.586eV
Step 510:  Epot = -130186.941eV  Ekin = 475.795eV (T = 199K)  Etot = -129711.146eV
Step 511:  Epot = -130187.809eV  Ekin = 476.735eV (T = 199K)  Etot = -129711.074eV
Step 512:  Epot = -130191.379eV  Ekin = 480.185eV (T = 201K)  Etot = -129711.194eV
Step 513:  Epot = -130192.963eV  Ekin = 482.016eV (T = 202K)  Etot = -129710.946eV
Step 514:  Epot = -130190.468eV  Ekin = 479.688eV (T = 201K)  Etot = -129710.780eV
Step 515:  Epot = -130187.611eV  Ekin = 477.745eV (T = 200K)  Etot = -129709.866eV
Step 516:  Epot = -130188.572eV  Ekin = 479.190eV (T = 200K)  Etot = -129709.381eV
Step 517:  Epot = -130190.645eV  Ekin = 481.359eV (T = 201K)  Etot = -129709.286eV
Step 518:  Epot = -130188.828eV  Ekin = 480.189eV (T = 201K)  Etot = -129708.639eV
Step 519:  Epot = -130185.337eV  Ekin = 477.844eV (T = 200K)  Etot = -129707.493eV
Step 520:  Epot = -130185.394eV  Ekin = 477.881eV (T = 200K)  Etot = -129707.513eV
Step 521:  Epot = -130188.530eV  Ekin = 481.636eV (T = 201K)  Etot = -129706.895eV
Step 522:  Epot = -130190.558eV  Ekin = 484.046eV (T = 202K)  Etot = -129706.512eV
Step 523:  Epot = -130188.587eV  Ekin = 482.429eV (T = 202K)  Etot = -129706.158eV
Step 524:  Epot = -130185.050eV  Ekin = 479.501eV (T = 200K)  Etot = -129705.549eV
Step 525:  Epot = -130185.035eV  Ekin = 480.023eV (T = 201K)  Etot = -129705.012eV
Step 526:  Epot = -130187.715eV  Ekin = 482.089eV (T = 202K)  Etot = -129705.626eV
Step 527:  Epot = -130186.654eV  Ekin = 481.996eV (T = 202K)  Etot = -129704.658eV
Step 528:  Epot = -130182.142eV  Ekin = 478.358eV (T = 200K)  Etot = -129703.783eV
Step 529:  Epot = -130180.702eV  Ekin = 477.560eV (T = 200K)  Etot = -129703.142eV
Step 530:  Epot = -130183.122eV  Ekin = 480.295eV (T = 201K)  Etot = -129702.827eV
Step 531:  Epot = -130185.590eV  Ekin = 482.627eV (T = 202K)  Etot = -129702.962eV
Step 532:  Epot = -130184.364eV  Ekin = 481.529eV (T = 201K)  Etot = -129702.834eV
Step 533:  Epot = -130180.117eV  Ekin = 478.147eV (T = 200K)  Etot = -129701.970eV
Step 534:  Epot = -130178.350eV  Ekin = 476.864eV (T = 199K)  Etot = -129701.486eV
Step 535:  Epot = -130180.453eV  Ekin = 479.019eV (T = 200K)  Etot = -129701.434eV
Step 536:  Epot = -130180.752eV  Ekin = 479.661eV (T = 201K)  Etot = -129701.091eV
Step 537:  Epot = -130177.571eV  Ekin = 477.441eV (T = 200K)  Etot = -129700.129eV
Step 538:  Epot = -130176.794eV  Ekin = 477.402eV (T = 200K)  Etot = -129699.392eV
Step 539:  Epot = -130179.982eV  Ekin = 480.925eV (T = 201K)  Etot = -129699.058eV
Step 540:  Epot = -130183.191eV  Ekin = 484.473eV (T = 203K)  Etot = -129698.718eV
Step 541:  Epot = -130183.487eV  Ekin = 485.432eV (T = 203K)  Etot = -129698.055eV
Step 542:  Epot = -130181.561eV  Ekin = 484.026eV (T = 202K)  Etot = -129697.535eV
Step 543:  Epot = -130180.830eV  Ekin = 484.301eV (T = 203K)  Etot = -129696.529eV
Step 544:  Epot = -130182.857eV  Ekin = 486.458eV (T = 203K)  Etot = -129696.400eV
Step 545:  Epot = -130183.703eV  Ekin = 487.971eV (T = 204K)  Etot = -129695.732eV
Step 546:  Epot = -130181.705eV  Ekin = 487.040eV (T = 204K)  Etot = -129694.665eV
Step 547:  Epot = -130181.192eV  Ekin = 487.267eV (T = 204K)  Etot = -129693.925eV
Step 548:  Epot = -130184.228eV  Ekin = 490.783eV (T = 205K)  Etot = -129693.445eV
Step 549:  Epot = -130186.904eV  Ekin = 493.844eV (T = 206K)  Etot = -129693.059eV
Step 550:  Epot = -130186.885eV  Ekin = 493.906eV (T = 207K)  Etot = -129692.978eV
Step 551:  Epot = -130185.025eV  Ekin = 492.377eV (T = 206K)  Etot = -129692.647eV
Step 552:  Epot = -130183.674eV  Ekin = 491.582eV (T = 206K)  Etot = -129692.091eV
Step 553:  Epot = -130183.917eV  Ekin = 491.685eV (T = 206K)  Etot = -129692.232eV
Step 554:  Epot = -130183.195eV  Ekin = 491.857eV (T = 206K)  Etot = -129691.338eV
Step 555:  Epot = -130180.223eV  Ekin = 489.594eV (T = 205K)  Etot = -129690.629eV
Step 556:  Epot = -130178.696eV  Ekin = 488.703eV (T = 204K)  Etot = -129689.993eV
Step 557:  Epot = -130180.541eV  Ekin = 491.000eV (T = 205K)  Etot = -129689.540eV
Step 558:  Epot = -130182.082eV  Ekin = 492.777eV (T = 206K)  Etot = -129689.305eV
Step 559:  Epot = -130180.863eV  Ekin = 492.140eV (T = 206K)  Etot = -129688.723eV
Step 560:  Epot = -130178.790eV  Ekin = 490.586eV (T = 205K)  Etot = -129688.203eV
Step 561:  Epot = -130178.214eV  Ekin = 490.162eV (T = 205K)  Etot = -129688.053eV
Step 562:  Epot = -130178.618eV  Ekin = 490.899eV (T = 205K)  Etot = -129687.719eV
Step 563:  Epot = -130177.501eV  Ekin = 490.127eV (T = 205K)  Etot = -129687.374eV
Step 564:  Epot = -130174.319eV  Ekin = 487.674eV (T = 204K)  Etot = -129686.645eV
Step 565:  Epot = -130172.769eV  Ekin = 486.990eV (T = 204K)  Etot = -129685.778eV
Step 566:  Epot = -130174.700eV  Ekin = 489.042eV (T = 204K)  Etot = -129685.658eV
Step 567:  Epot = -130176.900eV  Ekin = 491.029eV (T = 205K)  Etot = -129685.871eV
Step 568:  Epot = -130176.253eV  Ekin = 491.081eV (T = 205K)  Etot = -129685.172eV
Step 569:  Epot = -130174.272eV  Ekin = 489.420eV (T = 205K)  Etot = -129684.852eV
Step 570:  Epot = -130173.454eV  Ekin = 488.710eV (T = 204K)  Etot = -129684.744eV
Step 571:  Epot = -130173.872eV  Ekin = 489.275eV (T = 205K)  Etot = -129684.597eV
Step 572:  Epot = -130173.060eV  Ekin = 488.264eV (T = 204K)  Etot = -129684.796eV
Step 573:  Epot = -130170.548eV  Ekin = 486.838eV (T = 204K)  Etot = -129683.710eV
Step 574:  Epot = -130169.283eV  Ekin = 485.931eV (T = 203K)  Etot = -129683.353eV
Step 575:  Epot = -130171.152eV  Ekin = 487.735eV (T = 204K)  Etot = -129683.417eV
Step 576:  Epot = -130173.553eV  Ekin = 490.110eV (T = 205K)  Etot = -129683.442eV
Step 577:  Epot = -130173.393eV  Ekin = 490.712eV (T = 205K)  Etot = -129682.681eV
Step 578:  Epot = -130172.083eV  Ekin = 489.685eV (T = 205K)  Etot = -129682.398eV
Step 579:  Epot = -130171.834eV  Ekin = 489.646eV (T = 205K)  Etot = -129682.189eV
Step 580:  Epot = -130172.482eV  Ekin = 490.625eV (T = 205K)  Etot = -129681.858eV
Step 581:  Epot = -130172.194eV  Ekin = 490.824eV (T = 205K)  Etot = -129681.370eV
Step 582:  Epot = -130170.054eV  Ekin = 489.267eV (T = 205K)  Etot = -129680.787eV
Step 583:  Epot = -130168.237eV  Ekin = 488.124eV (T = 204K)  Etot = -129680.113eV
Step 584:  Epot = -130169.062eV  Ekin = 489.049eV (T = 204K)  Etot = -129680.012eV
Step 585:  Epot = -130171.070eV  Ekin = 491.333eV (T = 205K)  Etot = -129679.737eV
Step 586:  Epot = -130171.810eV  Ekin = 492.840eV (T = 206K)  Etot = -129678.970eV
Step 587:  Epot = -130171.805eV  Ekin = 493.260eV (T = 206K)  Etot = -129678.545eV
Step 588:  Epot = -130172.036eV  Ekin = 494.142eV (T = 207K)  Etot = -129677.893eV
Step 589:  Epot = -130172.334eV  Ekin = 495.449eV (T = 207K)  Etot = -129676.885eV
Step 590:  Epot = -130171.630eV  Ekin = 495.029eV (T = 207K)  Etot = -129676.601eV
Step 591:  Epot = -130169.819eV  Ekin = 493.893eV (T = 207K)  Etot = -129675.926eV
Step 592:  Epot = -130168.537eV  Ekin = 493.063eV (T = 206K)  Etot = -129675.475eV
Step 593:  Epot = -130169.288eV  Ekin = 493.983eV (T = 207K)  Etot = -129675.305eV
Step 594:  Epot = -130170.999eV  Ekin = 495.863eV (T = 207K)  Etot = -129675.136eV
Step 595:  Epot = -130171.437eV  Ekin = 496.634eV (T = 208K)  Etot = -129674.802eV
Step 596:  Epot = -130170.855eV  Ekin = 496.305eV (T = 208K)  Etot = -129674.550eV
Step 597:  Epot = -130170.581eV  Ekin = 496.307eV (T = 208K)  Etot = -129674.274eV
Step 598:  Epot = -130170.906eV  Ekin = 497.153eV (T = 208K)  Etot = -129673.753eV
Step 599:  Epot = -130170.377eV  Ekin = 496.887eV (T = 208K)  Etot = -129673.490eV
Step 600:  Epot = -130168.751eV  Ekin = 495.511eV (T = 207K)  Etot = -129673.240eV
Step 601:  Epot = -130167.535eV  Ekin = 494.512eV (T = 207K)  Etot = -129673.024eV
Step 602:  Epot = -130167.730eV  Ekin = 495.011eV (T = 207K)  Etot = -129672.719eV
Step 603:  Epot = -130168.420eV  Ekin = 496.082eV (T = 207K)  Etot = -129672.339eV
Step 604:  Epot = -130168.353eV  Ekin = 496.511eV (T = 208K)  Etot = -129671.842eV
Step 605:  Epot = -130168.297eV  Ekin = 496.497eV (T = 208K)  Etot = -129671.800eV
Step 606:  Epot = -130169.236eV  Ekin = 497.603eV (T = 208K)  Etot = -129671.633eV
Step 607:  Epot = -130169.643eV  Ekin = 498.250eV (T = 208K)  Etot = -129671.393eV
Step 608:  Epot = -130168.694eV  Ekin = 497.561eV (T = 208K)  Etot = -129671.133eV
Step 609:  Epot = -130167.149eV  Ekin = 496.665eV (T = 208K)  Etot = -129670.485eV
Step 610:  Epot = -130166.503eV  Ekin = 496.926eV (T = 208K)  Etot = -129669.578eV
Step 611:  Epot = -130166.944eV  Ekin = 497.852eV (T = 208K)  Etot = -129669.092eV
Step 612:  Epot = -130167.397eV  Ekin = 498.517eV (T = 208K)  Etot = -129668.880eV
Step 613:  Epot = -130167.163eV  Ekin = 499.008eV (T = 209K)  Etot = -129668.156eV
Step 614:  Epot = -130167.270eV  Ekin = 499.909eV (T = 209K)  Etot = -129667.361eV
Step 615:  Epot = -130168.405eV  Ekin = 501.501eV (T = 210K)  Etot = -129666.904eV
Step 616:  Epot = -130168.806eV  Ekin = 502.419eV (T = 210K)  Etot = -129666.388eV
Step 617:  Epot = -130167.552eV  Ekin = 502.014eV (T = 210K)  Etot = -129665.538eV
Step 618:  Epot = -130165.680eV  Ekin = 500.728eV (T = 209K)  Etot = -129664.951eV
Step 619:  Epot = -130164.789eV  Ekin = 500.743eV (T = 209K)  Etot = -129664.046eV
Step 620:  Epot = -130164.943eV  Ekin = 501.334eV (T = 210K)  Etot = -129663.609eV
Step 621:  Epot = -130164.425eV  Ekin = 500.915eV (T = 209K)  Etot = -129663.510eV
Step 622:  Epot = -130162.995eV  Ekin = 500.137eV (T = 209K)  Etot = -129662.858eV
Step 623:  Epot = -130162.713eV  Ekin = 500.197eV (T = 209K)  Etot = -129662.515eV
Step 624:  Epot = -130163.935eV  Ekin = 502.103eV (T = 210K)  Etot = -129661.832eV
Step 625:  Epot = -130164.365eV  Ekin = 503.160eV (T = 210K)  Etot = -129661.205eV
Step 626:  Epot = -130162.915eV  Ekin = 501.990eV (T = 210K)  Etot = -129660.925eV
Step 627:  Epot = -130161.207eV  Ekin = 501.119eV (T = 210K)  Etot = -129660.089eV
Step 628:  Epot = -130160.725eV  Ekin = 500.686eV (T = 209K)  Etot = -129660.039eV
Step 629:  Epot = -130160.863eV  Ekin = 501.183eV (T = 210K)  Etot = -129659.679eV
Step 630:  Epot = -130160.791eV  Ekin = 501.432eV (T = 210K)  Etot = -129659.360eV
Step 631:  Epot = -130160.082eV  Ekin = 501.155eV (T = 210K)  Etot = -129658.927eV
Step 632:  Epot = -130160.246eV  Ekin = 501.709eV (T = 210K)  Etot = -129658.536eV
Step 633:  Epot = -130162.172eV  Ekin = 503.889eV (T = 211K)  Etot = -129658.283eV
Step 634:  Epot = -130163.406eV  Ekin = 505.569eV (T = 211K)  Etot = -129657.838eV
Step 635:  Epot = -130162.698eV  Ekin = 505.619eV (T = 211K)  Etot = -129657.079eV
Step 636:  Epot = -130161.852eV  Ekin = 505.243eV (T = 211K)  Etot = -129656.609eV
Step 637:  Epot = -130162.941eV  Ekin = 506.409eV (T = 212K)  Etot = -129656.533eV
Step 638:  Epot = -130164.192eV  Ekin = 508.275eV (T = 213K)  Etot = -129655.917eV
Step 639:  Epot = -130163.147eV  Ekin = 507.444eV (T = 212K)  Etot = -129655.703eV
Step 640:  Epot = -130160.999eV  Ekin = 505.953eV (T = 212K)  Etot = -129655.046eV
Step 641:  Epot = -130160.442eV  Ekin = 505.599eV (T = 211K)  Etot = -129654.843eV
Step 642:  Epot = -130162.410eV  Ekin = 507.759eV (T = 212K)  Etot = -129654.651eV
Step 643:  Epot = -130163.593eV  Ekin = 509.254eV (T = 213K)  Etot = -129654.339eV
Step 644:  Epot = -130161.975eV  Ekin = 508.094eV (T = 212K)  Etot = -129653.881eV
Step 645:  Epot = -130159.838eV  Ekin = 506.409eV (T = 212K)  Etot = -129653.428eV
Step 646:  Epot = -130160.263eV  Ekin = 507.164eV (T = 212K)  Etot = -129653.099eV
Step 647:  Epot = -130162.163eV  Ekin = 509.041eV (T = 213K)  Etot = -129653.122eV
Step 648:  Epot = -130161.244eV  Ekin = 508.673eV (T = 213K)  Etot = -129652.571eV
Step 649:  Epot = -130157.855eV  Ekin = 505.922eV (T = 212K)  Etot = -129651.933eV
Step 650:  Epot = -130156.219eV  Ekin = 505.053eV (T = 211K)  Etot = -129651.166eV
Step 651:  Epot = -130158.096eV  Ekin = 507.295eV (T = 212K)  Etot = -129650.801eV
Step 652:  Epot = -130159.831eV  Ekin = 509.244eV (T = 213K)  Etot = -129650.588eV
Step 653:  Epot = -130158.298eV  Ekin = 508.681eV (T = 213K)  Etot = -129649.617eV
Step 654:  Epot = -130155.843eV  Ekin = 506.294eV (T = 212K)  Etot = -129649.550eV
Step 655:  Epot = -130156.572eV  Ekin = 507.152eV (T = 212K)  Etot = -129649.420eV
Step 656:  Epot = -130159.573eV  Ekin = 510.178eV (T = 213K)  Etot = -129649.395eV
Step 657:  Epot = -130159.444eV  Ekin = 510.030eV (T = 213K)  Etot = -129649.414eV
Step 658:  Epot = -130155.831eV  Ekin = 507.208eV (T = 212K)  Etot = -129648.623eV
Step 659:  Epot = -130153.761eV  Ekin = 505.481eV (T = 211K)  Etot = -129648.280eV
Step 660:  Epot = -130155.140eV  Ekin = 506.632eV (T = 212K)  Etot = -129648.508eV
Step 661:  Epot = -130156.995eV  Ekin = 508.578eV (T = 213K)  Etot = -129648.417eV
Step 662:  Epot = -130155.713eV  Ekin = 507.727eV (T = 212K)  Etot = -129647.986eV
Step 663:  Epot = -130153.184eV  Ekin = 505.771eV (T = 211K)  Etot = -129647.414eV
Step 664:  Epot = -130153.462eV  Ekin = 506.338eV (T = 212K)  Etot = -129647.124eV
Step 665:  Epot = -130156.383eV  Ekin = 509.256eV (T = 213K)  Etot = -129647.127eV
Step 666:  Epot = -130156.470eV  Ekin = 509.551eV (T = 213K)  Etot = -129646.919eV
Step 667:  Epot = -130153.029eV  Ekin = 507.013eV (T = 212K)  Etot = -129646.017eV
Step 668:  Epot = -130150.714eV  Ekin = 505.112eV (T = 211K)  Etot = -129645.601eV
Step 669:  Epot = -130151.089eV  Ekin = 505.753eV (T = 211K)  Etot = -129645.336eV
Step 670:  Epot = -130152.458eV  Ekin = 507.180eV (T = 212K)  Etot = -129645.278eV
Step 671:  Epot = -130151.981eV  Ekin = 507.228eV (T = 212K)  Etot = -129644.753eV
Step 672:  Epot = -130149.785eV  Ekin = 505.680eV (T = 211K)  Etot = -129644.105eV
Step 673:  Epot = -130149.125eV  Ekin = 505.680eV (T = 211K)  Etot = -129643.446eV
Step 674:  Epot = -130151.350eV  Ekin = 508.451eV (T = 213K)  Etot = -129642.900eV
Step 675:  Epot = -130152.208eV  Ekin = 509.748eV (T = 213K)  Etot = -129642.460eV
Step 676:  Epot = -130150.274eV  Ekin = 508.449eV (T = 213K)  Etot = -129641.826eV
Step 677:  Epot = -130148.990eV  Ekin = 508.055eV (T = 212K)  Etot = -129640.934eV
Step 678:  Epot = -130149.569eV  Ekin = 508.811eV (T = 213K)  Etot = -129640.758eV
Step 679:  Epot = -130150.782eV  Ekin = 510.255eV (T = 213K)  Etot = -129640.527eV
Step 680:  Epot = -130151.331eV  Ekin = 510.989eV (T = 214K)  Etot = -129640.342eV
Step 681:  Epot = -130150.002eV  Ekin = 510.084eV (T = 213K)  Etot = -129639.919eV
Step 682:  Epot = -130149.345eV  Ekin = 509.894eV (T = 213K)  Etot = -129639.452eV
Step 683:  Epot = -130151.145eV  Ekin = 511.889eV (T = 214K)  Etot = -129639.256eV
Step 684:  Epot = -130151.734eV  Ekin = 512.436eV (T = 214K)  Etot = -129639.297eV
Step 685:  Epot = -130149.501eV  Ekin = 511.148eV (T = 214K)  Etot = -129638.353eV
Step 686:  Epot = -130147.950eV  Ekin = 510.096eV (T = 213K)  Etot = -129637.854eV
Step 687:  Epot = -130147.747eV  Ekin = 510.497eV (T = 213K)  Etot = -129637.251eV
Step 688:  Epot = -130147.334eV  Ekin = 511.019eV (T = 214K)  Etot = -129636.315eV
Step 689:  Epot = -130146.661eV  Ekin = 510.762eV (T = 214K)  Etot = -129635.899eV
Step 690:  Epot = -130144.728eV  Ekin = 508.932eV (T = 213K)  Etot = -129635.796eV
Step 691:  Epot = -130142.951eV  Ekin = 507.677eV (T = 212K)  Etot = -129635.274eV
Step 692:  Epot = -130144.404eV  Ekin = 509.476eV (T = 213K)  Etot = -129634.928eV
Step 693:  Epot = -130145.616eV  Ekin = 510.731eV (T = 214K)  Etot = -129634.885eV
Step 694:  Epot = -130143.683eV  Ekin = 509.520eV (T = 213K)  Etot = -129634.163eV
Step 695:  Epot = -130142.342eV  Ekin = 508.367eV (T = 213K)  Etot = -129633.974eV
Step 696:  Epot = -130142.881eV  Ekin = 508.856eV (T = 213K)  Etot = -129634.024eV
Step 697:  Epot = -130143.069eV  Ekin = 509.335eV (T = 213K)  Etot = -129633.734eV
Step 698:  Epot = -130142.829eV  Ekin = 509.180eV (T = 213K)  Etot = -129633.649eV
Step 699:  Epot = -130141.728eV  Ekin = 508.284eV (T = 213K)  Etot = -129633.444eV
Step 700:  Epot = -130140.116eV  Ekin = 507.703eV (T = 212K)  Etot = -129632.414eV
Step 701:  Epot = -130141.175eV  Ekin = 509.098eV (T = 213K)  Etot = -129632.078eV
Step 702:  Epot = -130143.313eV  Ekin = 511.012eV (T = 214K)  Etot = -129632.300eV
Step 703:  Epot = -130142.971eV  Ekin = 511.491eV (T = 214K)  Etot = -129631.480eV
Step 704:  Epot = -130142.912eV  Ekin = 512.376eV (T = 214K)  Etot = -129630.537eV
Step 705:  Epot = -130144.720eV  Ekin = 513.932eV (T = 215K)  Etot = -129630.788eV
Step 706:  Epot = -130145.343eV  Ekin = 515.277eV (T = 215K)  Etot = -129630.066eV
Step 707:  Epot = -130144.893eV  Ekin = 515.314eV (T = 215K)  Etot = -129629.579eV
Step 708:  Epot = -130144.388eV  Ekin = 515.034eV (T = 215K)  Etot = -129629.353eV
Step 709:  Epot = -130143.091eV  Ekin = 514.327eV (T = 215K)  Etot = -129628.764eV
Step 710:  Epot = -130143.392eV  Ekin = 515.063eV (T = 215K)  Etot = -129628.329eV
Step 711:  Epot = -130145.593eV  Ekin = 517.446eV (T = 216K)  Etot = -129628.147eV
Step 712:  Epot = -130145.583eV  Ekin = 518.156eV (T = 217K)  Etot = -129627.427eV
Step 713:  Epot = -130144.449eV  Ekin = 517.715eV (T = 216K)  Etot = -129626.734eV
Step 714:  Epot = -130144.905eV  Ekin = 518.631eV (T = 217K)  Etot = -129626.275eV
Step 715:  Epot = -130145.088eV  Ekin = 519.471eV (T = 217K)  Etot = -129625.617eV
Step 716:  Epot = -130144.014eV  Ekin = 519.221eV (T = 217K)  Etot = -129624.793eV
Step 717:  Epot = -130142.709eV  Ekin = 518.201eV (T = 217K)  Etot = -129624.508eV
Step 718:  Epot = -130140.814eV  Ekin = 516.730eV (T = 216K)  Etot = -129624.084eV
Step 719:  Epot = -130140.263eV  Ekin = 516.708eV (T = 216K)  Etot = -129623.555eV
Step 720:  Epot = -130141.674eV  Ekin = 518.619eV (T = 217K)  Etot = -129623.056eV
Step 721:  Epot = -130141.481eV  Ekin = 519.088eV (T = 217K)  Etot = -129622.393eV
Step 722:  Epot = -130140.093eV  Ekin = 518.375eV (T = 217K)  Etot = -129621.718eV
Step 723:  Epot = -130140.537eV  Ekin = 518.974eV (T = 217K)  Etot = -129621.562eV
Step 724:  Epot = -130141.502eV  Ekin = 519.917eV (T = 217K)  Etot = -129621.586eV
Step 725:  Epot = -130141.356eV  Ekin = 520.113eV (T = 217K)  Etot = -129621.243eV
Step 726:  Epot = -130140.595eV  Ekin = 519.430eV (T = 217K)  Etot = -129621.165eV
Step 727:  Epot = -130138.525eV  Ekin = 517.890eV (T = 217K)  Etot = -129620.635eV
Step 728:  Epot = -130137.059eV  Ekin = 516.618eV (T = 216K)  Etot = -129620.441eV
Step 729:  Epot = -130138.203eV  Ekin = 517.671eV (T = 216K)  Etot = -129620.532eV
Step 730:  Epot = -130138.937eV  Ekin = 518.681eV (T = 217K)  Etot = -129620.255eV
Step 731:  Epot = -130138.320eV  Ekin = 518.452eV (T = 217K)  Etot = -129619.868eV
Step 732:  Epot = -130138.664eV  Ekin = 519.050eV (T = 217K)  Etot = -129619.615eV
Step 733:  Epot = -130139.806eV  Ekin = 520.235eV (T = 218K)  Etot = -129619.572eV
Step 734:  Epot = -130140.229eV  Ekin = 521.071eV (T = 218K)  Etot = -129619.158eV
Step 735:  Epot = -130139.726eV  Ekin = 520.840eV (T = 218K)  Etot = -129618.886eV
Step 736:  Epot = -130138.176eV  Ekin = 519.913eV (T = 217K)  Etot = -129618.263eV
Step 737:  Epot = -130136.864eV  Ekin = 518.920eV (T = 217K)  Etot = -129617.944eV
Step 738:  Epot = -130138.016eV  Ekin = 520.402eV (T = 218K)  Etot = -129617.615eV
Step 739:  Epot = -130138.550eV  Ekin = 521.247eV (T = 218K)  Etot = -129617.303eV
Step 740:  Epot = -130137.168eV  Ekin = 520.443eV (T = 218K)  Etot = -129616.724eV
Step 741:  Epot = -130137.086eV  Ekin = 520.387eV (T = 218K)  Etot = -129616.699eV
Step 742:  Epot = -130138.850eV  Ekin = 522.162eV (T = 218K)  Etot = -129616.688eV
Step 743:  Epot = -130140.023eV  Ekin = 524.290eV (T = 219K)  Etot = -129615.733eV
Step 744:  Epot = -130139.176eV  Ekin = 523.427eV (T = 219K)  Etot = -129615.749eV
Step 745:  Epot = -130136.891eV  Ekin = 521.518eV (T = 218K)  Etot = -129615.372eV
Step 746:  Epot = -130135.103eV  Ekin = 520.671eV (T = 218K)  Etot = -129614.432eV
Step 747:  Epot = -130135.594eV  Ekin = 521.363eV (T = 218K)  Etot = -129614.231eV
Step 748:  Epot = -130135.717eV  Ekin = 521.766eV (T = 218K)  Etot = -129613.950eV
Step 749:  Epot = -130133.668eV  Ekin = 520.855eV (T = 218K)  Etot = -129612.813eV
Step 750:  Epot = -130132.452eV  Ekin = 519.994eV (T = 217K)  Etot = -129612.459eV
Step 751:  Epot = -130133.675eV  Ekin = 521.851eV (T = 218K)  Etot = -129611.824eV
Step 752:  Epot = -130135.201eV  Ekin = 523.619eV (T = 219K)  Etot = -129611.582eV
Step 753:  Epot = -130134.952eV  Ekin = 524.012eV (T = 219K)  Etot = -129610.940eV
Step 754:  Epot = -130132.867eV  Ekin = 522.380eV (T = 218K)  Etot = -129610.486eV
Step 755:  Epot = -130131.487eV  Ekin = 521.108eV (T = 218K)  Etot = -129610.379eV
Step 756:  Epot = -130132.107eV  Ekin = 521.652eV (T = 218K)  Etot = -129610.456eV
Step 757:  Epot = -130132.486eV  Ekin = 522.829eV (T = 219K)  Etot = -129609.657eV
Step 758:  Epot = -130130.717eV  Ekin = 521.705eV (T = 218K)  Etot = -129609.012eV
Step 759:  Epot = -130130.251eV  Ekin = 522.037eV (T = 218K)  Etot = -129608.214eV
Step 760:  Epot = -130132.367eV  Ekin = 524.164eV (T = 219K)  Etot = -129608.203eV
Step 761:  Epot = -130134.427eV  Ekin = 526.533eV (T = 220K)  Etot = -129607.894eV
Step 762:  Epot = -130134.779eV  Ekin = 527.103eV (T = 220K)  Etot = -129607.676eV
Step 763:  Epot = -130133.708eV  Ekin = 526.518eV (T = 220K)  Etot = -129607.191eV
Step 764:  Epot = -130132.793eV  Ekin = 526.154eV (T = 220K)  Etot = -129606.639eV
Step 765:  Epot = -130133.080eV  Ekin = 526.557eV (T = 220K)  Etot = -129606.523eV
Step 766:  Epot = -130133.157eV  Ekin = 526.805eV (T = 220K)  Etot = -129606.352eV
Step 767:  Epot = -130131.803eV  Ekin = 525.458eV (T = 220K)  Etot = -129606.345eV
Step 768:  Epot = -130131.633eV  Ekin = 525.858eV (T = 220K)  Etot = -129605.775eV
Step 769:  Epot = -130133.523eV  Ekin = 528.100eV (T = 221K)  Etot = -129605.423eV
Step 770:  Epot = -130135.086eV  Ekin = 529.565eV (T = 221K)  Etot = -129605.520eV
Step 771:  Epot = -130134.978eV  Ekin = 529.810eV (T = 222K)  Etot = -129605.169eV
Step 772:  Epot = -130134.071eV  Ekin = 528.933eV (T = 221K)  Etot = -129605.138eV
Step 773:  Epot = -130133.249eV  Ekin = 528.524eV (T = 221K)  Etot = -129604.724eV
Step 774:  Epot = -130132.841eV  Ekin = 528.852eV (T = 221K)  Etot = -129603.989eV
Step 775:  Epot = -130132.037eV  Ekin = 528.292eV (T = 221K)  Etot = -129603.745eV
Step 776:  Epot = -130129.786eV  Ekin = 526.621eV (T = 220K)  Etot = -129603.165eV
Step 777:  Epot = -130129.160eV  Ekin = 526.151eV (T = 220K)  Etot = -129603.010eV
Step 778:  Epot = -130131.750eV  Ekin = 528.727eV (T = 221K)  Etot = -129603.023eV
Step 779:  Epot = -130133.799eV  Ekin = 530.818eV (T = 222K)  Etot = -129602.981eV
Step 780:  Epot = -130133.654eV  Ekin = 531.508eV (T = 222K)  Etot = -129602.146eV
Step 781:  Epot = -130133.432eV  Ekin = 531.618eV (T = 222K)  Etot = -129601.814eV
Step 782:  Epot = -130132.980eV  Ekin = 531.431eV (T = 222K)  Etot = -129601.548eV
Step 783:  Epot = -130132.307eV  Ekin = 531.138eV (T = 222K)  Etot = -129601.169eV
Step 784:  Epot = -130131.694eV  Ekin = 530.760eV (T = 222K)  Etot = -129600.934eV
Step 785:  Epot = -130130.098eV  Ekin = 529.410eV (T = 221K)  Etot = -129600.687eV
Step 786:  Epot = -130129.057eV  Ekin = 528.873eV (T = 221K)  Etot = -129600.184eV
Step 787:  Epot = -130130.340eV  Ekin = 530.035eV (T = 222K)  Etot = -129600.305eV
Step 788:  Epot = -130131.572eV  Ekin = 531.430eV (T = 222K)  Etot = -129600.142eV
Step 789:  Epot = -130131.103eV  Ekin = 531.659eV (T = 222K)  Etot = -129599.444eV
Step 790:  Epot = -130131.435eV  Ekin = 532.310eV (T = 223K)  Etot = -129599.124eV
Step 791:  Epot = -130131.910eV  Ekin = 532.769eV (T = 223K)  Etot = -129599.141eV
Step 792:  Epot = -130130.866eV  Ekin = 532.171eV (T = 223K)  Etot = -129598.696eV
Step 793:  Epot = -130129.113eV  Ekin = 531.052eV (T = 222K)  Etot = -129598.061eV
Step 794:  Epot = -130127.124eV  Ekin = 529.249eV (T = 221K)  Etot = -129597.876eV
Step 795:  Epot = -130125.543eV  Ekin = 528.180eV (T = 221K)  Etot = -129597.363eV
Step 796:  Epot = -130125.848eV  Ekin = 529.098eV (T = 221K)  Etot = -129596.750eV
Step 797:  Epot = -130126.703eV  Ekin = 530.456eV (T = 222K)  Etot = -129596.247eV
Step 798:  Epot = -130126.364eV  Ekin = 530.364eV (T = 222K)  Etot = -129596.001eV
Step 799:  Epot = -130126.997eV  Ekin = 531.169eV (T = 222K)  Etot = -129595.828eV
Step 800:  Epot = -130128.354eV  Ekin = 532.833eV (T = 223K)  Etot = -129595.521eV
Step 801:  Epot = -130127.555eV  Ekin = 532.123eV (T = 222K)  Etot = -129595.432eV
Step 802:  Epot = -130125.881eV  Ekin = 531.134eV (T = 222K)  Etot = -129594.747eV
Step 803:  Epot = -130125.096eV  Ekin = 530.493eV (T = 222K)  Etot = -129594.602eV
Step 804:  Epot = -130124.026eV  Ekin = 530.175eV (T = 222K)  Etot = -129593.851eV
Step 805:  Epot = -130123.608eV  Ekin = 530.265eV (T = 222K)  Etot = -129593.343eV
Step 806:  Epot = -130124.506eV  Ekin = 531.357eV (T = 222K)  Etot = -129593.150eV
Step 807:  Epot = -130124.813eV  Ekin = 532.057eV (T = 222K)  Etot = -129592.756eV
Step 808:  Epot = -130124.983eV  Ekin = 532.588eV (T = 223K)  Etot = -129592.395eV
Step 809:  Epot = -130126.483eV  Ekin = 534.238eV (T = 223K)  Etot = -129592.245eV
Step 810:  Epot = -130126.687eV  Ekin = 534.646eV (T = 224K)  Etot = -129592.041eV
Step 811:  Epot = -130125.303eV  Ekin = 533.933eV (T = 223K)  Etot = -129591.370eV
Step 812:  Epot = -130124.974eV  Ekin = 533.247eV (T = 223K)  Etot = -129591.727eV
Step 813:  Epot = -130124.696eV  Ekin = 533.433eV (T = 223K)  Etot = -129591.263eV
Step 814:  Epot = -130123.859eV  Ekin = 532.694eV (T = 223K)  Etot = -129591.165eV
Step 815:  Epot = -130124.156eV  Ekin = 533.441eV (T = 223K)  Etot = -129590.715eV
Step 816:  Epot = -130125.095eV  Ekin = 534.500eV (T = 223K)  Etot = -129590.595eV
Step 817:  Epot = -130125.444eV  Ekin = 535.272eV (T = 224K)  Etot = -129590.172eV
Step 818:  Epot = -130127.098eV  Ekin = 537.128eV (T = 225K)  Etot = -129589.969eV
Step 819:  Epot = -130127.812eV  Ekin = 538.090eV (T = 225K)  Etot = -129589.722eV
Step 820:  Epot = -130125.599eV  Ekin = 535.949eV (T = 224K)  Etot = -129589.650eV
Step 821:  Epot = -130124.286eV  Ekin = 535.151eV (T = 224K)  Etot = -129589.135eV
Step 822:  Epot = -130124.343eV  Ekin = 535.192eV (T = 224K)  Etot = -129589.151eV
Step 823:  Epot = -130123.567eV  Ekin = 534.529eV (T = 224K)  Etot = -129589.038eV
Step 824:  Epot = -130123.094eV  Ekin = 534.453eV (T = 223K)  Etot = -129588.640eV
Step 825:  Epot = -130123.547eV  Ekin = 534.999eV (T = 224K)  Etot = -129588.548eV
Step 826:  Epot = -130124.045eV  Ekin = 535.596eV (T = 224K)  Etot = -129588.449eV
Step 827:  Epot = -130125.233eV  Ekin = 537.266eV (T = 225K)  Etot = -129587.967eV
Step 828:  Epot = -130125.587eV  Ekin = 538.031eV (T = 225K)  Etot = -129587.555eV
Step 829:  Epot = -130123.805eV  Ekin = 537.307eV (T = 225K)  Etot = -129586.498eV
Step 830:  Epot = -130122.682eV  Ekin = 536.662eV (T = 224K)  Etot = -129586.021eV
Step 831:  Epot = -130122.952eV  Ekin = 536.574eV (T = 224K)  Etot = -129586.379eV
Step 832:  Epot = -130121.610eV  Ekin = 535.989eV (T = 224K)  Etot = -129585.621eV
Step 833:  Epot = -130119.480eV  Ekin = 534.509eV (T = 223K)  Etot = -129584.971eV
Step 834:  Epot = -130119.204eV  Ekin = 534.406eV (T = 223K)  Etot = -129584.798eV
Step 835:  Epot = -130120.407eV  Ekin = 535.728eV (T = 224K)  Etot = -129584.679eV
Step 836:  Epot = -130121.626eV  Ekin = 537.214eV (T = 225K)  Etot = -129584.412eV
Step 837:  Epot = -130121.584eV  Ekin = 537.666eV (T = 225K)  Etot = -129583.918eV
Step 838:  Epot = -130119.991eV  Ekin = 536.478eV (T = 224K)  Etot = -129583.513eV
Step 839:  Epot = -130119.104eV  Ekin = 536.363eV (T = 224K)  Etot = -129582.741eV
Step 840:  Epot = -130120.202eV  Ekin = 537.089eV (T = 225K)  Etot = -129583.113eV
Step 841:  Epot = -130120.463eV  Ekin = 537.654eV (T = 225K)  Etot = -129582.809eV
Step 842:  Epot = -130118.657eV  Ekin = 536.386eV (T = 224K)  Etot = -129582.271eV
Step 843:  Epot = -130118.114eV  Ekin = 536.199eV (T = 224K)  Etot = -129581.914eV
Step 844:  Epot = -130120.453eV  Ekin = 538.573eV (T = 225K)  Etot = -129581.881eV
Step 845:  Epot = -130123.287eV  Ekin = 541.395eV (T = 226K)  Etot = -129581.892eV
Step 846:  Epot = -130123.844eV  Ekin = 542.634eV (T = 227K)  Etot = -129581.210eV
Step 847:  Epot = -130122.322eV  Ekin = 541.696eV (T = 227K)  Etot = -129580.626eV
Step 848:  Epot = -130121.734eV  Ekin = 541.506eV (T = 226K)  Etot = -129580.228eV
Step 849:  Epot = -130123.216eV  Ekin = 543.436eV (T = 227K)  Etot = -129579.780eV
Step 850:  Epot = -130124.241eV  Ekin = 544.600eV (T = 228K)  Etot = -129579.641eV
Step 851:  Epot = -130122.913eV  Ekin = 543.536eV (T = 227K)  Etot = -129579.378eV
Step 852:  Epot = -130121.332eV  Ekin = 542.466eV (T = 227K)  Etot = -129578.866eV
Step 853:  Epot = -130122.439eV  Ekin = 543.719eV (T = 227K)  Etot = -129578.720eV
Step 854:  Epot = -130124.836eV  Ekin = 546.241eV (T = 228K)  Etot = -129578.595eV
Step 855:  Epot = -130124.569eV  Ekin = 546.074eV (T = 228K)  Etot = -129578.495eV
Step 856:  Epot = -130121.842eV  Ekin = 543.848eV (T = 227K)  Etot = -129577.994eV
Step 857:  Epot = -130120.277eV  Ekin = 542.476eV (T = 227K)  Etot = -129577.802eV
Step 858:  Epot = -130120.929eV  Ekin = 543.290eV (T = 227K)  Etot = -129577.639eV
Step 859:  Epot = -130121.778eV  Ekin = 543.893eV (T = 227K)  Etot = -129577.885eV
Step 860:  Epot = -130120.477eV  Ekin = 542.876eV (T = 227K)  Etot = -129577.601eV
Step 861:  Epot = -130118.076eV  Ekin = 541.131eV (T = 226K)  Etot = -129576.945eV
Step 862:  Epot = -130118.224eV  Ekin = 541.813eV (T = 227K)  Etot = -129576.411eV
Step 863:  Epot = -130120.904eV  Ekin = 544.064eV (T = 227K)  Etot = -129576.840eV
Step 864:  Epot = -130121.637eV  Ekin = 545.491eV (T = 228K)  Etot = -129576.146eV
Step 865:  Epot = -130119.361eV  Ekin = 543.714eV (T = 227K)  Etot = -129575.647eV
Step 866:  Epot = -130118.093eV  Ekin = 542.935eV (T = 227K)  Etot = -129575.158eV
Step 867:  Epot = -130118.515eV  Ekin = 543.936eV (T = 227K)  Etot = -129574.579eV
Step 868:  Epot = -130118.933eV  Ekin = 544.430eV (T = 228K)  Etot = -129574.504eV
Step 869:  Epot = -130118.150eV  Ekin = 543.614eV (T = 227K)  Etot = -129574.537eV
Step 870:  Epot = -130116.137eV  Ekin = 542.152eV (T = 227K)  Etot = -129573.985eV
Step 871:  Epot = -130115.934eV  Ekin = 542.706eV (T = 227K)  Etot = -129573.228eV
Step 872:  Epot = -130118.538eV  Ekin = 545.658eV (T = 228K)  Etot = -129572.881eV
Step 873:  Epot = -130119.210eV  Ekin = 546.423eV (T = 228K)  Etot = -129572.788eV
Step 874:  Epot = -130116.528eV  Ekin = 544.507eV (T = 228K)  Etot = -129572.021eV
Step 875:  Epot = -130114.553eV  Ekin = 542.528eV (T = 227K)  Etot = -129572.025eV
Step 876:  Epot = -130114.841eV  Ekin = 543.184eV (T = 227K)  Etot = -129571.656eV
Step 877:  Epot = -130115.084eV  Ekin = 543.381eV (T = 227K)  Etot = -129571.703eV
Step 878:  Epot = -130113.852eV  Ekin = 542.676eV (T = 227K)  Etot = -129571.176eV
Step 879:  Epot = -130111.859eV  Ekin = 540.864eV (T = 226K)  Etot = -129570.995eV
Step 880:  Epot = -130110.875eV  Ekin = 540.214eV (T = 226K)  Etot = -129570.661eV
Step 881:  Epot = -130112.702eV  Ekin = 542.173eV (T = 227K)  Etot = -129570.528eV
Step 882:  Epot = -130114.344eV  Ekin = 543.758eV (T = 227K)  Etot = -129570.586eV
Step 883:  Epot = -130113.050eV  Ekin = 543.008eV (T = 227K)  Etot = -129570.041eV
Step 884:  Epot = -130111.398eV  Ekin = 541.624eV (T = 226K)  Etot = -129569.775eV
Step 885:  Epot = -130111.343eV  Ekin = 541.318eV (T = 226K)  Etot = -129570.025eV
Step 886:  Epot = -130111.602eV  Ekin = 541.615eV (T = 226K)  Etot = -129569.986eV
Step 887:  Epot = -130111.740eV  Ekin = 542.301eV (T = 227K)  Etot = -129569.439eV
Step 888:  Epot = -130112.259eV  Ekin = 543.368eV (T = 227K)  Etot = -129568.892eV
Step 889:  Epot = -130113.308eV  Ekin = 544.719eV (T = 228K)  Etot = -129568.590eV
Step 890:  Epot = -130114.981eV  Ekin = 546.615eV (T = 229K)  Etot = -129568.366eV
Step 891:  Epot = -130116.244eV  Ekin = 547.920eV (T = 229K)  Etot = -129568.324eV
Step 892:  Epot = -130116.044eV  Ekin = 547.692eV (T = 229K)  Etot = -129568.352eV
Step 893:  Epot = -130115.146eV  Ekin = 546.678eV (T = 229K)  Etot = -129568.468eV
Step 894:  Epot = -130114.745eV  Ekin = 546.168eV (T = 228K)  Etot = -129568.577eV
Step 895:  Epot = -130114.473eV  Ekin = 546.066eV (T = 228K)  Etot = -129568.407eV
Step 896:  Epot = -130114.044eV  Ekin = 546.026eV (T = 228K)  Etot = -129568.017eV
Step 897:  Epot = -130114.283eV  Ekin = 546.714eV (T = 229K)  Etot = -129567.569eV
Step 898:  Epot = -130114.726eV  Ekin = 547.428eV (T = 229K)  Etot = -129567.298eV
Step 899:  Epot = -130114.909eV  Ekin = 548.061eV (T = 229K)  Etot = -129566.849eV
Step 900:  Epot = -130115.109eV  Ekin = 548.568eV (T = 229K)  Etot = -129566.541eV
Step 901:  Epot = -130115.041eV  Ekin = 549.444eV (T = 230K)  Etot = -129565.597eV
Step 902:  Epot = -130114.192eV  Ekin = 549.400eV (T = 230K)  Etot = -129564.792eV
Step 903:  Epot = -130112.556eV  Ekin = 547.945eV (T = 229K)  Etot = -129564.611eV
Step 904:  Epot = -130110.668eV  Ekin = 546.447eV (T = 228K)  Etot = -129564.220eV
Step 905:  Epot = -130109.321eV  Ekin = 545.659eV (T = 228K)  Etot = -129563.662eV
Step 906:  Epot = -130109.444eV  Ekin = 546.035eV (T = 228K)  Etot = -129563.409eV
Step 907:  Epot = -130110.007eV  Ekin = 546.894eV (T = 229K)  Etot = -129563.114eV
Step 908:  Epot = -130109.940eV  Ekin = 547.396eV (T = 229K)  Etot = -129562.545eV
Step 909:  Epot = -130109.762eV  Ekin = 547.547eV (T = 229K)  Etot = -129562.216eV
Step 910:  Epot = -130110.668eV  Ekin = 548.650eV (T = 229K)  Etot = -129562.018eV
Step 911:  Epot = -130111.531eV  Ekin = 550.076eV (T = 230K)  Etot = -129561.455eV
Step 912:  Epot = -130110.479eV  Ekin = 549.421eV (T = 230K)  Etot = -129561.058eV
Step 913:  Epot = -130108.661eV  Ekin = 547.994eV (T = 229K)  Etot = -129560.666eV
Step 914:  Epot = -130108.024eV  Ekin = 547.782eV (T = 229K)  Etot = -129560.242eV
Step 915:  Epot = -130109.276eV  Ekin = 549.248eV (T = 230K)  Etot = -129560.028eV
Step 916:  Epot = -130111.419eV  Ekin = 551.280eV (T = 231K)  Etot = -129560.139eV
Step 917:  Epot = -130111.728eV  Ekin = 551.584eV (T = 231K)  Etot = -129560.144eV
Step 918:  Epot = -130111.003eV  Ekin = 551.352eV (T = 231K)  Etot = -129559.652eV
Step 919:  Epot = -130111.822eV  Ekin = 552.511eV (T = 231K)  Etot = -129559.310eV
Step 920:  Epot = -130113.569eV  Ekin = 554.414eV (T = 232K)  Etot = -129559.155eV
Step 921:  Epot = -130112.922eV  Ekin = 554.605eV (T = 232K)  Etot = -129558.317eV
Step 922:  Epot = -130110.540eV  Ekin = 552.821eV (T = 231K)  Etot = -129557.719eV
Step 923:  Epot = -130108.726eV  Ekin = 551.559eV (T = 231K)  Etot = -129557.167eV
Step 924:  Epot = -130108.919eV  Ekin = 552.056eV (T = 231K)  Etot = -129556.862eV
Step 925:  Epot = -130110.217eV  Ekin = 553.589eV (T = 231K)  Etot = -129556.628eV
Step 926:  Epot = -130110.084eV  Ekin = 553.899eV (T = 232K)  Etot = -129556.185eV
Step 927:  Epot = -130108.840eV  Ekin = 552.920eV (T = 231K)  Etot = -129555.920eV
Step 928:  Epot = -130108.797eV  Ekin = 553.192eV (T = 231K)  Etot = -129555.605eV
Step 929:  Epot = -130110.260eV  Ekin = 554.799eV (T = 232K)  Etot = -129555.461eV
Step 930:  Epot = -130109.708eV  Ekin = 554.470eV (T = 232K)  Etot = -129555.238eV
Step 931:  Epot = -130107.130eV  Ekin = 552.239eV (T = 231K)  Etot = -129554.892eV
Step 932:  Epot = -130104.588eV  Ekin = 549.958eV (T = 230K)  Etot = -129554.629eV
Step 933:  Epot = -130104.251eV  Ekin = 549.995eV (T = 230K)  Etot = -129554.256eV
Step 934:  Epot = -130105.895eV  Ekin = 551.766eV (T = 231K)  Etot = -129554.129eV
Step 935:  Epot = -130106.547eV  Ekin = 552.852eV (T = 231K)  Etot = -129553.695eV
Step 936:  Epot = -130105.441eV  Ekin = 552.361eV (T = 231K)  Etot = -129553.080eV
Step 937:  Epot = -130104.990eV  Ekin = 552.562eV (T = 231K)  Etot = -129552.428eV
Step 938:  Epot = -130106.970eV  Ekin = 554.423eV (T = 232K)  Etot = -129552.547eV
Step 939:  Epot = -130107.873eV  Ekin = 555.793eV (T = 232K)  Etot = -129552.080eV
Step 940:  Epot = -130106.210eV  Ekin = 554.682eV (T = 232K)  Etot = -129551.527eV
Step 941:  Epot = -130104.363eV  Ekin = 553.043eV (T = 231K)  Etot = -129551.321eV
Step 942:  Epot = -130104.180eV  Ekin = 553.454eV (T = 231K)  Etot = -129550.727eV
Step 943:  Epot = -130105.066eV  Ekin = 554.384eV (T = 232K)  Etot = -129550.682eV
Step 944:  Epot = -130105.688eV  Ekin = 555.174eV (T = 232K)  Etot = -129550.514eV
Step 945:  Epot = -130105.483eV  Ekin = 555.737eV (T = 232K)  Etot = -129549.747eV
Step 946:  Epot = -130104.845eV  Ekin = 555.906eV (T = 232K)  Etot = -129548.939eV
Step 947:  Epot = -130105.858eV  Ekin = 557.413eV (T = 233K)  Etot = -129548.445eV
Step 948:  Epot = -130106.662eV  Ekin = 558.674eV (T = 234K)  Etot = -129547.989eV
Step 949:  Epot = -130105.415eV  Ekin = 557.752eV (T = 233K)  Etot = -129547.663eV
Step 950:  Epot = -130103.367eV  Ekin = 556.090eV (T = 233K)  Etot = -129547.277eV
Step 951:  Epot = -130101.772eV  Ekin = 555.053eV (T = 232K)  Etot = -129546.719eV
Step 952:  Epot = -130101.192eV  Ekin = 554.310eV (T = 232K)  Etot = -129546.883eV
Step 953:  Epot = -130101.720eV  Ekin = 554.577eV (T = 232K)  Etot = -129547.143eV
Step 954:  Epot = -130102.461eV  Ekin = 555.228eV (T = 232K)  Etot = -129547.233eV
Step 955:  Epot = -130102.511eV  Ekin = 555.468eV (T = 232K)  Etot = -129547.044eV
Step 956:  Epot = -130103.324eV  Ekin = 556.037eV (T = 232K)  Etot = -129547.287eV
Step 957:  Epot = -130104.377eV  Ekin = 557.892eV (T = 233K)  Etot = -129546.485eV
Step 958:  Epot = -130103.935eV  Ekin = 557.960eV (T = 233K)  Etot = -129545.975eV
Step 959:  Epot = -130102.867eV  Ekin = 557.244eV (T = 233K)  Etot = -129545.622eV
Step 960:  Epot = -130101.776eV  Ekin = 556.514eV (T = 233K)  Etot = -129545.263eV
Step 961:  Epot = -130101.346eV  Ekin = 556.481eV (T = 233K)  Etot = -129544.865eV
Step 962:  Epot = -130101.992eV  Ekin = 557.683eV (T = 233K)  Etot = -129544.309eV
Step 963:  Epot = -130102.361eV  Ekin = 558.812eV (T = 234K)  Etot = -129543.549eV
Step 964:  Epot = -130101.994eV  Ekin = 558.488eV (T = 234K)  Etot = -129543.507eV
Step 965:  Epot = -130102.700eV  Ekin = 559.700eV (T = 234K)  Etot = -129543.000eV
Step 966:  Epot = -130104.132eV  Ekin = 561.349eV (T = 235K)  Etot = -129542.783eV
Step 967:  Epot = -130104.067eV  Ekin = 561.676eV (T = 235K)  Etot = -129542.391eV
Step 968:  Epot = -130102.078eV  Ekin = 559.877eV (T = 234K)  Etot = -129542.201eV
Step 969:  Epot = -130099.807eV  Ekin = 557.987eV (T = 233K)  Etot = -129541.820eV
Step 970:  Epot = -130098.945eV  Ekin = 557.197eV (T = 233K)  Etot = -129541.748eV
Step 971:  Epot = -130098.895eV  Ekin = 557.609eV (T = 233K)  Etot = -129541.286eV
Step 972:  Epot = -130098.323eV  Ekin = 557.577eV (T = 233K)  Etot = -129540.746eV
Step 973:  Epot = -130097.547eV  Ekin = 557.416eV (T = 233K)  Etot = -129540.131eV
Step 974:  Epot = -130097.784eV  Ekin = 557.899eV (T = 233K)  Etot = -129539.885eV
Step 975:  Epot = -130099.541eV  Ekin = 559.718eV (T = 234K)  Etot = -129539.823eV
Step 976:  Epot = -130100.470eV  Ekin = 561.072eV (T = 235K)  Etot = -129539.398eV
Step 977:  Epot = -130099.080eV  Ekin = 560.372eV (T = 234K)  Etot = -129538.708eV
Step 978:  Epot = -130097.544eV  Ekin = 558.886eV (T = 234K)  Etot = -129538.658eV
Step 979:  Epot = -130098.069eV  Ekin = 559.285eV (T = 234K)  Etot = -129538.784eV
Step 980:  Epot = -130098.238eV  Ekin = 559.677eV (T = 234K)  Etot = -129538.561eV
Step 981:  Epot = -130096.556eV  Ekin = 558.267eV (T = 233K)  Etot = -129538.288eV
Step 982:  Epot = -130095.499eV  Ekin = 557.778eV (T = 233K)  Etot = -129537.721eV
Step 983:  Epot = -130096.745eV  Ekin = 559.767eV (T = 234K)  Etot = -129536.978eV
Step 984:  Epot = -130099.086eV  Ekin = 562.371eV (T = 235K)  Etot = -129536.715eV
Step 985:  Epot = -130099.753eV  Ekin = 563.118eV (T = 235K)  Etot = -129536.635eV
Step 986:  Epot = -130098.064eV  Ekin = 561.681eV (T = 235K)  Etot = -129536.384eV
Step 987:  Epot = -130097.184eV  Ekin = 561.055eV (T = 235K)  Etot = -129536.129eV
Step 988:  Epot = -130098.387eV  Ekin = 562.493eV (T = 235K)  Etot = -129535.894eV
Step 989:  Epot = -130098.480eV  Ekin = 562.898eV (T = 235K)  Etot = -129535.582eV
Step 990:  Epot = -130096.713eV  Ekin = 561.910eV (T = 235K)  Etot = -129534.803eV
Step 991:  Epot = -130096.310eV  Ekin = 561.877eV (T = 235K)  Etot = -129534.433eV
Step 992:  Epot = -130098.233eV  Ekin = 564.235eV (T = 236K)  Etot = -129533.998eV
Step 993:  Epot = -130100.413eV  Ekin = 566.823eV (T = 237K)  Etot = -129533.590eV
Step 994:  Epot = -130100.580eV  Ekin = 567.161eV (T = 237K)  Etot = -129533.419eV
Step 995:  Epot = -130098.430eV  Ekin = 565.282eV (T = 236K)  Etot = -129533.148eV
Step 996:  Epot = -130097.504eV  Ekin = 565.111eV (T = 236K)  Etot = -129532.393eV
Step 997:  Epot = -130098.699eV  Ekin = 565.796eV (T = 237K)  Etot = -129532.903eV
Step 998:  Epot = -130098.157eV  Ekin = 564.916eV (T = 236K)  Etot = -129533.240eV
Step 999:  Epot = -130094.612eV  Ekin = 562.111eV (T = 235K)  Etot = -129532.501eV
Step 1000:  Epot = -130092.157eV  Ekin = 559.727eV (T = 234K)  Etot = -129532.431eV
Step 1001:  Epot = -130092.913eV  Ekin = 560.737eV (T = 234K)  Etot = -129532.175eV
Step 1002:  Epot = -130094.759eV  Ekin = 562.643eV (T = 235K)  Etot = -129532.116eV
Step 1003:  Epot = -130094.835eV  Ekin = 563.043eV (T = 235K)  Etot = -129531.792eV
Step 1004:  Epot = -130092.630eV  Ekin = 561.181eV (T = 235K)  Etot = -129531.449eV
Step 1005:  Epot = -130091.600eV  Ekin = 560.244eV (T = 234K)  Etot = -129531.356eV
Step 1006:  Epot = -130093.226eV  Ekin = 561.404eV (T = 235K)  Etot = -129531.821eV
Step 1007:  Epot = -130093.136eV  Ekin = 561.579eV (T = 235K)  Etot = -129531.557eV
Step 1008:  Epot = -130089.759eV  Ekin = 558.944eV (T = 234K)  Etot = -129530.815eV
Step 1009:  Epot = -130087.473eV  Ekin = 557.072eV (T = 233K)  Etot = -129530.402eV
Step 1010:  Epot = -130089.262eV  Ekin = 558.707eV (T = 234K)  Etot = -129530.554eV
Step 1011:  Epot = -130092.915eV  Ekin = 562.329eV (T = 235K)  Etot = -129530.586eV
Step 1012:  Epot = -130094.194eV  Ekin = 563.657eV (T = 236K)  Etot = -129530.537eV
Step 1013:  Epot = -130093.343eV  Ekin = 563.182eV (T = 235K)  Etot = -129530.161eV
Step 1014:  Epot = -130093.919eV  Ekin = 563.871eV (T = 236K)  Etot = -129530.048eV
Step 1015:  Epot = -130096.613eV  Ekin = 566.929eV (T = 237K)  Etot = -129529.684eV
Step 1016:  Epot = -130097.277eV  Ekin = 567.533eV (T = 237K)  Etot = -129529.744eV
Step 1017:  Epot = -130095.057eV  Ekin = 566.069eV (T = 237K)  Etot = -129528.988eV
Step 1018:  Epot = -130093.328eV  Ekin = 564.798eV (T = 236K)  Etot = -129528.530eV
Step 1019:  Epot = -130094.235eV  Ekin = 565.752eV (T = 237K)  Etot = -129528.483eV
Step 1020:  Epot = -130096.961eV  Ekin = 568.385eV (T = 238K)  Etot = -129528.576eV
Step 1021:  Epot = -130097.043eV  Ekin = 568.527eV (T = 238K)  Etot = -129528.516eV
Step 1022:  Epot = -130094.473eV  Ekin = 566.502eV (T = 237K)  Etot = -129527.972eV
Step 1023:  Epot = -130094.176eV  Ekin = 566.766eV (T = 237K)  Etot = -129527.410eV
Step 1024:  Epot = -130096.302eV  Ekin = 568.596eV (T = 238K)  Etot = -129527.705eV
Step 1025:  Epot = -130095.936eV  Ekin = 568.384eV (T = 238K)  Etot = -129527.552eV
Step 1026:  Epot = -130092.090eV  Ekin = 565.326eV (T = 236K)  Etot = -129526.764eV
Step 1027:  Epot = -130088.532eV  Ekin = 562.520eV (T = 235K)  Etot = -129526.013eV
Step 1028:  Epot = -130087.752eV  Ekin = 561.764eV (T = 235K)  Etot = -129525.988eV
Step 1029:  Epot = -130089.552eV  Ekin = 563.379eV (T = 236K)  Etot = -129526.174eV
Step 1030:  Epot = -130089.470eV  Ekin = 563.536eV (T = 236K)  Etot = -129525.934eV
Step 1031:  Epot = -130086.751eV  Ekin = 561.264eV (T = 235K)  Etot = -129525.487eV
Step 1032:  Epot = -130086.390eV  Ekin = 561.221eV (T = 235K)  Etot = -129525.169eV
Step 1033:  Epot = -130089.024eV  Ekin = 563.890eV (T = 236K)  Etot = -129525.135eV
Step 1034:  Epot = -130089.911eV  Ekin = 564.671eV (T = 236K)  Etot = -129525.240eV
Step 1035:  Epot = -130087.391eV  Ekin = 562.343eV (T = 235K)  Etot = -129525.048eV
Step 1036:  Epot = -130084.973eV  Ekin = 560.256eV (T = 234K)  Etot = -129524.717eV
Step 1037:  Epot = -130085.302eV  Ekin = 560.744eV (T = 234K)  Etot = -129524.558eV
Step 1038:  Epot = -130087.927eV  Ekin = 563.696eV (T = 236K)  Etot = -129524.231eV
Step 1039:  Epot = -130088.976eV  Ekin = 565.342eV (T = 236K)  Etot = -129523.634eV
Step 1040:  Epot = -130087.682eV  Ekin = 564.332eV (T = 236K)  Etot = -129523.350eV
Step 1041:  Epot = -130088.237eV  Ekin = 564.971eV (T = 236K)  Etot = -129523.266eV
Step 1042:  Epot = -130091.454eV  Ekin = 568.182eV (T = 238K)  Etot = -129523.272eV
Step 1043:  Epot = -130093.126eV  Ekin = 569.913eV (T = 238K)  Etot = -129523.212eV
Step 1044:  Epot = -130091.623eV  Ekin = 568.820eV (T = 238K)  Etot = -129522.802eV
Step 1045:  Epot = -130089.895eV  Ekin = 567.647eV (T = 237K)  Etot = -129522.248eV
Step 1046:  Epot = -130089.962eV  Ekin = 568.150eV (T = 238K)  Etot = -129521.812eV
Step 1047:  Epot = -130091.830eV  Ekin = 569.440eV (T = 238K)  Etot = -129522.390eV
Step 1048:  Epot = -130091.999eV  Ekin = 569.804eV (T = 238K)  Etot = -129522.195eV
Step 1049:  Epot = -130089.426eV  Ekin = 568.166eV (T = 238K)  Etot = -129521.259eV
Step 1050:  Epot = -130088.590eV  Ekin = 567.522eV (T = 237K)  Etot = -129521.068eV
Step 1051:  Epot = -130090.859eV  Ekin = 569.336eV (T = 238K)  Etot = -129521.523eV
Step 1052:  Epot = -130092.091eV  Ekin = 570.612eV (T = 239K)  Etot = -129521.479eV
Step 1053:  Epot = -130089.807eV  Ekin = 569.128eV (T = 238K)  Etot = -129520.679eV
Step 1054:  Epot = -130086.401eV  Ekin = 566.120eV (T = 237K)  Etot = -129520.280eV
Step 1055:  Epot = -130085.392eV  Ekin = 565.529eV (T = 236K)  Etot = -129519.862eV
Step 1056:  Epot = -130086.705eV  Ekin = 566.703eV (T = 237K)  Etot = -129520.002eV
Step 1057:  Epot = -130086.192eV  Ekin = 566.398eV (T = 237K)  Etot = -129519.794eV
Step 1058:  Epot = -130082.634eV  Ekin = 563.523eV (T = 236K)  Etot = -129519.111eV
Step 1059:  Epot = -130080.609eV  Ekin = 562.010eV (T = 235K)  Etot = -129518.599eV
Step 1060:  Epot = -130081.762eV  Ekin = 563.166eV (T = 235K)  Etot = -129518.596eV
Step 1061:  Epot = -130082.752eV  Ekin = 564.355eV (T = 236K)  Etot = -129518.397eV
Step 1062:  Epot = -130081.013eV  Ekin = 563.054eV (T = 235K)  Etot = -129517.959eV
Step 1063:  Epot = -130078.656eV  Ekin = 561.011eV (T = 235K)  Etot = -129517.645eV
Step 1064:  Epot = -130079.072eV  Ekin = 561.755eV (T = 235K)  Etot = -129517.317eV
Step 1065:  Epot = -130081.167eV  Ekin = 563.185eV (T = 235K)  Etot = -129517.983eV
Step 1066:  Epot = -130081.526eV  Ekin = 563.724eV (T = 236K)  Etot = -129517.803eV
Step 1067:  Epot = -130079.546eV  Ekin = 562.492eV (T = 235K)  Etot = -129517.053eV
Step 1068:  Epot = -130079.196eV  Ekin = 562.419eV (T = 235K)  Etot = -129516.778eV
Step 1069:  Epot = -130081.720eV  Ekin = 565.233eV (T = 236K)  Etot = -129516.487eV
Step 1070:  Epot = -130083.437eV  Ekin = 566.903eV (T = 237K)  Etot = -129516.534eV
Step 1071:  Epot = -130082.439eV  Ekin = 566.883eV (T = 237K)  Etot = -129515.556eV
Step 1072:  Epot = -130081.571eV  Ekin = 566.888eV (T = 237K)  Etot = -129514.683eV
Step 1073:  Epot = -130082.655eV  Ekin = 567.623eV (T = 237K)  Etot = -129515.032eV
Step 1074:  Epot = -130084.415eV  Ekin = 569.137eV (T = 238K)  Etot = -129515.277eV
Step 1075:  Epot = -130084.166eV  Ekin = 569.430eV (T = 238K)  Etot = -129514.737eV
Step 1076:  Epot = -130082.005eV  Ekin = 568.279eV (T = 238K)  Etot = -129513.726eV
Step 1077:  Epot = -130081.350eV  Ekin = 567.872eV (T = 237K)  Etot = -129513.478eV
Step 1078:  Epot = -130083.209eV  Ekin = 569.767eV (T = 238K)  Etot = -129513.442eV
Step 1079:  Epot = -130084.027eV  Ekin = 570.920eV (T = 239K)  Etot = -129513.107eV
Step 1080:  Epot = -130082.054eV  Ekin = 569.444eV (T = 238K)  Etot = -129512.610eV
Step 1081:  Epot = -130080.633eV  Ekin = 568.171eV (T = 238K)  Etot = -129512.461eV
Step 1082:  Epot = -130081.665eV  Ekin = 569.125eV (T = 238K)  Etot = -129512.541eV
Step 1083:  Epot = -130083.504eV  Ekin = 570.811eV (T = 239K)  Etot = -129512.694eV
Step 1084:  Epot = -130083.655eV  Ekin = 570.882eV (T = 239K)  Etot = -129512.773eV
Step 1085:  Epot = -130081.708eV  Ekin = 569.538eV (T = 238K)  Etot = -129512.171eV
Step 1086:  Epot = -130080.411eV  Ekin = 568.658eV (T = 238K)  Etot = -129511.753eV
Step 1087:  Epot = -130081.168eV  Ekin = 569.517eV (T = 238K)  Etot = -129511.651eV
Step 1088:  Epot = -130081.450eV  Ekin = 570.454eV (T = 239K)  Etot = -129510.995eV
Step 1089:  Epot = -130079.341eV  Ekin = 569.141eV (T = 238K)  Etot = -129510.200eV
Step 1090:  Epot = -130078.144eV  Ekin = 568.300eV (T = 238K)  Etot = -129509.844eV
Step 1091:  Epot = -130079.765eV  Ekin = 569.856eV (T = 238K)  Etot = -129509.909eV
Step 1092:  Epot = -130081.862eV  Ekin = 572.076eV (T = 239K)  Etot = -129509.786eV
Step 1093:  Epot = -130081.868eV  Ekin = 572.102eV (T = 239K)  Etot = -129509.766eV
Step 1094:  Epot = -130079.857eV  Ekin = 570.827eV (T = 239K)  Etot = -129509.030eV
Step 1095:  Epot = -130079.250eV  Ekin = 570.739eV (T = 239K)  Etot = -129508.511eV
Step 1096:  Epot = -130080.473eV  Ekin = 571.761eV (T = 239K)  Etot = -129508.712eV
Step 1097:  Epot = -130080.428eV  Ekin = 571.736eV (T = 239K)  Etot = -129508.692eV
Step 1098:  Epot = -130077.857eV  Ekin = 569.960eV (T = 238K)  Etot = -129507.897eV
Step 1099:  Epot = -130075.587eV  Ekin = 568.638eV (T = 238K)  Etot = -129506.949eV
Step 1100:  Epot = -130076.441eV  Ekin = 569.836eV (T = 238K)  Etot = -129506.605eV
Step 1101:  Epot = -130078.037eV  Ekin = 571.436eV (T = 239K)  Etot = -129506.601eV
Step 1102:  Epot = -130077.510eV  Ekin = 571.366eV (T = 239K)  Etot = -129506.144eV
Step 1103:  Epot = -130076.033eV  Ekin = 570.490eV (T = 239K)  Etot = -129505.543eV
Step 1104:  Epot = -130077.060eV  Ekin = 571.127eV (T = 239K)  Etot = -129505.933eV
Step 1105:  Epot = -130079.592eV  Ekin = 573.735eV (T = 240K)  Etot = -129505.857eV
Step 1106:  Epot = -130079.275eV  Ekin = 573.601eV (T = 240K)  Etot = -129505.674eV
Step 1107:  Epot = -130075.594eV  Ekin = 570.501eV (T = 239K)  Etot = -129505.093eV
Step 1108:  Epot = -130072.978eV  Ekin = 568.393eV (T = 238K)  Etot = -129504.585eV
Step 1109:  Epot = -130074.774eV  Ekin = 569.982eV (T = 238K)  Etot = -129504.792eV
Step 1110:  Epot = -130077.333eV  Ekin = 572.436eV (T = 239K)  Etot = -129504.897eV
Step 1111:  Epot = -130076.943eV  Ekin = 572.866eV (T = 240K)  Etot = -129504.077eV
Step 1112:  Epot = -130075.257eV  Ekin = 571.894eV (T = 239K)  Etot = -129503.363eV
Step 1113:  Epot = -130076.582eV  Ekin = 573.023eV (T = 240K)  Etot = -129503.560eV
Step 1114:  Epot = -130079.157eV  Ekin = 575.332eV (T = 241K)  Etot = -129503.824eV
Step 1115:  Epot = -130078.323eV  Ekin = 575.221eV (T = 241K)  Etot = -129503.102eV
Step 1116:  Epot = -130074.518eV  Ekin = 571.798eV (T = 239K)  Etot = -129502.720eV
Step 1117:  Epot = -130071.735eV  Ekin = 569.626eV (T = 238K)  Etot = -129502.110eV
Step 1118:  Epot = -130072.626eV  Ekin = 570.783eV (T = 239K)  Etot = -129501.843eV
Step 1119:  Epot = -130073.868eV  Ekin = 571.791eV (T = 239K)  Etot = -129502.076eV
Step 1120:  Epot = -130072.262eV  Ekin = 570.722eV (T = 239K)  Etot = -129501.540eV
Step 1121:  Epot = -130070.035eV  Ekin = 569.121eV (T = 238K)  Etot = -129500.915eV
Step 1122:  Epot = -130071.192eV  Ekin = 570.200eV (T = 238K)  Etot = -129500.992eV
Step 1123:  Epot = -130074.335eV  Ekin = 573.194eV (T = 240K)  Etot = -129501.141eV
Step 1124:  Epot = -130074.094eV  Ekin = 573.446eV (T = 240K)  Etot = -129500.648eV
Step 1125:  Epot = -130070.380eV  Ekin = 570.598eV (T = 239K)  Etot = -129499.782eV
Step 1126:  Epot = -130067.640eV  Ekin = 568.097eV (T = 238K)  Etot = -129499.544eV
Step 1127:  Epot = -130068.982eV  Ekin = 569.585eV (T = 238K)  Etot = -129499.397eV
Step 1128:  Epot = -130071.862eV  Ekin = 572.243eV (T = 239K)  Etot = -129499.618eV
Step 1129:  Epot = -130071.912eV  Ekin = 572.296eV (T = 239K)  Etot = -129499.615eV
Step 1130:  Epot = -130070.177eV  Ekin = 571.314eV (T = 239K)  Etot = -129498.863eV
Step 1131:  Epot = -130071.851eV  Ekin = 572.865eV (T = 240K)  Etot = -129498.986eV
Step 1132:  Epot = -130077.449eV  Ekin = 577.524eV (T = 241K)  Etot = -129499.926eV
Step 1133:  Epot = -130079.580eV  Ekin = 579.666eV (T = 242K)  Etot = -129499.914eV
Step 1134:  Epot = -130076.570eV  Ekin = 576.983eV (T = 241K)  Etot = -129499.588eV
Step 1135:  Epot = -130073.139eV  Ekin = 573.986eV (T = 240K)  Etot = -129499.153eV
Step 1136:  Epot = -130073.371eV  Ekin = 574.515eV (T = 240K)  Etot = -129498.856eV
Step 1137:  Epot = -130075.700eV  Ekin = 576.759eV (T = 241K)  Etot = -129498.942eV
Step 1138:  Epot = -130075.570eV  Ekin = 577.036eV (T = 241K)  Etot = -129498.534eV
Step 1139:  Epot = -130072.541eV  Ekin = 574.573eV (T = 240K)  Etot = -129497.969eV
Step 1140:  Epot = -130071.244eV  Ekin = 573.787eV (T = 240K)  Etot = -129497.457eV
Step 1141:  Epot = -130074.748eV  Ekin = 577.054eV (T = 241K)  Etot = -129497.693eV
Step 1142:  Epot = -130076.670eV  Ekin = 579.333eV (T = 242K)  Etot = -129497.337eV
Step 1143:  Epot = -130073.840eV  Ekin = 577.213eV (T = 241K)  Etot = -129496.627eV
Step 1144:  Epot = -130070.814eV  Ekin = 574.444eV (T = 240K)  Etot = -129496.370eV
Step 1145:  Epot = -130071.055eV  Ekin = 574.605eV (T = 240K)  Etot = -129496.450eV
Step 1146:  Epot = -130073.407eV  Ekin = 576.778eV (T = 241K)  Etot = -129496.629eV
Step 1147:  Epot = -130074.231eV  Ekin = 577.970eV (T = 242K)  Etot = -129496.261eV
Step 1148:  Epot = -130072.809eV  Ekin = 576.824eV (T = 241K)  Etot = -129495.985eV
Step 1149:  Epot = -130071.939eV  Ekin = 576.388eV (T = 241K)  Etot = -129495.551eV
Step 1150:  Epot = -130075.190eV  Ekin = 579.345eV (T = 242K)  Etot = -129495.845eV
Step 1151:  Epot = -130077.674eV  Ekin = 582.471eV (T = 244K)  Etot = -129495.203eV
Step 1152:  Epot = -130075.713eV  Ekin = 581.196eV (T = 243K)  Etot = -129494.517eV
Step 1153:  Epot = -130073.204eV  Ekin = 579.131eV (T = 242K)  Etot = -129494.073eV
Step 1154:  Epot = -130073.077eV  Ekin = 579.186eV (T = 242K)  Etot = -129493.891eV
Step 1155:  Epot = -130074.085eV  Ekin = 580.054eV (T = 243K)  Etot = -129494.031eV
Step 1156:  Epot = -130073.825eV  Ekin = 580.085eV (T = 243K)  Etot = -129493.740eV
Step 1157:  Epot = -130071.421eV  Ekin = 577.983eV (T = 242K)  Etot = -129493.439eV
Step 1158:  Epot = -130068.921eV  Ekin = 575.836eV (T = 241K)  Etot = -129493.085eV
Step 1159:  Epot = -130070.113eV  Ekin = 577.021eV (T = 241K)  Etot = -129493.092eV
Step 1160:  Epot = -130072.344eV  Ekin = 579.105eV (T = 242K)  Etot = -129493.238eV
Step 1161:  Epot = -130069.932eV  Ekin = 577.274eV (T = 241K)  Etot = -129492.658eV
Step 1162:  Epot = -130066.421eV  Ekin = 574.427eV (T = 240K)  Etot = -129491.994eV
Step 1163:  Epot = -130065.735eV  Ekin = 574.353eV (T = 240K)  Etot = -129491.382eV
Step 1164:  Epot = -130066.276eV  Ekin = 574.731eV (T = 240K)  Etot = -129491.545eV
Step 1165:  Epot = -130066.542eV  Ekin = 575.399eV (T = 241K)  Etot = -129491.143eV
Step 1166:  Epot = -130066.094eV  Ekin = 574.521eV (T = 240K)  Etot = -129491.574eV
Step 1167:  Epot = -130064.919eV  Ekin = 574.030eV (T = 240K)  Etot = -129490.889eV
Step 1168:  Epot = -130065.805eV  Ekin = 574.978eV (T = 240K)  Etot = -129490.827eV
Step 1169:  Epot = -130069.044eV  Ekin = 577.989eV (T = 242K)  Etot = -129491.055eV
Step 1170:  Epot = -130069.418eV  Ekin = 579.183eV (T = 242K)  Etot = -129490.234eV
Step 1171:  Epot = -130067.892eV  Ekin = 578.210eV (T = 242K)  Etot = -129489.682eV
Step 1172:  Epot = -130069.256eV  Ekin = 579.714eV (T = 242K)  Etot = -129489.542eV
Step 1173:  Epot = -130071.955eV  Ekin = 582.711eV (T = 244K)  Etot = -129489.244eV
Step 1174:  Epot = -130072.823eV  Ekin = 584.096eV (T = 244K)  Etot = -129488.728eV
Step 1175:  Epot = -130072.405eV  Ekin = 583.865eV (T = 244K)  Etot = -129488.540eV
Step 1176:  Epot = -130071.085eV  Ekin = 582.513eV (T = 244K)  Etot = -129488.572eV
Step 1177:  Epot = -130070.981eV  Ekin = 582.908eV (T = 244K)  Etot = -129488.073eV
Step 1178:  Epot = -130073.193eV  Ekin = 584.547eV (T = 244K)  Etot = -129488.646eV
Step 1179:  Epot = -130073.230eV  Ekin = 584.998eV (T = 245K)  Etot = -129488.232eV
Step 1180:  Epot = -130070.805eV  Ekin = 583.473eV (T = 244K)  Etot = -129487.332eV
Step 1181:  Epot = -130070.651eV  Ekin = 583.353eV (T = 244K)  Etot = -129487.298eV
Step 1182:  Epot = -130071.592eV  Ekin = 584.198eV (T = 244K)  Etot = -129487.394eV
Step 1183:  Epot = -130070.870eV  Ekin = 584.061eV (T = 244K)  Etot = -129486.809eV
Step 1184:  Epot = -130070.180eV  Ekin = 583.934eV (T = 244K)  Etot = -129486.246eV
Step 1185:  Epot = -130069.990eV  Ekin = 584.029eV (T = 244K)  Etot = -129485.961eV
Step 1186:  Epot = -130069.564eV  Ekin = 584.455eV (T = 244K)  Etot = -129485.109eV
Step 1187:  Epot = -130069.794eV  Ekin = 584.914eV (T = 245K)  Etot = -129484.880eV
Step 1188:  Epot = -130069.408eV  Ekin = 584.709eV (T = 244K)  Etot = -129484.700eV
Step 1189:  Epot = -130067.642eV  Ekin = 583.439eV (T = 244K)  Etot = -129484.203eV
Step 1190:  Epot = -130068.475eV  Ekin = 584.814eV (T = 245K)  Etot = -129483.661eV
Step 1191:  Epot = -130070.737eV  Ekin = 586.968eV (T = 245K)  Etot = -129483.770eV
Step 1192:  Epot = -130070.922eV  Ekin = 587.662eV (T = 246K)  Etot = -129483.260eV
Step 1193:  Epot = -130071.025eV  Ekin = 587.333eV (T = 246K)  Etot = -129483.692eV
Step 1194:  Epot = -130072.375eV  Ekin = 588.569eV (T = 246K)  Etot = -129483.806eV
Step 1195:  Epot = -130072.880eV  Ekin = 589.226eV (T = 246K)  Etot = -129483.654eV
Step 1196:  Epot = -130072.695eV  Ekin = 589.734eV (T = 247K)  Etot = -129482.961eV
Step 1197:  Epot = -130071.988eV  Ekin = 589.188eV (T = 246K)  Etot = -129482.800eV
Step 1198:  Epot = -130070.365eV  Ekin = 587.795eV (T = 246K)  Etot = -129482.570eV
Step 1199:  Epot = -130070.923eV  Ekin = 588.991eV (T = 246K)  Etot = -129481.932eV
Step 1200:  Epot = -130072.758eV  Ekin = 590.553eV (T = 247K)  Etot = -129482.204eV
Pre-equilibration with 5 eV/A² for 1200 steps
Step 1201:  Epot = -130072.453eV  Ekin = 589.800eV (T = 247K)  Etot = -129482.653eV
Step 1202:  Epot = -130069.771eV  Ekin = 587.800eV (T = 246K)  Etot = -129481.971eV
Step 1203:  Epot = -130069.178eV  Ekin = 587.560eV (T = 246K)  Etot = -129481.618eV
Step 1204:  Epot = -130068.894eV  Ekin = 587.340eV (T = 246K)  Etot = -129481.554eV
Step 1205:  Epot = -130067.629eV  Ekin = 586.583eV (T = 245K)  Etot = -129481.046eV
Step 1206:  Epot = -130065.761eV  Ekin = 585.217eV (T = 245K)  Etot = -129480.545eV
Step 1207:  Epot = -130063.007eV  Ekin = 582.872eV (T = 244K)  Etot = -129480.135eV
Step 1208:  Epot = -130062.235eV  Ekin = 581.978eV (T = 243K)  Etot = -129480.257eV
Step 1209:  Epot = -130063.918eV  Ekin = 583.746eV (T = 244K)  Etot = -129480.172eV
Step 1210:  Epot = -130063.985eV  Ekin = 584.104eV (T = 244K)  Etot = -129479.881eV
Step 1211:  Epot = -130062.626eV  Ekin = 583.668eV (T = 244K)  Etot = -129478.957eV
Step 1212:  Epot = -130062.493eV  Ekin = 584.032eV (T = 244K)  Etot = -129478.461eV
Step 1213:  Epot = -130063.061eV  Ekin = 584.230eV (T = 244K)  Etot = -129478.831eV
Step 1214:  Epot = -130063.411eV  Ekin = 584.644eV (T = 244K)  Etot = -129478.767eV
Step 1215:  Epot = -130063.257eV  Ekin = 584.545eV (T = 244K)  Etot = -129478.713eV
Step 1216:  Epot = -130061.265eV  Ekin = 583.273eV (T = 244K)  Etot = -129477.992eV
Step 1217:  Epot = -130059.337eV  Ekin = 582.006eV (T = 243K)  Etot = -129477.331eV
Step 1218:  Epot = -130060.195eV  Ekin = 582.800eV (T = 244K)  Etot = -129477.394eV
Step 1219:  Epot = -130061.397eV  Ekin = 584.048eV (T = 244K)  Etot = -129477.349eV
Step 1220:  Epot = -130061.296eV  Ekin = 584.844eV (T = 245K)  Etot = -129476.452eV
Step 1221:  Epot = -130061.586eV  Ekin = 585.246eV (T = 245K)  Etot = -129476.340eV
Step 1222:  Epot = -130062.470eV  Ekin = 586.058eV (T = 245K)  Etot = -129476.413eV
Step 1223:  Epot = -130063.925eV  Ekin = 587.754eV (T = 246K)  Etot = -129476.171eV
Step 1224:  Epot = -130065.279eV  Ekin = 589.284eV (T = 246K)  Etot = -129475.996eV
Step 1225:  Epot = -130064.686eV  Ekin = 589.203eV (T = 246K)  Etot = -129475.483eV
Step 1226:  Epot = -130063.389eV  Ekin = 588.066eV (T = 246K)  Etot = -129475.324eV
Step 1227:  Epot = -130063.868eV  Ekin = 589.039eV (T = 246K)  Etot = -129474.829eV
Step 1228:  Epot = -130065.127eV  Ekin = 590.561eV (T = 247K)  Etot = -129474.566eV
Step 1229:  Epot = -130065.551eV  Ekin = 591.503eV (T = 247K)  Etot = -129474.049eV
Step 1230:  Epot = -130065.754eV  Ekin = 591.915eV (T = 248K)  Etot = -129473.839eV
Step 1231:  Epot = -130065.696eV  Ekin = 592.185eV (T = 248K)  Etot = -129473.511eV
Step 1232:  Epot = -130066.284eV  Ekin = 592.885eV (T = 248K)  Etot = -129473.399eV
Step 1233:  Epot = -130067.552eV  Ekin = 594.203eV (T = 248K)  Etot = -129473.349eV
Step 1234:  Epot = -130067.410eV  Ekin = 594.206eV (T = 248K)  Etot = -129473.204eV
Step 1235:  Epot = -130065.564eV  Ekin = 592.394eV (T = 248K)  Etot = -129473.170eV
Step 1236:  Epot = -130064.261eV  Ekin = 591.057eV (T = 247K)  Etot = -129473.204eV
Step 1237:  Epot = -130064.319eV  Ekin = 591.340eV (T = 247K)  Etot = -129472.979eV
Step 1238:  Epot = -130064.220eV  Ekin = 591.234eV (T = 247K)  Etot = -129472.985eV
Step 1239:  Epot = -130063.173eV  Ekin = 590.653eV (T = 247K)  Etot = -129472.520eV
Step 1240:  Epot = -130060.820eV  Ekin = 588.885eV (T = 246K)  Etot = -129471.934eV
Step 1241:  Epot = -130059.844eV  Ekin = 588.446eV (T = 246K)  Etot = -129471.398eV
Step 1242:  Epot = -130061.994eV  Ekin = 590.683eV (T = 247K)  Etot = -129471.311eV
Step 1243:  Epot = -130063.684eV  Ekin = 592.657eV (T = 248K)  Etot = -129471.028eV
Step 1244:  Epot = -130061.763eV  Ekin = 591.337eV (T = 247K)  Etot = -129470.426eV
Step 1245:  Epot = -130058.819eV  Ekin = 589.136eV (T = 246K)  Etot = -129469.683eV
Step 1246:  Epot = -130058.546eV  Ekin = 589.247eV (T = 246K)  Etot = -129469.299eV
Step 1247:  Epot = -130060.536eV  Ekin = 590.769eV (T = 247K)  Etot = -129469.767eV
Step 1248:  Epot = -130061.493eV  Ekin = 591.986eV (T = 248K)  Etot = -129469.507eV
Step 1249:  Epot = -130059.178eV  Ekin = 590.342eV (T = 247K)  Etot = -129468.837eV
Step 1250:  Epot = -130057.356eV  Ekin = 589.115eV (T = 246K)  Etot = -129468.241eV
Step 1251:  Epot = -130059.665eV  Ekin = 591.173eV (T = 247K)  Etot = -129468.492eV
Step 1252:  Epot = -130062.898eV  Ekin = 594.201eV (T = 248K)  Etot = -129468.698eV
Step 1253:  Epot = -130062.607eV  Ekin = 593.939eV (T = 248K)  Etot = -129468.667eV
Step 1254:  Epot = -130059.606eV  Ekin = 591.333eV (T = 247K)  Etot = -129468.273eV
Step 1255:  Epot = -130058.703eV  Ekin = 591.097eV (T = 247K)  Etot = -129467.606eV
Step 1256:  Epot = -130060.989eV  Ekin = 593.061eV (T = 248K)  Etot = -129467.928eV
Step 1257:  Epot = -130062.370eV  Ekin = 594.815eV (T = 249K)  Etot = -129467.555eV
Step 1258:  Epot = -130059.450eV  Ekin = 592.681eV (T = 248K)  Etot = -129466.769eV
Step 1259:  Epot = -130055.864eV  Ekin = 589.263eV (T = 246K)  Etot = -129466.600eV
Step 1260:  Epot = -130056.597eV  Ekin = 590.327eV (T = 247K)  Etot = -129466.271eV
Step 1261:  Epot = -130059.517eV  Ekin = 592.659eV (T = 248K)  Etot = -129466.858eV
Step 1262:  Epot = -130059.602eV  Ekin = 593.291eV (T = 248K)  Etot = -129466.311eV
Step 1263:  Epot = -130056.118eV  Ekin = 590.118eV (T = 247K)  Etot = -129466.000eV
Step 1264:  Epot = -130053.523eV  Ekin = 587.911eV (T = 246K)  Etot = -129465.612eV
Step 1265:  Epot = -130054.462eV  Ekin = 589.045eV (T = 246K)  Etot = -129465.417eV
Step 1266:  Epot = -130055.732eV  Ekin = 590.501eV (T = 247K)  Etot = -129465.231eV
Step 1267:  Epot = -130053.172eV  Ekin = 588.309eV (T = 246K)  Etot = -129464.863eV
Step 1268:  Epot = -130048.995eV  Ekin = 584.810eV (T = 245K)  Etot = -129464.185eV
Step 1269:  Epot = -130048.573eV  Ekin = 584.524eV (T = 244K)  Etot = -129464.049eV
Step 1270:  Epot = -130051.527eV  Ekin = 587.543eV (T = 246K)  Etot = -129463.984eV
Step 1271:  Epot = -130052.410eV  Ekin = 588.762eV (T = 246K)  Etot = -129463.649eV
Step 1272:  Epot = -130050.043eV  Ekin = 586.665eV (T = 245K)  Etot = -129463.378eV
Step 1273:  Epot = -130048.553eV  Ekin = 585.598eV (T = 245K)  Etot = -129462.955eV
Step 1274:  Epot = -130051.025eV  Ekin = 588.206eV (T = 246K)  Etot = -129462.820eV
Step 1275:  Epot = -130054.354eV  Ekin = 591.545eV (T = 247K)  Etot = -129462.809eV
Step 1276:  Epot = -130053.387eV  Ekin = 591.365eV (T = 247K)  Etot = -129462.022eV
Step 1277:  Epot = -130049.197eV  Ekin = 587.781eV (T = 246K)  Etot = -129461.416eV
Step 1278:  Epot = -130048.159eV  Ekin = 587.109eV (T = 245K)  Etot = -129461.050eV
Step 1279:  Epot = -130051.620eV  Ekin = 590.551eV (T = 247K)  Etot = -129461.069eV
Step 1280:  Epot = -130053.564eV  Ekin = 592.325eV (T = 248K)  Etot = -129461.239eV
Step 1281:  Epot = -130052.389eV  Ekin = 591.507eV (T = 247K)  Etot = -129460.882eV
Step 1282:  Epot = -130051.918eV  Ekin = 591.082eV (T = 247K)  Etot = -129460.836eV
Step 1283:  Epot = -130054.290eV  Ekin = 593.656eV (T = 248K)  Etot = -129460.635eV
Step 1284:  Epot = -130057.522eV  Ekin = 596.797eV (T = 250K)  Etot = -129460.725eV
Step 1285:  Epot = -130056.985eV  Ekin = 596.800eV (T = 250K)  Etot = -129460.185eV
Step 1286:  Epot = -130052.580eV  Ekin = 593.451eV (T = 248K)  Etot = -129459.129eV
Step 1287:  Epot = -130050.328eV  Ekin = 591.365eV (T = 247K)  Etot = -129458.963eV
Step 1288:  Epot = -130052.602eV  Ekin = 593.435eV (T = 248K)  Etot = -129459.167eV
Step 1289:  Epot = -130053.295eV  Ekin = 594.354eV (T = 249K)  Etot = -129458.941eV
Step 1290:  Epot = -130050.804eV  Ekin = 592.557eV (T = 248K)  Etot = -129458.247eV
Step 1291:  Epot = -130050.584eV  Ekin = 592.355eV (T = 248K)  Etot = -129458.229eV
Step 1292:  Epot = -130053.701eV  Ekin = 595.433eV (T = 249K)  Etot = -129458.268eV
Step 1293:  Epot = -130056.906eV  Ekin = 598.505eV (T = 250K)  Etot = -129458.400eV
Step 1294:  Epot = -130056.073eV  Ekin = 597.926eV (T = 250K)  Etot = -129458.147eV
Step 1295:  Epot = -130051.697eV  Ekin = 593.920eV (T = 248K)  Etot = -129457.777eV
Step 1296:  Epot = -130049.807eV  Ekin = 592.634eV (T = 248K)  Etot = -129457.173eV
Step 1297:  Epot = -130051.942eV  Ekin = 594.289eV (T = 248K)  Etot = -129457.654eV
Step 1298:  Epot = -130051.760eV  Ekin = 594.625eV (T = 249K)  Etot = -129457.135eV
Step 1299:  Epot = -130048.618eV  Ekin = 592.024eV (T = 248K)  Etot = -129456.594eV
Step 1300:  Epot = -130047.766eV  Ekin = 591.563eV (T = 247K)  Etot = -129456.203eV
Step 1301:  Epot = -130050.336eV  Ekin = 594.209eV (T = 248K)  Etot = -129456.126eV
Step 1302:  Epot = -130053.693eV  Ekin = 598.055eV (T = 250K)  Etot = -129455.639eV
Step 1303:  Epot = -130054.329eV  Ekin = 599.012eV (T = 250K)  Etot = -129455.318eV
Step 1304:  Epot = -130051.419eV  Ekin = 596.669eV (T = 249K)  Etot = -129454.750eV
Step 1305:  Epot = -130048.988eV  Ekin = 594.486eV (T = 249K)  Etot = -129454.502eV
Step 1306:  Epot = -130050.113eV  Ekin = 595.263eV (T = 249K)  Etot = -129454.850eV
Step 1307:  Epot = -130049.922eV  Ekin = 595.140eV (T = 249K)  Etot = -129454.782eV
Step 1308:  Epot = -130046.605eV  Ekin = 592.208eV (T = 248K)  Etot = -129454.398eV
Step 1309:  Epot = -130044.951eV  Ekin = 591.206eV (T = 247K)  Etot = -129453.745eV
Step 1310:  Epot = -130047.106eV  Ekin = 593.417eV (T = 248K)  Etot = -129453.689eV
Step 1311:  Epot = -130051.272eV  Ekin = 597.463eV (T = 250K)  Etot = -129453.810eV
Step 1312:  Epot = -130052.930eV  Ekin = 599.317eV (T = 251K)  Etot = -129453.613eV
Step 1313:  Epot = -130050.848eV  Ekin = 597.701eV (T = 250K)  Etot = -129453.147eV
Step 1314:  Epot = -130048.739eV  Ekin = 596.065eV (T = 249K)  Etot = -129452.675eV
Step 1315:  Epot = -130050.064eV  Ekin = 596.902eV (T = 250K)  Etot = -129453.162eV
Step 1316:  Epot = -130050.788eV  Ekin = 597.487eV (T = 250K)  Etot = -129453.300eV
Step 1317:  Epot = -130047.559eV  Ekin = 594.938eV (T = 249K)  Etot = -129452.620eV
Step 1318:  Epot = -130044.081eV  Ekin = 591.996eV (T = 248K)  Etot = -129452.084eV
Step 1319:  Epot = -130043.471eV  Ekin = 591.560eV (T = 247K)  Etot = -129451.911eV
Step 1320:  Epot = -130045.746eV  Ekin = 593.697eV (T = 248K)  Etot = -129452.049eV
Step 1321:  Epot = -130047.265eV  Ekin = 595.413eV (T = 249K)  Etot = -129451.852eV
Step 1322:  Epot = -130045.707eV  Ekin = 594.485eV (T = 249K)  Etot = -129451.222eV
Step 1323:  Epot = -130044.098eV  Ekin = 593.275eV (T = 248K)  Etot = -129450.823eV
Step 1324:  Epot = -130044.892eV  Ekin = 593.886eV (T = 248K)  Etot = -129451.006eV
Step 1325:  Epot = -130046.181eV  Ekin = 594.775eV (T = 249K)  Etot = -129451.406eV
Step 1326:  Epot = -130044.885eV  Ekin = 593.758eV (T = 248K)  Etot = -129451.127eV
Step 1327:  Epot = -130041.604eV  Ekin = 591.314eV (T = 247K)  Etot = -129450.290eV
Step 1328:  Epot = -130038.969eV  Ekin = 589.047eV (T = 246K)  Etot = -129449.922eV
Step 1329:  Epot = -130040.170eV  Ekin = 590.077eV (T = 247K)  Etot = -129450.093eV
Step 1330:  Epot = -130042.825eV  Ekin = 593.227eV (T = 248K)  Etot = -129449.598eV
Step 1331:  Epot = -130043.593eV  Ekin = 593.990eV (T = 248K)  Etot = -129449.603eV
Step 1332:  Epot = -130043.015eV  Ekin = 593.850eV (T = 248K)  Etot = -129449.165eV
Step 1333:  Epot = -130043.223eV  Ekin = 594.443eV (T = 249K)  Etot = -129448.780eV
Step 1334:  Epot = -130045.003eV  Ekin = 596.638eV (T = 249K)  Etot = -129448.365eV
Step 1335:  Epot = -130045.760eV  Ekin = 597.284eV (T = 250K)  Etot = -129448.476eV
Step 1336:  Epot = -130043.617eV  Ekin = 595.332eV (T = 249K)  Etot = -129448.285eV
Step 1337:  Epot = -130040.923eV  Ekin = 593.276eV (T = 248K)  Etot = -129447.648eV
Step 1338:  Epot = -130041.283eV  Ekin = 594.264eV (T = 248K)  Etot = -129447.019eV
Step 1339:  Epot = -130043.507eV  Ekin = 596.737eV (T = 250K)  Etot = -129446.770eV
Step 1340:  Epot = -130044.026eV  Ekin = 597.637eV (T = 250K)  Etot = -129446.390eV
Step 1341:  Epot = -130043.307eV  Ekin = 597.337eV (T = 250K)  Etot = -129445.970eV
Step 1342:  Epot = -130043.883eV  Ekin = 597.777eV (T = 250K)  Etot = -129446.106eV
Step 1343:  Epot = -130045.992eV  Ekin = 600.090eV (T = 251K)  Etot = -129445.902eV
Step 1344:  Epot = -130046.628eV  Ekin = 600.741eV (T = 251K)  Etot = -129445.886eV
Step 1345:  Epot = -130044.354eV  Ekin = 598.809eV (T = 250K)  Etot = -129445.545eV
Step 1346:  Epot = -130041.880eV  Ekin = 596.384eV (T = 249K)  Etot = -129445.496eV
Step 1347:  Epot = -130041.739eV  Ekin = 596.532eV (T = 249K)  Etot = -129445.207eV
Step 1348:  Epot = -130042.629eV  Ekin = 597.753eV (T = 250K)  Etot = -129444.876eV
Step 1349:  Epot = -130043.385eV  Ekin = 599.080eV (T = 250K)  Etot = -129444.305eV
Step 1350:  Epot = -130044.599eV  Ekin = 600.257eV (T = 251K)  Etot = -129444.342eV
Step 1351:  Epot = -130045.957eV  Ekin = 601.615eV (T = 252K)  Etot = -129444.343eV
Step 1352:  Epot = -130047.421eV  Ekin = 603.103eV (T = 252K)  Etot = -129444.318eV
Step 1353:  Epot = -130047.744eV  Ekin = 604.090eV (T = 253K)  Etot = -129443.654eV
Step 1354:  Epot = -130045.862eV  Ekin = 602.405eV (T = 252K)  Etot = -129443.456eV
Step 1355:  Epot = -130043.628eV  Ekin = 600.339eV (T = 251K)  Etot = -129443.288eV
Step 1356:  Epot = -130042.646eV  Ekin = 599.454eV (T = 251K)  Etot = -129443.192eV
Step 1357:  Epot = -130041.354eV  Ekin = 598.936eV (T = 250K)  Etot = -129442.418eV
Step 1358:  Epot = -130040.379eV  Ekin = 598.457eV (T = 250K)  Etot = -129441.922eV
Step 1359:  Epot = -130040.031eV  Ekin = 598.241eV (T = 250K)  Etot = -129441.790eV
Step 1360:  Epot = -130039.696eV  Ekin = 598.288eV (T = 250K)  Etot = -129441.408eV
Step 1361:  Epot = -130040.146eV  Ekin = 598.903eV (T = 250K)  Etot = -129441.243eV
Step 1362:  Epot = -130040.747eV  Ekin = 599.778eV (T = 251K)  Etot = -129440.970eV
Step 1363:  Epot = -130039.408eV  Ekin = 598.860eV (T = 250K)  Etot = -129440.548eV
Step 1364:  Epot = -130037.518eV  Ekin = 597.220eV (T = 250K)  Etot = -129440.297eV
Step 1365:  Epot = -130036.500eV  Ekin = 596.179eV (T = 249K)  Etot = -129440.322eV
Step 1366:  Epot = -130034.630eV  Ekin = 594.753eV (T = 249K)  Etot = -129439.877eV
Step 1367:  Epot = -130033.329eV  Ekin = 593.623eV (T = 248K)  Etot = -129439.705eV
Step 1368:  Epot = -130034.001eV  Ekin = 594.155eV (T = 248K)  Etot = -129439.846eV
Step 1369:  Epot = -130034.888eV  Ekin = 595.502eV (T = 249K)  Etot = -129439.386eV
Step 1370:  Epot = -130035.990eV  Ekin = 597.229eV (T = 250K)  Etot = -129438.760eV
Step 1371:  Epot = -130038.175eV  Ekin = 599.257eV (T = 251K)  Etot = -129438.918eV
Step 1372:  Epot = -130038.883eV  Ekin = 600.334eV (T = 251K)  Etot = -129438.550eV
Step 1373:  Epot = -130038.363eV  Ekin = 600.033eV (T = 251K)  Etot = -129438.330eV
Step 1374:  Epot = -130038.845eV  Ekin = 600.528eV (T = 251K)  Etot = -129438.317eV
Step 1375:  Epot = -130037.840eV  Ekin = 599.267eV (T = 251K)  Etot = -129438.572eV
Step 1376:  Epot = -130035.912eV  Ekin = 597.642eV (T = 250K)  Etot = -129438.269eV
Step 1377:  Epot = -130036.380eV  Ekin = 598.267eV (T = 250K)  Etot = -129438.113eV
Step 1378:  Epot = -130037.556eV  Ekin = 599.441eV (T = 251K)  Etot = -129438.115eV
Step 1379:  Epot = -130038.211eV  Ekin = 600.115eV (T = 251K)  Etot = -129438.096eV
Step 1380:  Epot = -130039.432eV  Ekin = 601.054eV (T = 251K)  Etot = -129438.378eV
Step 1381:  Epot = -130039.618eV  Ekin = 601.579eV (T = 252K)  Etot = -129438.038eV
Step 1382:  Epot = -130038.757eV  Ekin = 601.213eV (T = 251K)  Etot = -129437.544eV
Step 1383:  Epot = -130039.069eV  Ekin = 601.334eV (T = 251K)  Etot = -129437.736eV
Step 1384:  Epot = -130037.837eV  Ekin = 600.409eV (T = 251K)  Etot = -129437.428eV
Step 1385:  Epot = -130035.228eV  Ekin = 598.697eV (T = 250K)  Etot = -129436.531eV
Step 1386:  Epot = -130034.629eV  Ekin = 598.719eV (T = 250K)  Etot = -129435.911eV
Step 1387:  Epot = -130035.566eV  Ekin = 600.347eV (T = 251K)  Etot = -129435.219eV
Step 1388:  Epot = -130036.334eV  Ekin = 601.525eV (T = 252K)  Etot = -129434.809eV
Step 1389:  Epot = -130037.106eV  Ekin = 602.613eV (T = 252K)  Etot = -129434.493eV
Step 1390:  Epot = -130037.268eV  Ekin = 602.889eV (T = 252K)  Etot = -129434.379eV
Step 1391:  Epot = -130036.415eV  Ekin = 602.330eV (T = 252K)  Etot = -129434.084eV
Step 1392:  Epot = -130036.495eV  Ekin = 601.961eV (T = 252K)  Etot = -129434.534eV
Step 1393:  Epot = -130036.339eV  Ekin = 602.212eV (T = 252K)  Etot = -129434.126eV
Step 1394:  Epot = -130034.549eV  Ekin = 600.792eV (T = 251K)  Etot = -129433.757eV
Step 1395:  Epot = -130033.559eV  Ekin = 600.319eV (T = 251K)  Etot = -129433.240eV
Step 1396:  Epot = -130034.338eV  Ekin = 601.320eV (T = 251K)  Etot = -129433.018eV
Step 1397:  Epot = -130034.498eV  Ekin = 601.462eV (T = 251K)  Etot = -129433.036eV
Step 1398:  Epot = -130034.223eV  Ekin = 600.770eV (T = 251K)  Etot = -129433.453eV
Step 1399:  Epot = -130034.437eV  Ekin = 600.852eV (T = 251K)  Etot = -129433.585eV
Step 1400:  Epot = -130034.514eV  Ekin = 601.256eV (T = 251K)  Etot = -129433.258eV
Step 1401:  Epot = -130034.867eV  Ekin = 601.796eV (T = 252K)  Etot = -129433.070eV
Step 1402:  Epot = -130034.886eV  Ekin = 602.381eV (T = 252K)  Etot = -129432.504eV
Step 1403:  Epot = -130034.024eV  Ekin = 602.082eV (T = 252K)  Etot = -129431.942eV
Step 1404:  Epot = -130033.828eV  Ekin = 602.650eV (T = 252K)  Etot = -129431.177eV
Step 1405:  Epot = -130035.007eV  Ekin = 604.230eV (T = 253K)  Etot = -129430.777eV
Step 1406:  Epot = -130035.765eV  Ekin = 605.434eV (T = 253K)  Etot = -129430.331eV
Step 1407:  Epot = -130035.900eV  Ekin = 605.798eV (T = 253K)  Etot = -129430.101eV
Step 1408:  Epot = -130036.491eV  Ekin = 606.294eV (T = 254K)  Etot = -129430.198eV
Step 1409:  Epot = -130036.698eV  Ekin = 606.879eV (T = 254K)  Etot = -129429.819eV
Step 1410:  Epot = -130036.227eV  Ekin = 606.372eV (T = 254K)  Etot = -129429.855eV
Step 1411:  Epot = -130035.587eV  Ekin = 605.952eV (T = 253K)  Etot = -129429.635eV
Step 1412:  Epot = -130035.188eV  Ekin = 605.541eV (T = 253K)  Etot = -129429.647eV
Step 1413:  Epot = -130035.617eV  Ekin = 606.594eV (T = 254K)  Etot = -129429.023eV
Step 1414:  Epot = -130037.144eV  Ekin = 608.326eV (T = 254K)  Etot = -129428.818eV
Step 1415:  Epot = -130037.594eV  Ekin = 609.100eV (T = 255K)  Etot = -129428.495eV
Step 1416:  Epot = -130037.381eV  Ekin = 608.998eV (T = 255K)  Etot = -129428.383eV
Step 1417:  Epot = -130038.400eV  Ekin = 610.037eV (T = 255K)  Etot = -129428.364eV
Step 1418:  Epot = -130039.168eV  Ekin = 610.221eV (T = 255K)  Etot = -129428.947eV
Step 1419:  Epot = -130037.963eV  Ekin = 609.208eV (T = 255K)  Etot = -129428.755eV
Step 1420:  Epot = -130035.571eV  Ekin = 607.772eV (T = 254K)  Etot = -129427.799eV
Step 1421:  Epot = -130033.991eV  Ekin = 606.177eV (T = 253K)  Etot = -129427.814eV
Step 1422:  Epot = -130033.991eV  Ekin = 606.676eV (T = 254K)  Etot = -129427.315eV
Step 1423:  Epot = -130034.907eV  Ekin = 608.230eV (T = 254K)  Etot = -129426.678eV
Step 1424:  Epot = -130034.926eV  Ekin = 608.439eV (T = 254K)  Etot = -129426.487eV
Step 1425:  Epot = -130034.071eV  Ekin = 607.628eV (T = 254K)  Etot = -129426.444eV
Step 1426:  Epot = -130035.407eV  Ekin = 609.225eV (T = 255K)  Etot = -129426.182eV
Step 1427:  Epot = -130036.862eV  Ekin = 610.713eV (T = 255K)  Etot = -129426.149eV
Step 1428:  Epot = -130035.359eV  Ekin = 609.483eV (T = 255K)  Etot = -129425.876eV
Step 1429:  Epot = -130032.142eV  Ekin = 606.520eV (T = 254K)  Etot = -129425.622eV
Step 1430:  Epot = -130030.180eV  Ekin = 605.101eV (T = 253K)  Etot = -129425.079eV
Step 1431:  Epot = -130030.341eV  Ekin = 605.110eV (T = 253K)  Etot = -129425.231eV
Step 1432:  Epot = -130031.620eV  Ekin = 606.493eV (T = 254K)  Etot = -129425.127eV
Step 1433:  Epot = -130031.026eV  Ekin = 606.027eV (T = 253K)  Etot = -129424.999eV
Step 1434:  Epot = -130029.273eV  Ekin = 604.924eV (T = 253K)  Etot = -129424.348eV
Step 1435:  Epot = -130030.466eV  Ekin = 606.127eV (T = 253K)  Etot = -129424.339eV
Step 1436:  Epot = -130032.435eV  Ekin = 608.120eV (T = 254K)  Etot = -129424.314eV
Step 1437:  Epot = -130031.472eV  Ekin = 607.663eV (T = 254K)  Etot = -129423.809eV
Step 1438:  Epot = -130028.414eV  Ekin = 605.252eV (T = 253K)  Etot = -129423.161eV
Step 1439:  Epot = -130026.142eV  Ekin = 603.270eV (T = 252K)  Etot = -129422.872eV
Step 1440:  Epot = -130026.079eV  Ekin = 603.426eV (T = 252K)  Etot = -129422.653eV
Step 1441:  Epot = -130027.298eV  Ekin = 604.561eV (T = 253K)  Etot = -129422.737eV
Step 1442:  Epot = -130027.085eV  Ekin = 604.444eV (T = 253K)  Etot = -129422.640eV
Step 1443:  Epot = -130025.094eV  Ekin = 603.067eV (T = 252K)  Etot = -129422.027eV
Step 1444:  Epot = -130025.781eV  Ekin = 603.481eV (T = 252K)  Etot = -129422.300eV
Step 1445:  Epot = -130028.924eV  Ekin = 606.076eV (T = 253K)  Etot = -129422.848eV
Step 1446:  Epot = -130029.598eV  Ekin = 606.739eV (T = 254K)  Etot = -129422.859eV
Step 1447:  Epot = -130027.080eV  Ekin = 604.725eV (T = 253K)  Etot = -129422.355eV
Step 1448:  Epot = -130024.847eV  Ekin = 603.148eV (T = 252K)  Etot = -129421.699eV
Step 1449:  Epot = -130025.115eV  Ekin = 603.684eV (T = 252K)  Etot = -129421.430eV
Step 1450:  Epot = -130027.351eV  Ekin = 605.911eV (T = 253K)  Etot = -129421.440eV
Step 1451:  Epot = -130028.323eV  Ekin = 607.057eV (T = 254K)  Etot = -129421.265eV
Step 1452:  Epot = -130026.944eV  Ekin = 605.980eV (T = 253K)  Etot = -129420.964eV
Step 1453:  Epot = -130026.974eV  Ekin = 606.305eV (T = 254K)  Etot = -129420.670eV
Step 1454:  Epot = -130030.057eV  Ekin = 608.966eV (T = 255K)  Etot = -129421.091eV
Step 1455:  Epot = -130031.704eV  Ekin = 610.528eV (T = 255K)  Etot = -129421.177eV
Step 1456:  Epot = -130029.368eV  Ekin = 609.004eV (T = 255K)  Etot = -129420.365eV
Step 1457:  Epot = -130026.586eV  Ekin = 607.056eV (T = 254K)  Etot = -129419.530eV
Step 1458:  Epot = -130026.093eV  Ekin = 606.844eV (T = 254K)  Etot = -129419.250eV
Step 1459:  Epot = -130027.251eV  Ekin = 608.072eV (T = 254K)  Etot = -129419.178eV
Step 1460:  Epot = -130028.033eV  Ekin = 609.030eV (T = 255K)  Etot = -129419.003eV
Step 1461:  Epot = -130026.054eV  Ekin = 607.749eV (T = 254K)  Etot = -129418.305eV
Step 1462:  Epot = -130024.258eV  Ekin = 606.413eV (T = 254K)  Etot = -129417.845eV
Step 1463:  Epot = -130025.795eV  Ekin = 607.911eV (T = 254K)  Etot = -129417.884eV
Step 1464:  Epot = -130027.451eV  Ekin = 609.441eV (T = 255K)  Etot = -129418.010eV
Step 1465:  Epot = -130024.679eV  Ekin = 606.823eV (T = 254K)  Etot = -129417.856eV
Step 1466:  Epot = -130019.803eV  Ekin = 602.542eV (T = 252K)  Etot = -129417.261eV
Step 1467:  Epot = -130017.973eV  Ekin = 600.696eV (T = 251K)  Etot = -129417.277eV
Step 1468:  Epot = -130019.272eV  Ekin = 602.034eV (T = 252K)  Etot = -129417.238eV
Step 1469:  Epot = -130021.004eV  Ekin = 603.809eV (T = 252K)  Etot = -129417.195eV
Step 1470:  Epot = -130020.300eV  Ekin = 603.392eV (T = 252K)  Etot = -129416.908eV
Step 1471:  Epot = -130019.148eV  Ekin = 602.382eV (T = 252K)  Etot = -129416.766eV
Step 1472:  Epot = -130021.338eV  Ekin = 605.208eV (T = 253K)  Etot = -129416.130eV
Step 1473:  Epot = -130025.218eV  Ekin = 609.162eV (T = 255K)  Etot = -129416.055eV
Step 1474:  Epot = -130025.901eV  Ekin = 610.019eV (T = 255K)  Etot = -129415.882eV
Step 1475:  Epot = -130023.450eV  Ekin = 607.988eV (T = 254K)  Etot = -129415.462eV
Step 1476:  Epot = -130022.083eV  Ekin = 607.098eV (T = 254K)  Etot = -129414.986eV
Step 1477:  Epot = -130022.934eV  Ekin = 608.184eV (T = 254K)  Etot = -129414.750eV
Step 1478:  Epot = -130024.766eV  Ekin = 610.693eV (T = 255K)  Etot = -129414.073eV
Step 1479:  Epot = -130025.079eV  Ekin = 611.377eV (T = 256K)  Etot = -129413.702eV
Step 1480:  Epot = -130024.033eV  Ekin = 610.822eV (T = 255K)  Etot = -129413.211eV
Step 1481:  Epot = -130024.268eV  Ekin = 611.385eV (T = 256K)  Etot = -129412.883eV
Step 1482:  Epot = -130026.016eV  Ekin = 613.293eV (T = 256K)  Etot = -129412.723eV
Step 1483:  Epot = -130026.867eV  Ekin = 614.531eV (T = 257K)  Etot = -129412.336eV
Step 1484:  Epot = -130025.022eV  Ekin = 613.111eV (T = 256K)  Etot = -129411.912eV
Step 1485:  Epot = -130022.862eV  Ekin = 611.215eV (T = 256K)  Etot = -129411.647eV
Step 1486:  Epot = -130022.307eV  Ekin = 610.612eV (T = 255K)  Etot = -129411.696eV
Step 1487:  Epot = -130022.711eV  Ekin = 611.350eV (T = 256K)  Etot = -129411.361eV
Step 1488:  Epot = -130023.182eV  Ekin = 611.985eV (T = 256K)  Etot = -129411.198eV
Step 1489:  Epot = -130022.979eV  Ekin = 612.242eV (T = 256K)  Etot = -129410.737eV
Step 1490:  Epot = -130022.974eV  Ekin = 612.391eV (T = 256K)  Etot = -129410.583eV
Step 1491:  Epot = -130023.623eV  Ekin = 613.549eV (T = 257K)  Etot = -129410.074eV
Step 1492:  Epot = -130024.463eV  Ekin = 614.401eV (T = 257K)  Etot = -129410.062eV
Step 1493:  Epot = -130024.342eV  Ekin = 614.009eV (T = 257K)  Etot = -129410.333eV
Step 1494:  Epot = -130023.375eV  Ekin = 613.353eV (T = 256K)  Etot = -129410.022eV
Step 1495:  Epot = -130022.091eV  Ekin = 612.173eV (T = 256K)  Etot = -129409.918eV
Step 1496:  Epot = -130020.969eV  Ekin = 611.322eV (T = 256K)  Etot = -129409.647eV
Step 1497:  Epot = -130021.586eV  Ekin = 612.261eV (T = 256K)  Etot = -129409.326eV
Step 1498:  Epot = -130022.642eV  Ekin = 613.778eV (T = 257K)  Etot = -129408.864eV
Step 1499:  Epot = -130022.185eV  Ekin = 613.542eV (T = 257K)  Etot = -129408.644eV
Step 1500:  Epot = -130021.086eV  Ekin = 612.749eV (T = 256K)  Etot = -129408.337eV
Step 1501:  Epot = -130020.894eV  Ekin = 612.916eV (T = 256K)  Etot = -129407.978eV
Step 1502:  Epot = -130021.339eV  Ekin = 613.192eV (T = 256K)  Etot = -129408.146eV
Step 1503:  Epot = -130021.249eV  Ekin = 613.061eV (T = 256K)  Etot = -129408.188eV
Step 1504:  Epot = -130019.963eV  Ekin = 612.277eV (T = 256K)  Etot = -129407.686eV
Step 1505:  Epot = -130017.943eV  Ekin = 610.661eV (T = 255K)  Etot = -129407.282eV
Step 1506:  Epot = -130017.859eV  Ekin = 610.653eV (T = 255K)  Etot = -129407.207eV
Step 1507:  Epot = -130020.073eV  Ekin = 612.785eV (T = 256K)  Etot = -129407.288eV
Step 1508:  Epot = -130021.217eV  Ekin = 614.070eV (T = 257K)  Etot = -129407.147eV
Step 1509:  Epot = -130020.273eV  Ekin = 613.866eV (T = 257K)  Etot = -129406.408eV
Step 1510:  Epot = -130019.308eV  Ekin = 613.190eV (T = 256K)  Etot = -129406.118eV
Step 1511:  Epot = -130020.066eV  Ekin = 613.552eV (T = 257K)  Etot = -129406.514eV
Step 1512:  Epot = -130021.501eV  Ekin = 615.204eV (T = 257K)  Etot = -129406.298eV
Step 1513:  Epot = -130021.229eV  Ekin = 614.995eV (T = 257K)  Etot = -129406.234eV
Step 1514:  Epot = -130018.752eV  Ekin = 612.972eV (T = 256K)  Etot = -129405.780eV
Step 1515:  Epot = -130017.727eV  Ekin = 611.900eV (T = 256K)  Etot = -129405.826eV
Step 1516:  Epot = -130019.811eV  Ekin = 613.924eV (T = 257K)  Etot = -129405.887eV
Step 1517:  Epot = -130021.391eV  Ekin = 615.298eV (T = 257K)  Etot = -129406.093eV
Step 1518:  Epot = -130020.194eV  Ekin = 614.345eV (T = 257K)  Etot = -129405.849eV
Step 1519:  Epot = -130017.856eV  Ekin = 612.006eV (T = 256K)  Etot = -129405.850eV
Step 1520:  Epot = -130017.469eV  Ekin = 611.544eV (T = 256K)  Etot = -129405.924eV
Step 1521:  Epot = -130018.950eV  Ekin = 613.126eV (T = 256K)  Etot = -129405.824eV
Step 1522:  Epot = -130018.753eV  Ekin = 613.137eV (T = 256K)  Etot = -129405.616eV
Step 1523:  Epot = -130015.152eV  Ekin = 610.376eV (T = 255K)  Etot = -129404.776eV
Step 1524:  Epot = -130012.842eV  Ekin = 608.549eV (T = 254K)  Etot = -129404.293eV
Step 1525:  Epot = -130015.012eV  Ekin = 610.622eV (T = 255K)  Etot = -129404.391eV
Step 1526:  Epot = -130017.763eV  Ekin = 613.327eV (T = 256K)  Etot = -129404.436eV
Step 1527:  Epot = -130017.415eV  Ekin = 613.571eV (T = 257K)  Etot = -129403.844eV
Step 1528:  Epot = -130015.131eV  Ekin = 611.721eV (T = 256K)  Etot = -129403.410eV
Step 1529:  Epot = -130013.862eV  Ekin = 611.376eV (T = 256K)  Etot = -129402.486eV
Step 1530:  Epot = -130015.838eV  Ekin = 612.983eV (T = 256K)  Etot = -129402.855eV
Step 1531:  Epot = -130017.963eV  Ekin = 615.059eV (T = 257K)  Etot = -129402.905eV
Step 1532:  Epot = -130015.586eV  Ekin = 613.028eV (T = 256K)  Etot = -129402.558eV
Step 1533:  Epot = -130012.520eV  Ekin = 610.402eV (T = 255K)  Etot = -129402.118eV
Step 1534:  Epot = -130014.261eV  Ekin = 612.553eV (T = 256K)  Etot = -129401.708eV
Step 1535:  Epot = -130018.039eV  Ekin = 616.080eV (T = 258K)  Etot = -129401.959eV
Step 1536:  Epot = -130019.581eV  Ekin = 617.372eV (T = 258K)  Etot = -129402.209eV
Step 1537:  Epot = -130018.226eV  Ekin = 616.181eV (T = 258K)  Etot = -129402.045eV
Step 1538:  Epot = -130016.457eV  Ekin = 614.606eV (T = 257K)  Etot = -129401.851eV
Step 1539:  Epot = -130018.565eV  Ekin = 616.267eV (T = 258K)  Etot = -129402.298eV
Step 1540:  Epot = -130021.331eV  Ekin = 618.862eV (T = 259K)  Etot = -129402.470eV
Step 1541:  Epot = -130019.319eV  Ekin = 617.022eV (T = 258K)  Etot = -129402.297eV
Step 1542:  Epot = -130016.185eV  Ekin = 614.571eV (T = 257K)  Etot = -129401.613eV
Step 1543:  Epot = -130017.836eV  Ekin = 615.776eV (T = 257K)  Etot = -129402.060eV
Step 1544:  Epot = -130021.844eV  Ekin = 619.617eV (T = 259K)  Etot = -129402.227eV
Step 1545:  Epot = -130022.803eV  Ekin = 620.673eV (T = 260K)  Etot = -129402.130eV
Step 1546:  Epot = -130020.523eV  Ekin = 618.950eV (T = 259K)  Etot = -129401.573eV
Step 1547:  Epot = -130018.608eV  Ekin = 617.441eV (T = 258K)  Etot = -129401.167eV
Step 1548:  Epot = -130019.843eV  Ekin = 618.754eV (T = 259K)  Etot = -129401.088eV
Step 1549:  Epot = -130021.180eV  Ekin = 619.884eV (T = 259K)  Etot = -129401.296eV
Step 1550:  Epot = -130018.748eV  Ekin = 617.653eV (T = 258K)  Etot = -129401.094eV
Step 1551:  Epot = -130015.242eV  Ekin = 614.632eV (T = 257K)  Etot = -129400.610eV
Step 1552:  Epot = -130014.876eV  Ekin = 614.181eV (T = 257K)  Etot = -129400.695eV
Step 1553:  Epot = -130016.020eV  Ekin = 615.505eV (T = 257K)  Etot = -129400.515eV
Step 1554:  Epot = -130015.576eV  Ekin = 615.457eV (T = 257K)  Etot = -129400.119eV
Step 1555:  Epot = -130013.949eV  Ekin = 614.074eV (T = 257K)  Etot = -129399.874eV
Step 1556:  Epot = -130012.797eV  Ekin = 612.979eV (T = 256K)  Etot = -129399.819eV
Step 1557:  Epot = -130013.089eV  Ekin = 613.514eV (T = 257K)  Etot = -129399.575eV
Step 1558:  Epot = -130013.979eV  Ekin = 614.797eV (T = 257K)  Etot = -129399.182eV
Step 1559:  Epot = -130012.277eV  Ekin = 613.620eV (T = 257K)  Etot = -129398.657eV
Step 1560:  Epot = -130009.877eV  Ekin = 611.665eV (T = 256K)  Etot = -129398.212eV
Step 1561:  Epot = -130010.034eV  Ekin = 611.787eV (T = 256K)  Etot = -129398.247eV
Step 1562:  Epot = -130011.839eV  Ekin = 613.815eV (T = 257K)  Etot = -129398.025eV
Step 1563:  Epot = -130013.428eV  Ekin = 615.426eV (T = 257K)  Etot = -129398.003eV
Step 1564:  Epot = -130014.015eV  Ekin = 616.342eV (T = 258K)  Etot = -129397.673eV
Step 1565:  Epot = -130013.434eV  Ekin = 615.668eV (T = 257K)  Etot = -129397.766eV
Step 1566:  Epot = -130013.406eV  Ekin = 616.111eV (T = 258K)  Etot = -129397.295eV
Step 1567:  Epot = -130014.439eV  Ekin = 617.139eV (T = 258K)  Etot = -129397.301eV
Step 1568:  Epot = -130014.016eV  Ekin = 617.025eV (T = 258K)  Etot = -129396.990eV
Step 1569:  Epot = -130013.535eV  Ekin = 617.373eV (T = 258K)  Etot = -129396.163eV
Step 1570:  Epot = -130014.910eV  Ekin = 618.811eV (T = 259K)  Etot = -129396.099eV
Step 1571:  Epot = -130016.271eV  Ekin = 620.023eV (T = 259K)  Etot = -129396.248eV
Step 1572:  Epot = -130016.807eV  Ekin = 620.812eV (T = 260K)  Etot = -129395.994eV
Step 1573:  Epot = -130016.658eV  Ekin = 620.275eV (T = 259K)  Etot = -129396.383eV
Step 1574:  Epot = -130016.274eV  Ekin = 619.611eV (T = 259K)  Etot = -129396.663eV
Step 1575:  Epot = -130016.266eV  Ekin = 619.777eV (T = 259K)  Etot = -129396.490eV
Step 1576:  Epot = -130016.767eV  Ekin = 620.342eV (T = 259K)  Etot = -129396.425eV
Step 1577:  Epot = -130015.927eV  Ekin = 619.567eV (T = 259K)  Etot = -129396.360eV
Step 1578:  Epot = -130014.359eV  Ekin = 618.014eV (T = 258K)  Etot = -129396.346eV
Step 1579:  Epot = -130014.886eV  Ekin = 618.461eV (T = 259K)  Etot = -129396.425eV
Step 1580:  Epot = -130015.357eV  Ekin = 619.102eV (T = 259K)  Etot = -129396.256eV
Step 1581:  Epot = -130015.228eV  Ekin = 619.278eV (T = 259K)  Etot = -129395.949eV
Step 1582:  Epot = -130014.585eV  Ekin = 619.354eV (T = 259K)  Etot = -129395.231eV
Step 1583:  Epot = -130013.320eV  Ekin = 618.224eV (T = 259K)  Etot = -129395.096eV
Step 1584:  Epot = -130012.339eV  Ekin = 617.159eV (T = 258K)  Etot = -129395.180eV
Step 1585:  Epot = -130012.010eV  Ekin = 616.523eV (T = 258K)  Etot = -129395.487eV
Step 1586:  Epot = -130010.620eV  Ekin = 615.383eV (T = 257K)  Etot = -129395.237eV
Step 1587:  Epot = -130007.995eV  Ekin = 613.168eV (T = 256K)  Etot = -129394.827eV
Step 1588:  Epot = -130008.144eV  Ekin = 613.318eV (T = 256K)  Etot = -129394.826eV
Step 1589:  Epot = -130010.199eV  Ekin = 615.344eV (T = 257K)  Etot = -129394.855eV
Step 1590:  Epot = -130011.425eV  Ekin = 616.964eV (T = 258K)  Etot = -129394.460eV
Step 1591:  Epot = -130011.230eV  Ekin = 617.175eV (T = 258K)  Etot = -129394.055eV
Step 1592:  Epot = -130009.871eV  Ekin = 615.885eV (T = 258K)  Etot = -129393.986eV
Step 1593:  Epot = -130009.141eV  Ekin = 615.000eV (T = 257K)  Etot = -129394.141eV
Step 1594:  Epot = -130009.621eV  Ekin = 615.223eV (T = 257K)  Etot = -129394.398eV
Step 1595:  Epot = -130010.245eV  Ekin = 616.024eV (T = 258K)  Etot = -129394.220eV
Step 1596:  Epot = -130009.385eV  Ekin = 615.490eV (T = 257K)  Etot = -129393.894eV
Step 1597:  Epot = -130009.254eV  Ekin = 615.623eV (T = 257K)  Etot = -129393.631eV
Step 1598:  Epot = -130010.913eV  Ekin = 617.107eV (T = 258K)  Etot = -129393.806eV
Step 1599:  Epot = -130012.575eV  Ekin = 618.978eV (T = 259K)  Etot = -129393.597eV
Step 1600:  Epot = -130013.566eV  Ekin = 620.222eV (T = 259K)  Etot = -129393.344eV
Step 1601:  Epot = -130013.250eV  Ekin = 620.411eV (T = 259K)  Etot = -129392.840eV
Step 1602:  Epot = -130012.812eV  Ekin = 620.453eV (T = 259K)  Etot = -129392.359eV
Step 1603:  Epot = -130013.021eV  Ekin = 620.991eV (T = 260K)  Etot = -129392.030eV
Step 1604:  Epot = -130013.422eV  Ekin = 621.789eV (T = 260K)  Etot = -129391.633eV
Step 1605:  Epot = -130012.599eV  Ekin = 621.340eV (T = 260K)  Etot = -129391.259eV
Step 1606:  Epot = -130010.712eV  Ekin = 619.785eV (T = 259K)  Etot = -129390.928eV
Step 1607:  Epot = -130010.561eV  Ekin = 619.922eV (T = 259K)  Etot = -129390.639eV
Step 1608:  Epot = -130011.946eV  Ekin = 621.813eV (T = 260K)  Etot = -129390.134eV
Step 1609:  Epot = -130012.821eV  Ekin = 622.755eV (T = 260K)  Etot = -129390.067eV
Step 1610:  Epot = -130011.744eV  Ekin = 622.190eV (T = 260K)  Etot = -129389.554eV
Step 1611:  Epot = -130009.595eV  Ekin = 619.987eV (T = 259K)  Etot = -129389.609eV
Step 1612:  Epot = -130008.315eV  Ekin = 618.949eV (T = 259K)  Etot = -129389.365eV
Step 1613:  Epot = -130008.431eV  Ekin = 619.846eV (T = 259K)  Etot = -129388.586eV
Step 1614:  Epot = -130008.206eV  Ekin = 620.034eV (T = 259K)  Etot = -129388.172eV
Step 1615:  Epot = -130005.983eV  Ekin = 618.045eV (T = 258K)  Etot = -129387.938eV
Step 1616:  Epot = -130004.665eV  Ekin = 616.953eV (T = 258K)  Etot = -129387.711eV
Step 1617:  Epot = -130006.476eV  Ekin = 618.642eV (T = 259K)  Etot = -129387.834eV
Step 1618:  Epot = -130008.952eV  Ekin = 620.278eV (T = 259K)  Etot = -129388.674eV
Step 1619:  Epot = -130010.293eV  Ekin = 621.779eV (T = 260K)  Etot = -129388.513eV
Step 1620:  Epot = -130010.317eV  Ekin = 621.953eV (T = 260K)  Etot = -129388.364eV
Step 1621:  Epot = -130009.663eV  Ekin = 621.917eV (T = 260K)  Etot = -129387.746eV
Step 1622:  Epot = -130009.763eV  Ekin = 622.179eV (T = 260K)  Etot = -129387.584eV
Step 1623:  Epot = -130011.542eV  Ekin = 623.441eV (T = 261K)  Etot = -129388.100eV
Step 1624:  Epot = -130011.383eV  Ekin = 623.127eV (T = 261K)  Etot = -129388.256eV
Step 1625:  Epot = -130008.846eV  Ekin = 621.348eV (T = 260K)  Etot = -129387.498eV
Step 1626:  Epot = -130008.918eV  Ekin = 621.664eV (T = 260K)  Etot = -129387.254eV
Step 1627:  Epot = -130011.686eV  Ekin = 624.546eV (T = 261K)  Etot = -129387.140eV
Step 1628:  Epot = -130013.624eV  Ekin = 626.577eV (T = 262K)  Etot = -129387.047eV
Step 1629:  Epot = -130013.005eV  Ekin = 625.915eV (T = 262K)  Etot = -129387.090eV
Step 1630:  Epot = -130010.620eV  Ekin = 623.972eV (T = 261K)  Etot = -129386.648eV
Step 1631:  Epot = -130008.998eV  Ekin = 622.879eV (T = 260K)  Etot = -129386.119eV
Step 1632:  Epot = -130009.829eV  Ekin = 623.885eV (T = 261K)  Etot = -129385.944eV
Step 1633:  Epot = -130009.529eV  Ekin = 623.667eV (T = 261K)  Etot = -129385.862eV
Step 1634:  Epot = -130005.403eV  Ekin = 619.786eV (T = 259K)  Etot = -129385.617eV
Step 1635:  Epot = -130003.156eV  Ekin = 617.883eV (T = 258K)  Etot = -129385.273eV
Step 1636:  Epot = -130005.123eV  Ekin = 620.116eV (T = 259K)  Etot = -129385.007eV
Step 1637:  Epot = -130007.234eV  Ekin = 621.913eV (T = 260K)  Etot = -129385.321eV
Step 1638:  Epot = -130006.715eV  Ekin = 621.764eV (T = 260K)  Etot = -129384.950eV
Step 1639:  Epot = -130004.759eV  Ekin = 619.934eV (T = 259K)  Etot = -129384.825eV
Step 1640:  Epot = -130003.506eV  Ekin = 619.000eV (T = 259K)  Etot = -129384.506eV
Step 1641:  Epot = -130005.233eV  Ekin = 621.008eV (T = 260K)  Etot = -129384.225eV
Step 1642:  Epot = -130007.070eV  Ekin = 621.875eV (T = 260K)  Etot = -129385.196eV
Step 1643:  Epot = -130004.394eV  Ekin = 619.158eV (T = 259K)  Etot = -129385.237eV
Step 1644:  Epot = -130001.347eV  Ekin = 616.418eV (T = 258K)  Etot = -129384.929eV
Step 1645:  Epot = -130002.622eV  Ekin = 617.631eV (T = 258K)  Etot = -129384.990eV
Step 1646:  Epot = -130006.303eV  Ekin = 621.305eV (T = 260K)  Etot = -129384.997eV
Step 1647:  Epot = -130007.984eV  Ekin = 623.338eV (T = 261K)  Etot = -129384.646eV
Step 1648:  Epot = -130007.003eV  Ekin = 622.108eV (T = 260K)  Etot = -129384.896eV
Step 1649:  Epot = -130005.493eV  Ekin = 621.299eV (T = 260K)  Etot = -129384.194eV
Step 1650:  Epot = -130007.687eV  Ekin = 623.480eV (T = 261K)  Etot = -129384.207eV
Step 1651:  Epot = -130011.359eV  Ekin = 627.101eV (T = 262K)  Etot = -129384.258eV
Step 1652:  Epot = -130010.694eV  Ekin = 626.861eV (T = 262K)  Etot = -129383.833eV
Step 1653:  Epot = -130008.315eV  Ekin = 625.031eV (T = 261K)  Etot = -129383.284eV
Step 1654:  Epot = -130008.736eV  Ekin = 625.647eV (T = 262K)  Etot = -129383.089eV
Step 1655:  Epot = -130011.915eV  Ekin = 628.863eV (T = 263K)  Etot = -129383.052eV
Step 1656:  Epot = -130014.391eV  Ekin = 631.159eV (T = 264K)  Etot = -129383.232eV
Step 1657:  Epot = -130014.402eV  Ekin = 631.029eV (T = 264K)  Etot = -129383.373eV
Step 1658:  Epot = -130012.097eV  Ekin = 629.257eV (T = 263K)  Etot = -129382.840eV
Step 1659:  Epot = -130012.171eV  Ekin = 629.434eV (T = 263K)  Etot = -129382.737eV
Step 1660:  Epot = -130014.888eV  Ekin = 631.764eV (T = 264K)  Etot = -129383.124eV
Step 1661:  Epot = -130014.526eV  Ekin = 631.353eV (T = 264K)  Etot = -129383.173eV
Step 1662:  Epot = -130011.338eV  Ekin = 628.861eV (T = 263K)  Etot = -129382.476eV
Step 1663:  Epot = -130009.203eV  Ekin = 626.861eV (T = 262K)  Etot = -129382.342eV
Step 1664:  Epot = -130008.870eV  Ekin = 626.658eV (T = 262K)  Etot = -129382.212eV
Step 1665:  Epot = -130009.363eV  Ekin = 626.910eV (T = 262K)  Etot = -129382.453eV
Step 1666:  Epot = -130009.304eV  Ekin = 626.754eV (T = 262K)  Etot = -129382.550eV
Step 1667:  Epot = -130007.037eV  Ekin = 625.106eV (T = 261K)  Etot = -129381.931eV
Step 1668:  Epot = -130005.849eV  Ekin = 624.120eV (T = 261K)  Etot = -129381.729eV
Step 1669:  Epot = -130007.705eV  Ekin = 625.887eV (T = 262K)  Etot = -129381.818eV
Step 1670:  Epot = -130007.766eV  Ekin = 626.060eV (T = 262K)  Etot = -129381.706eV
Step 1671:  Epot = -130005.436eV  Ekin = 624.307eV (T = 261K)  Etot = -129381.129eV
Step 1672:  Epot = -130004.403eV  Ekin = 623.321eV (T = 261K)  Etot = -129381.082eV
Step 1673:  Epot = -130005.012eV  Ekin = 624.177eV (T = 261K)  Etot = -129380.835eV
Step 1674:  Epot = -130006.123eV  Ekin = 625.648eV (T = 262K)  Etot = -129380.475eV
Step 1675:  Epot = -130007.586eV  Ekin = 627.158eV (T = 262K)  Etot = -129380.428eV
Step 1676:  Epot = -130007.251eV  Ekin = 627.192eV (T = 262K)  Etot = -129380.058eV
Step 1677:  Epot = -130005.741eV  Ekin = 626.121eV (T = 262K)  Etot = -129379.620eV
Step 1678:  Epot = -130006.048eV  Ekin = 626.566eV (T = 262K)  Etot = -129379.483eV
Step 1679:  Epot = -130006.093eV  Ekin = 626.320eV (T = 262K)  Etot = -129379.773eV
Step 1680:  Epot = -130004.721eV  Ekin = 625.460eV (T = 262K)  Etot = -129379.261eV
Step 1681:  Epot = -130004.392eV  Ekin = 625.190eV (T = 261K)  Etot = -129379.202eV
Step 1682:  Epot = -130004.157eV  Ekin = 625.167eV (T = 261K)  Etot = -129378.989eV
Step 1683:  Epot = -130003.428eV  Ekin = 624.260eV (T = 261K)  Etot = -129379.168eV
Step 1684:  Epot = -130003.982eV  Ekin = 624.591eV (T = 261K)  Etot = -129379.390eV
Step 1685:  Epot = -130005.521eV  Ekin = 625.876eV (T = 262K)  Etot = -129379.645eV
Step 1686:  Epot = -130005.639eV  Ekin = 626.534eV (T = 262K)  Etot = -129379.104eV
Step 1687:  Epot = -130005.258eV  Ekin = 626.759eV (T = 262K)  Etot = -129378.499eV
Step 1688:  Epot = -130004.864eV  Ekin = 626.469eV (T = 262K)  Etot = -129378.395eV
Step 1689:  Epot = -130004.299eV  Ekin = 626.184eV (T = 262K)  Etot = -129378.114eV
Step 1690:  Epot = -130004.794eV  Ekin = 626.743eV (T = 262K)  Etot = -129378.052eV
Step 1691:  Epot = -130004.917eV  Ekin = 626.992eV (T = 262K)  Etot = -129377.925eV
Step 1692:  Epot = -130003.181eV  Ekin = 625.500eV (T = 262K)  Etot = -129377.680eV
Step 1693:  Epot = -130003.662eV  Ekin = 626.050eV (T = 262K)  Etot = -129377.613eV
Step 1694:  Epot = -130006.707eV  Ekin = 628.751eV (T = 263K)  Etot = -129377.956eV
Step 1695:  Epot = -130008.522eV  Ekin = 630.882eV (T = 264K)  Etot = -129377.640eV
Step 1696:  Epot = -130008.041eV  Ekin = 630.198eV (T = 264K)  Etot = -129377.844eV
Step 1697:  Epot = -130006.524eV  Ekin = 629.131eV (T = 263K)  Etot = -129377.393eV
Step 1698:  Epot = -130005.419eV  Ekin = 628.022eV (T = 263K)  Etot = -129377.398eV
Step 1699:  Epot = -130006.011eV  Ekin = 628.295eV (T = 263K)  Etot = -129377.717eV
Step 1700:  Epot = -130006.152eV  Ekin = 627.831eV (T = 263K)  Etot = -129378.321eV
Step 1701:  Epot = -130003.166eV  Ekin = 625.407eV (T = 262K)  Etot = -129377.759eV
Step 1702:  Epot = -130001.466eV  Ekin = 623.806eV (T = 261K)  Etot = -129377.660eV
Step 1703:  Epot = -130004.177eV  Ekin = 626.561eV (T = 262K)  Etot = -129377.616eV
Step 1704:  Epot = -130006.868eV  Ekin = 629.472eV (T = 263K)  Etot = -129377.396eV
Step 1705:  Epot = -130005.547eV  Ekin = 628.436eV (T = 263K)  Etot = -129377.111eV
Step 1706:  Epot = -130002.448eV  Ekin = 625.802eV (T = 262K)  Etot = -129376.646eV
Step 1707:  Epot = -130001.832eV  Ekin = 625.128eV (T = 261K)  Etot = -129376.704eV
Step 1708:  Epot = -130004.148eV  Ekin = 627.228eV (T = 262K)  Etot = -129376.920eV
Step 1709:  Epot = -130005.325eV  Ekin = 628.088eV (T = 263K)  Etot = -129377.237eV
Step 1710:  Epot = -130002.118eV  Ekin = 625.362eV (T = 261K)  Etot = -129376.756eV
Step 1711:  Epot = -129999.333eV  Ekin = 622.865eV (T = 260K)  Etot = -129376.467eV
Step 1712:  Epot = -130002.059eV  Ekin = 625.892eV (T = 262K)  Etot = -129376.167eV
Step 1713:  Epot = -130005.948eV  Ekin = 629.679eV (T = 263K)  Etot = -129376.269eV
Step 1714:  Epot = -130005.371eV  Ekin = 629.290eV (T = 263K)  Etot = -129376.081eV
Step 1715:  Epot = -130002.428eV  Ekin = 626.713eV (T = 262K)  Etot = -129375.714eV
Step 1716:  Epot = -130002.122eV  Ekin = 626.559eV (T = 262K)  Etot = -129375.563eV
Step 1717:  Epot = -130004.817eV  Ekin = 628.885eV (T = 263K)  Etot = -129375.932eV
Step 1718:  Epot = -130006.521eV  Ekin = 630.559eV (T = 264K)  Etot = -129375.962eV
Step 1719:  Epot = -130003.838eV  Ekin = 628.606eV (T = 263K)  Etot = -129375.232eV
Step 1720:  Epot = -130000.063eV  Ekin = 625.732eV (T = 262K)  Etot = -129374.331eV
Step 1721:  Epot = -130001.468eV  Ekin = 627.043eV (T = 262K)  Etot = -129374.425eV
Step 1722:  Epot = -130005.710eV  Ekin = 630.915eV (T = 264K)  Etot = -129374.795eV
Step 1723:  Epot = -130005.866eV  Ekin = 631.434eV (T = 264K)  Etot = -129374.432eV
Step 1724:  Epot = -130001.991eV  Ekin = 627.951eV (T = 263K)  Etot = -129374.040eV
Step 1725:  Epot = -129999.429eV  Ekin = 625.821eV (T = 262K)  Etot = -129373.608eV
Step 1726:  Epot = -130001.032eV  Ekin = 627.471eV (T = 262K)  Etot = -129373.560eV
Step 1727:  Epot = -130003.807eV  Ekin = 629.605eV (T = 263K)  Etot = -129374.202eV
Step 1728:  Epot = -130003.842eV  Ekin = 629.790eV (T = 263K)  Etot = -129374.052eV
Step 1729:  Epot = -130001.328eV  Ekin = 628.002eV (T = 263K)  Etot = -129373.326eV
Step 1730:  Epot = -130001.677eV  Ekin = 628.568eV (T = 263K)  Etot = -129373.109eV
Step 1731:  Epot = -130005.564eV  Ekin = 632.300eV (T = 264K)  Etot = -129373.264eV
Step 1732:  Epot = -130007.320eV  Ekin = 634.199eV (T = 265K)  Etot = -129373.120eV
Step 1733:  Epot = -130004.915eV  Ekin = 632.048eV (T = 264K)  Etot = -129372.867eV
Step 1734:  Epot = -130002.717eV  Ekin = 630.514eV (T = 264K)  Etot = -129372.204eV
Step 1735:  Epot = -130003.910eV  Ekin = 631.371eV (T = 264K)  Etot = -129372.539eV
Step 1736:  Epot = -130005.886eV  Ekin = 633.677eV (T = 265K)  Etot = -129372.209eV
Step 1737:  Epot = -130005.459eV  Ekin = 633.432eV (T = 265K)  Etot = -129372.027eV
Step 1738:  Epot = -130002.746eV  Ekin = 631.183eV (T = 264K)  Etot = -129371.563eV
Step 1739:  Epot = -130001.956eV  Ekin = 630.754eV (T = 264K)  Etot = -129371.202eV
Step 1740:  Epot = -130004.538eV  Ekin = 633.433eV (T = 265K)  Etot = -129371.105eV
Step 1741:  Epot = -130005.772eV  Ekin = 634.204eV (T = 265K)  Etot = -129371.568eV
Step 1742:  Epot = -130002.656eV  Ekin = 631.405eV (T = 264K)  Etot = -129371.250eV
Step 1743:  Epot = -130000.071eV  Ekin = 628.993eV (T = 263K)  Etot = -129371.078eV
Step 1744:  Epot = -130001.052eV  Ekin = 629.945eV (T = 263K)  Etot = -129371.108eV
Step 1745:  Epot = -130002.510eV  Ekin = 631.410eV (T = 264K)  Etot = -129371.100eV
Step 1746:  Epot = -130001.506eV  Ekin = 631.024eV (T = 264K)  Etot = -129370.482eV
Step 1747:  Epot = -129999.313eV  Ekin = 629.300eV (T = 263K)  Etot = -129370.013eV
Step 1748:  Epot = -130000.076eV  Ekin = 629.881eV (T = 263K)  Etot = -129370.195eV
Step 1749:  Epot = -130004.030eV  Ekin = 633.773eV (T = 265K)  Etot = -129370.257eV
Step 1750:  Epot = -130005.128eV  Ekin = 634.685eV (T = 265K)  Etot = -129370.443eV
Step 1751:  Epot = -130001.379eV  Ekin = 631.430eV (T = 264K)  Etot = -129369.949eV
Step 1752:  Epot = -129998.847eV  Ekin = 629.178eV (T = 263K)  Etot = -129369.670eV
Step 1753:  Epot = -130000.485eV  Ekin = 630.732eV (T = 264K)  Etot = -129369.753eV
Step 1754:  Epot = -130002.195eV  Ekin = 632.304eV (T = 264K)  Etot = -129369.891eV
Step 1755:  Epot = -130000.703eV  Ekin = 631.199eV (T = 264K)  Etot = -129369.504eV
Step 1756:  Epot = -129997.939eV  Ekin = 628.932eV (T = 263K)  Etot = -129369.007eV
Step 1757:  Epot = -129997.513eV  Ekin = 628.896eV (T = 263K)  Etot = -129368.617eV
Step 1758:  Epot = -130000.228eV  Ekin = 631.244eV (T = 264K)  Etot = -129368.984eV
Step 1759:  Epot = -130000.867eV  Ekin = 631.549eV (T = 264K)  Etot = -129369.318eV
Step 1760:  Epot = -129996.705eV  Ekin = 627.971eV (T = 263K)  Etot = -129368.734eV
Step 1761:  Epot = -129992.908eV  Ekin = 624.520eV (T = 261K)  Etot = -129368.388eV
Step 1762:  Epot = -129993.959eV  Ekin = 625.512eV (T = 262K)  Etot = -129368.448eV
Step 1763:  Epot = -129996.859eV  Ekin = 628.194eV (T = 263K)  Etot = -129368.665eV
Step 1764:  Epot = -129996.602eV  Ekin = 628.567eV (T = 263K)  Etot = -129368.035eV
Step 1765:  Epot = -129994.215eV  Ekin = 626.716eV (T = 262K)  Etot = -129367.498eV
Step 1766:  Epot = -129993.559eV  Ekin = 626.379eV (T = 262K)  Etot = -129367.180eV
Step 1767:  Epot = -129997.308eV  Ekin = 630.427eV (T = 264K)  Etot = -129366.881eV
Step 1768:  Epot = -130001.044eV  Ekin = 634.132eV (T = 265K)  Etot = -129366.913eV
Step 1769:  Epot = -129999.427eV  Ekin = 632.760eV (T = 265K)  Etot = -129366.667eV
Step 1770:  Epot = -129995.740eV  Ekin = 629.802eV (T = 263K)  Etot = -129365.938eV
Step 1771:  Epot = -129995.798eV  Ekin = 629.509eV (T = 263K)  Etot = -129366.289eV
Step 1772:  Epot = -129998.714eV  Ekin = 632.781eV (T = 265K)  Etot = -129365.933eV
Step 1773:  Epot = -130000.631eV  Ekin = 634.790eV (T = 265K)  Etot = -129365.840eV
Step 1774:  Epot = -129999.519eV  Ekin = 634.406eV (T = 265K)  Etot = -129365.113eV
Step 1775:  Epot = -129997.450eV  Ekin = 632.864eV (T = 265K)  Etot = -129364.587eV
Step 1776:  Epot = -129999.246eV  Ekin = 634.013eV (T = 265K)  Etot = -129365.234eV
Step 1777:  Epot = -130003.454eV  Ekin = 637.815eV (T = 267K)  Etot = -129365.639eV
Step 1778:  Epot = -130002.742eV  Ekin = 636.955eV (T = 266K)  Etot = -129365.787eV
Step 1779:  Epot = -129997.957eV  Ekin = 632.712eV (T = 265K)  Etot = -129365.245eV
Step 1780:  Epot = -129996.208eV  Ekin = 631.087eV (T = 264K)  Etot = -129365.121eV
Step 1781:  Epot = -129998.242eV  Ekin = 632.498eV (T = 264K)  Etot = -129365.744eV
Step 1782:  Epot = -130000.146eV  Ekin = 634.393eV (T = 265K)  Etot = -129365.753eV
Step 1783:  Epot = -129998.828eV  Ekin = 633.669eV (T = 265K)  Etot = -129365.159eV
Step 1784:  Epot = -129995.601eV  Ekin = 630.613eV (T = 264K)  Etot = -129364.988eV
Step 1785:  Epot = -129995.315eV  Ekin = 630.908eV (T = 264K)  Etot = -129364.406eV
Step 1786:  Epot = -129999.036eV  Ekin = 634.455eV (T = 265K)  Etot = -129364.581eV
Step 1787:  Epot = -129999.627eV  Ekin = 634.727eV (T = 265K)  Etot = -129364.900eV
Step 1788:  Epot = -129995.639eV  Ekin = 631.121eV (T = 264K)  Etot = -129364.518eV
Step 1789:  Epot = -129993.218eV  Ekin = 629.058eV (T = 263K)  Etot = -129364.160eV
Step 1790:  Epot = -129994.204eV  Ekin = 630.487eV (T = 264K)  Etot = -129363.717eV
Step 1791:  Epot = -129996.108eV  Ekin = 631.922eV (T = 264K)  Etot = -129364.186eV
Step 1792:  Epot = -129995.974eV  Ekin = 631.613eV (T = 264K)  Etot = -129364.360eV
Step 1793:  Epot = -129993.540eV  Ekin = 629.615eV (T = 263K)  Etot = -129363.925eV
Step 1794:  Epot = -129992.595eV  Ekin = 628.647eV (T = 263K)  Etot = -129363.948eV
Step 1795:  Epot = -129996.734eV  Ekin = 632.473eV (T = 264K)  Etot = -129364.261eV
Step 1796:  Epot = -129999.399eV  Ekin = 635.155eV (T = 266K)  Etot = -129364.244eV
Step 1797:  Epot = -129996.264eV  Ekin = 632.825eV (T = 265K)  Etot = -129363.440eV
Step 1798:  Epot = -129993.386eV  Ekin = 630.494eV (T = 264K)  Etot = -129362.891eV
Step 1799:  Epot = -129993.124eV  Ekin = 630.373eV (T = 264K)  Etot = -129362.751eV
Step 1800:  Epot = -129994.570eV  Ekin = 631.677eV (T = 264K)  Etot = -129362.893eV
Step 1801:  Epot = -129995.560eV  Ekin = 632.606eV (T = 265K)  Etot = -129362.954eV
Step 1802:  Epot = -129994.517eV  Ekin = 631.653eV (T = 264K)  Etot = -129362.865eV
Step 1803:  Epot = -129993.006eV  Ekin = 630.679eV (T = 264K)  Etot = -129362.327eV
Step 1804:  Epot = -129995.493eV  Ekin = 633.011eV (T = 265K)  Etot = -129362.481eV
Step 1805:  Epot = -129998.054eV  Ekin = 635.438eV (T = 266K)  Etot = -129362.616eV
Step 1806:  Epot = -129996.335eV  Ekin = 633.902eV (T = 265K)  Etot = -129362.433eV
Step 1807:  Epot = -129994.323eV  Ekin = 632.022eV (T = 264K)  Etot = -129362.301eV
Step 1808:  Epot = -129993.615eV  Ekin = 631.325eV (T = 264K)  Etot = -129362.290eV
Step 1809:  Epot = -129993.262eV  Ekin = 631.108eV (T = 264K)  Etot = -129362.155eV
Step 1810:  Epot = -129992.860eV  Ekin = 631.118eV (T = 264K)  Etot = -129361.742eV
Step 1811:  Epot = -129992.697eV  Ekin = 631.072eV (T = 264K)  Etot = -129361.625eV
Step 1812:  Epot = -129991.745eV  Ekin = 630.527eV (T = 264K)  Etot = -129361.218eV
Step 1813:  Epot = -129992.148eV  Ekin = 630.942eV (T = 264K)  Etot = -129361.206eV
Step 1814:  Epot = -129993.424eV  Ekin = 632.480eV (T = 264K)  Etot = -129360.945eV
Step 1815:  Epot = -129992.756eV  Ekin = 632.661eV (T = 265K)  Etot = -129360.096eV
Step 1816:  Epot = -129992.012eV  Ekin = 632.130eV (T = 264K)  Etot = -129359.882eV
Step 1817:  Epot = -129991.567eV  Ekin = 632.105eV (T = 264K)  Etot = -129359.463eV
Step 1818:  Epot = -129990.430eV  Ekin = 630.987eV (T = 264K)  Etot = -129359.443eV
Step 1819:  Epot = -129989.051eV  Ekin = 629.730eV (T = 263K)  Etot = -129359.321eV
Step 1820:  Epot = -129990.419eV  Ekin = 630.719eV (T = 264K)  Etot = -129359.700eV
Step 1821:  Epot = -129991.749eV  Ekin = 631.924eV (T = 264K)  Etot = -129359.826eV
Step 1822:  Epot = -129992.263eV  Ekin = 632.600eV (T = 265K)  Etot = -129359.664eV
Step 1823:  Epot = -129993.530eV  Ekin = 633.888eV (T = 265K)  Etot = -129359.642eV
Step 1824:  Epot = -129994.001eV  Ekin = 634.454eV (T = 265K)  Etot = -129359.547eV
Step 1825:  Epot = -129994.871eV  Ekin = 635.662eV (T = 266K)  Etot = -129359.209eV
Step 1826:  Epot = -129995.764eV  Ekin = 636.436eV (T = 266K)  Etot = -129359.328eV
Step 1827:  Epot = -129995.251eV  Ekin = 635.840eV (T = 266K)  Etot = -129359.411eV
Step 1828:  Epot = -129993.667eV  Ekin = 634.856eV (T = 265K)  Etot = -129358.811eV
Step 1829:  Epot = -129995.301eV  Ekin = 637.018eV (T = 266K)  Etot = -129358.283eV
Step 1830:  Epot = -129997.948eV  Ekin = 639.727eV (T = 267K)  Etot = -129358.221eV
Step 1831:  Epot = -129998.167eV  Ekin = 640.042eV (T = 268K)  Etot = -129358.125eV
Step 1832:  Epot = -129997.433eV  Ekin = 639.087eV (T = 267K)  Etot = -129358.346eV
Step 1833:  Epot = -129995.864eV  Ekin = 637.780eV (T = 267K)  Etot = -129358.084eV
Step 1834:  Epot = -129995.591eV  Ekin = 637.312eV (T = 266K)  Etot = -129358.279eV
Step 1835:  Epot = -129996.406eV  Ekin = 637.993eV (T = 267K)  Etot = -129358.413eV
Step 1836:  Epot = -129995.608eV  Ekin = 637.912eV (T = 267K)  Etot = -129357.696eV
Step 1837:  Epot = -129992.834eV  Ekin = 635.466eV (T = 266K)  Etot = -129357.368eV
Step 1838:  Epot = -129991.981eV  Ekin = 634.719eV (T = 265K)  Etot = -129357.262eV
Step 1839:  Epot = -129993.618eV  Ekin = 635.742eV (T = 266K)  Etot = -129357.875eV
Step 1840:  Epot = -129993.877eV  Ekin = 635.874eV (T = 266K)  Etot = -129358.003eV
Step 1841:  Epot = -129992.410eV  Ekin = 634.697eV (T = 265K)  Etot = -129357.713eV
Step 1842:  Epot = -129990.264eV  Ekin = 632.784eV (T = 265K)  Etot = -129357.480eV
Step 1843:  Epot = -129990.058eV  Ekin = 632.863eV (T = 265K)  Etot = -129357.196eV
Step 1844:  Epot = -129991.569eV  Ekin = 634.210eV (T = 265K)  Etot = -129357.359eV
Step 1845:  Epot = -129991.783eV  Ekin = 635.381eV (T = 266K)  Etot = -129356.402eV
Step 1846:  Epot = -129990.000eV  Ekin = 634.098eV (T = 265K)  Etot = -129355.902eV
Step 1847:  Epot = -129988.813eV  Ekin = 633.383eV (T = 265K)  Etot = -129355.430eV
Step 1848:  Epot = -129990.947eV  Ekin = 635.366eV (T = 266K)  Etot = -129355.580eV
Step 1849:  Epot = -129992.822eV  Ekin = 637.642eV (T = 267K)  Etot = -129355.180eV
Step 1850:  Epot = -129991.765eV  Ekin = 636.849eV (T = 266K)  Etot = -129354.917eV
Step 1851:  Epot = -129989.377eV  Ekin = 634.836eV (T = 265K)  Etot = -129354.541eV
Step 1852:  Epot = -129989.138eV  Ekin = 635.118eV (T = 266K)  Etot = -129354.020eV
Step 1853:  Epot = -129990.671eV  Ekin = 636.722eV (T = 266K)  Etot = -129353.949eV
Step 1854:  Epot = -129990.897eV  Ekin = 637.141eV (T = 266K)  Etot = -129353.756eV
Step 1855:  Epot = -129989.937eV  Ekin = 636.134eV (T = 266K)  Etot = -129353.803eV
Step 1856:  Epot = -129989.062eV  Ekin = 635.582eV (T = 266K)  Etot = -129353.480eV
Step 1857:  Epot = -129990.953eV  Ekin = 637.198eV (T = 266K)  Etot = -129353.755eV
Step 1858:  Epot = -129993.162eV  Ekin = 639.468eV (T = 267K)  Etot = -129353.694eV
Step 1859:  Epot = -129992.251eV  Ekin = 638.886eV (T = 267K)  Etot = -129353.364eV
Step 1860:  Epot = -129989.629eV  Ekin = 636.461eV (T = 266K)  Etot = -129353.168eV
Step 1861:  Epot = -129988.915eV  Ekin = 636.147eV (T = 266K)  Etot = -129352.768eV
Step 1862:  Epot = -129990.351eV  Ekin = 637.024eV (T = 266K)  Etot = -129353.327eV
Step 1863:  Epot = -129990.085eV  Ekin = 636.604eV (T = 266K)  Etot = -129353.482eV
Step 1864:  Epot = -129989.422eV  Ekin = 636.113eV (T = 266K)  Etot = -129353.309eV
Step 1865:  Epot = -129989.448eV  Ekin = 636.409eV (T = 266K)  Etot = -129353.039eV
Step 1866:  Epot = -129991.196eV  Ekin = 638.113eV (T = 267K)  Etot = -129353.083eV
Step 1867:  Epot = -129993.169eV  Ekin = 639.942eV (T = 268K)  Etot = -129353.227eV
Step 1868:  Epot = -129992.478eV  Ekin = 639.674eV (T = 267K)  Etot = -129352.804eV
Step 1869:  Epot = -129990.219eV  Ekin = 638.000eV (T = 267K)  Etot = -129352.219eV
Step 1870:  Epot = -129989.411eV  Ekin = 637.783eV (T = 267K)  Etot = -129351.628eV
Step 1871:  Epot = -129990.857eV  Ekin = 639.225eV (T = 267K)  Etot = -129351.632eV
Step 1872:  Epot = -129989.970eV  Ekin = 638.779eV (T = 267K)  Etot = -129351.191eV
Step 1873:  Epot = -129988.306eV  Ekin = 637.398eV (T = 267K)  Etot = -129350.908eV
Step 1874:  Epot = -129988.700eV  Ekin = 637.546eV (T = 267K)  Etot = -129351.154eV
Step 1875:  Epot = -129990.202eV  Ekin = 639.200eV (T = 267K)  Etot = -129351.002eV
Step 1876:  Epot = -129991.853eV  Ekin = 640.489eV (T = 268K)  Etot = -129351.364eV
Step 1877:  Epot = -129991.904eV  Ekin = 640.567eV (T = 268K)  Etot = -129351.337eV
Step 1878:  Epot = -129990.149eV  Ekin = 638.806eV (T = 267K)  Etot = -129351.342eV
Step 1879:  Epot = -129988.374eV  Ekin = 637.359eV (T = 267K)  Etot = -129351.015eV
Step 1880:  Epot = -129988.836eV  Ekin = 637.507eV (T = 267K)  Etot = -129351.329eV
Step 1881:  Epot = -129987.985eV  Ekin = 636.495eV (T = 266K)  Etot = -129351.491eV
Step 1882:  Epot = -129985.806eV  Ekin = 634.938eV (T = 265K)  Etot = -129350.869eV
Step 1883:  Epot = -129986.784eV  Ekin = 635.902eV (T = 266K)  Etot = -129350.881eV
Step 1884:  Epot = -129988.633eV  Ekin = 638.008eV (T = 267K)  Etot = -129350.625eV
Step 1885:  Epot = -129990.097eV  Ekin = 639.398eV (T = 267K)  Etot = -129350.699eV
Step 1886:  Epot = -129990.685eV  Ekin = 640.371eV (T = 268K)  Etot = -129350.314eV
Step 1887:  Epot = -129989.990eV  Ekin = 640.207eV (T = 268K)  Etot = -129349.783eV
Step 1888:  Epot = -129988.844eV  Ekin = 639.615eV (T = 267K)  Etot = -129349.229eV
Step 1889:  Epot = -129989.137eV  Ekin = 639.897eV (T = 268K)  Etot = -129349.240eV
Step 1890:  Epot = -129988.364eV  Ekin = 638.940eV (T = 267K)  Etot = -129349.424eV
Step 1891:  Epot = -129985.957eV  Ekin = 637.163eV (T = 266K)  Etot = -129348.795eV
Step 1892:  Epot = -129987.075eV  Ekin = 637.365eV (T = 267K)  Etot = -129349.710eV
Step 1893:  Epot = -129989.561eV  Ekin = 639.411eV (T = 267K)  Etot = -129350.150eV
Step 1894:  Epot = -129990.013eV  Ekin = 640.264eV (T = 268K)  Etot = -129349.749eV
Step 1895:  Epot = -129989.430eV  Ekin = 640.019eV (T = 268K)  Etot = -129349.411eV
Step 1896:  Epot = -129988.666eV  Ekin = 638.956eV (T = 267K)  Etot = -129349.710eV
Step 1897:  Epot = -129988.556eV  Ekin = 638.638eV (T = 267K)  Etot = -129349.918eV
Step 1898:  Epot = -129989.406eV  Ekin = 639.310eV (T = 267K)  Etot = -129350.096eV
Step 1899:  Epot = -129988.354eV  Ekin = 638.217eV (T = 267K)  Etot = -129350.137eV
Step 1900:  Epot = -129984.535eV  Ekin = 634.586eV (T = 265K)  Etot = -129349.949eV
Step 1901:  Epot = -129984.313eV  Ekin = 634.413eV (T = 265K)  Etot = -129349.899eV
Step 1902:  Epot = -129987.589eV  Ekin = 636.984eV (T = 266K)  Etot = -129350.606eV
Step 1903:  Epot = -129989.149eV  Ekin = 638.878eV (T = 267K)  Etot = -129350.271eV
Step 1904:  Epot = -129988.244eV  Ekin = 638.263eV (T = 267K)  Etot = -129349.981eV
Step 1905:  Epot = -129987.176eV  Ekin = 637.380eV (T = 267K)  Etot = -129349.797eV
Step 1906:  Epot = -129986.516eV  Ekin = 636.912eV (T = 266K)  Etot = -129349.604eV
Step 1907:  Epot = -129986.154eV  Ekin = 636.735eV (T = 266K)  Etot = -129349.419eV
Step 1908:  Epot = -129985.288eV  Ekin = 635.727eV (T = 266K)  Etot = -129349.561eV
Step 1909:  Epot = -129982.499eV  Ekin = 633.710eV (T = 265K)  Etot = -129348.789eV
Step 1910:  Epot = -129981.377eV  Ekin = 632.549eV (T = 264K)  Etot = -129348.827eV
Step 1911:  Epot = -129983.657eV  Ekin = 635.305eV (T = 266K)  Etot = -129348.352eV
Step 1912:  Epot = -129985.314eV  Ekin = 636.972eV (T = 266K)  Etot = -129348.343eV
Step 1913:  Epot = -129985.045eV  Ekin = 637.376eV (T = 267K)  Etot = -129347.668eV
Step 1914:  Epot = -129985.022eV  Ekin = 637.617eV (T = 267K)  Etot = -129347.405eV
Step 1915:  Epot = -129985.419eV  Ekin = 637.892eV (T = 267K)  Etot = -129347.527eV
Step 1916:  Epot = -129985.231eV  Ekin = 638.048eV (T = 267K)  Etot = -129347.184eV
Step 1917:  Epot = -129984.946eV  Ekin = 637.102eV (T = 266K)  Etot = -129347.844eV
Step 1918:  Epot = -129983.507eV  Ekin = 636.530eV (T = 266K)  Etot = -129346.977eV
Step 1919:  Epot = -129982.679eV  Ekin = 635.863eV (T = 266K)  Etot = -129346.817eV
Step 1920:  Epot = -129984.637eV  Ekin = 637.010eV (T = 266K)  Etot = -129347.627eV
Step 1921:  Epot = -129986.737eV  Ekin = 639.277eV (T = 267K)  Etot = -129347.460eV
Step 1922:  Epot = -129987.283eV  Ekin = 639.953eV (T = 268K)  Etot = -129347.330eV
Step 1923:  Epot = -129988.136eV  Ekin = 640.358eV (T = 268K)  Etot = -129347.778eV
Step 1924:  Epot = -129989.226eV  Ekin = 641.408eV (T = 268K)  Etot = -129347.818eV
Step 1925:  Epot = -129988.722eV  Ekin = 641.410eV (T = 268K)  Etot = -129347.312eV
Step 1926:  Epot = -129988.273eV  Ekin = 641.057eV (T = 268K)  Etot = -129347.216eV
Step 1927:  Epot = -129988.051eV  Ekin = 640.573eV (T = 268K)  Etot = -129347.478eV
Step 1928:  Epot = -129987.295eV  Ekin = 640.150eV (T = 268K)  Etot = -129347.146eV
Step 1929:  Epot = -129987.529eV  Ekin = 640.534eV (T = 268K)  Etot = -129346.995eV
Step 1930:  Epot = -129987.904eV  Ekin = 641.097eV (T = 268K)  Etot = -129346.807eV
Step 1931:  Epot = -129987.293eV  Ekin = 640.843eV (T = 268K)  Etot = -129346.450eV
Step 1932:  Epot = -129987.494eV  Ekin = 641.531eV (T = 268K)  Etot = -129345.963eV
Step 1933:  Epot = -129988.372eV  Ekin = 642.043eV (T = 268K)  Etot = -129346.328eV
Step 1934:  Epot = -129987.893eV  Ekin = 641.508eV (T = 268K)  Etot = -129346.386eV
Step 1935:  Epot = -129986.173eV  Ekin = 640.603eV (T = 268K)  Etot = -129345.571eV
Step 1936:  Epot = -129985.348eV  Ekin = 639.854eV (T = 268K)  Etot = -129345.494eV
Step 1937:  Epot = -129985.066eV  Ekin = 639.674eV (T = 267K)  Etot = -129345.392eV
Step 1938:  Epot = -129985.091eV  Ekin = 639.838eV (T = 268K)  Etot = -129345.253eV
Step 1939:  Epot = -129985.193eV  Ekin = 639.486eV (T = 267K)  Etot = -129345.707eV
Step 1940:  Epot = -129985.210eV  Ekin = 639.829eV (T = 268K)  Etot = -129345.381eV
Step 1941:  Epot = -129986.285eV  Ekin = 641.300eV (T = 268K)  Etot = -129344.986eV
Step 1942:  Epot = -129987.518eV  Ekin = 642.481eV (T = 269K)  Etot = -129345.037eV
Step 1943:  Epot = -129987.369eV  Ekin = 642.516eV (T = 269K)  Etot = -129344.852eV
Step 1944:  Epot = -129985.843eV  Ekin = 641.270eV (T = 268K)  Etot = -129344.573eV
Step 1945:  Epot = -129986.059eV  Ekin = 641.286eV (T = 268K)  Etot = -129344.772eV
Step 1946:  Epot = -129987.114eV  Ekin = 642.306eV (T = 269K)  Etot = -129344.807eV
Step 1947:  Epot = -129986.681eV  Ekin = 642.234eV (T = 269K)  Etot = -129344.447eV
Step 1948:  Epot = -129985.359eV  Ekin = 641.023eV (T = 268K)  Etot = -129344.336eV
Step 1949:  Epot = -129984.664eV  Ekin = 640.340eV (T = 268K)  Etot = -129344.324eV
Step 1950:  Epot = -129985.681eV  Ekin = 641.274eV (T = 268K)  Etot = -129344.407eV
Step 1951:  Epot = -129986.286eV  Ekin = 642.074eV (T = 268K)  Etot = -129344.212eV
Step 1952:  Epot = -129985.023eV  Ekin = 640.954eV (T = 268K)  Etot = -129344.069eV
Step 1953:  Epot = -129982.726eV  Ekin = 638.575eV (T = 267K)  Etot = -129344.151eV
Step 1954:  Epot = -129981.921eV  Ekin = 638.036eV (T = 267K)  Etot = -129343.886eV
Step 1955:  Epot = -129983.412eV  Ekin = 639.460eV (T = 267K)  Etot = -129343.952eV
Step 1956:  Epot = -129984.044eV  Ekin = 639.847eV (T = 268K)  Etot = -129344.197eV
Step 1957:  Epot = -129982.350eV  Ekin = 638.235eV (T = 267K)  Etot = -129344.115eV
Step 1958:  Epot = -129981.239eV  Ekin = 637.478eV (T = 267K)  Etot = -129343.761eV
Step 1959:  Epot = -129983.623eV  Ekin = 639.557eV (T = 267K)  Etot = -129344.065eV
Step 1960:  Epot = -129986.409eV  Ekin = 642.530eV (T = 269K)  Etot = -129343.879eV
Step 1961:  Epot = -129985.766eV  Ekin = 641.895eV (T = 268K)  Etot = -129343.871eV
Step 1962:  Epot = -129983.130eV  Ekin = 639.504eV (T = 267K)  Etot = -129343.626eV
Step 1963:  Epot = -129982.044eV  Ekin = 638.729eV (T = 267K)  Etot = -129343.315eV
Step 1964:  Epot = -129984.235eV  Ekin = 640.678eV (T = 268K)  Etot = -129343.558eV
Step 1965:  Epot = -129986.415eV  Ekin = 642.772eV (T = 269K)  Etot = -129343.643eV
Step 1966:  Epot = -129984.760eV  Ekin = 640.845eV (T = 268K)  Etot = -129343.915eV
Step 1967:  Epot = -129982.540eV  Ekin = 639.214eV (T = 267K)  Etot = -129343.325eV
Step 1968:  Epot = -129985.089eV  Ekin = 641.502eV (T = 268K)  Etot = -129343.587eV
Step 1969:  Epot = -129989.035eV  Ekin = 645.597eV (T = 270K)  Etot = -129343.437eV
Step 1970:  Epot = -129988.767eV  Ekin = 644.984eV (T = 270K)  Etot = -129343.782eV
Step 1971:  Epot = -129985.250eV  Ekin = 641.839eV (T = 268K)  Etot = -129343.411eV
Step 1972:  Epot = -129982.907eV  Ekin = 639.858eV (T = 268K)  Etot = -129343.050eV
Step 1973:  Epot = -129984.044eV  Ekin = 641.688eV (T = 268K)  Etot = -129342.356eV
Step 1974:  Epot = -129985.768eV  Ekin = 643.263eV (T = 269K)  Etot = -129342.505eV
Step 1975:  Epot = -129983.977eV  Ekin = 641.713eV (T = 268K)  Etot = -129342.263eV
Step 1976:  Epot = -129980.650eV  Ekin = 639.512eV (T = 267K)  Etot = -129341.138eV
Step 1977:  Epot = -129981.909eV  Ekin = 640.763eV (T = 268K)  Etot = -129341.146eV
Step 1978:  Epot = -129986.344eV  Ekin = 644.786eV (T = 270K)  Etot = -129341.558eV
Step 1979:  Epot = -129987.447eV  Ekin = 645.784eV (T = 270K)  Etot = -129341.662eV
Step 1980:  Epot = -129984.265eV  Ekin = 643.277eV (T = 269K)  Etot = -129340.988eV
Step 1981:  Epot = -129981.621eV  Ekin = 641.386eV (T = 268K)  Etot = -129340.234eV
Step 1982:  Epot = -129983.101eV  Ekin = 642.522eV (T = 269K)  Etot = -129340.580eV
Step 1983:  Epot = -129985.653eV  Ekin = 644.944eV (T = 270K)  Etot = -129340.709eV
Step 1984:  Epot = -129985.134eV  Ekin = 644.803eV (T = 270K)  Etot = -129340.331eV
Step 1985:  Epot = -129981.687eV  Ekin = 641.659eV (T = 268K)  Etot = -129340.028eV
Step 1986:  Epot = -129981.149eV  Ekin = 641.224eV (T = 268K)  Etot = -129339.926eV
Step 1987:  Epot = -129985.551eV  Ekin = 645.093eV (T = 270K)  Etot = -129340.458eV
Step 1988:  Epot = -129988.138eV  Ekin = 647.783eV (T = 271K)  Etot = -129340.355eV
Step 1989:  Epot = -129985.046eV  Ekin = 645.244eV (T = 270K)  Etot = -129339.802eV
Step 1990:  Epot = -129981.402eV  Ekin = 642.179eV (T = 269K)  Etot = -129339.223eV
Step 1991:  Epot = -129981.824eV  Ekin = 642.560eV (T = 269K)  Etot = -129339.264eV
Step 1992:  Epot = -129983.758eV  Ekin = 644.108eV (T = 269K)  Etot = -129339.650eV
Step 1993:  Epot = -129984.298eV  Ekin = 644.937eV (T = 270K)  Etot = -129339.361eV
Step 1994:  Epot = -129982.316eV  Ekin = 643.447eV (T = 269K)  Etot = -129338.869eV
Step 1995:  Epot = -129980.690eV  Ekin = 641.781eV (T = 268K)  Etot = -129338.909eV
Step 1996:  Epot = -129983.295eV  Ekin = 643.864eV (T = 269K)  Etot = -129339.432eV
Step 1997:  Epot = -129986.164eV  Ekin = 646.867eV (T = 270K)  Etot = -129339.298eV
Step 1998:  Epot = -129984.302eV  Ekin = 645.261eV (T = 270K)  Etot = -129339.040eV
Step 1999:  Epot = -129981.525eV  Ekin = 642.269eV (T = 269K)  Etot = -129339.256eV
Step 2000:  Epot = -129981.421eV  Ekin = 642.286eV (T = 269K)  Etot = -129339.136eV
Step 2001:  Epot = -129981.866eV  Ekin = 642.828eV (T = 269K)  Etot = -129339.038eV
Step 2002:  Epot = -129982.308eV  Ekin = 643.237eV (T = 269K)  Etot = -129339.071eV
Step 2003:  Epot = -129981.834eV  Ekin = 642.527eV (T = 269K)  Etot = -129339.307eV
Step 2004:  Epot = -129980.306eV  Ekin = 641.274eV (T = 268K)  Etot = -129339.032eV
Step 2005:  Epot = -129981.954eV  Ekin = 642.969eV (T = 269K)  Etot = -129338.985eV
Step 2006:  Epot = -129985.536eV  Ekin = 646.459eV (T = 270K)  Etot = -129339.077eV
Step 2007:  Epot = -129985.687eV  Ekin = 646.779eV (T = 270K)  Etot = -129338.909eV
Step 2008:  Epot = -129983.885eV  Ekin = 645.415eV (T = 270K)  Etot = -129338.470eV
Step 2009:  Epot = -129983.918eV  Ekin = 645.707eV (T = 270K)  Etot = -129338.211eV
Step 2010:  Epot = -129984.010eV  Ekin = 646.042eV (T = 270K)  Etot = -129337.968eV
Step 2011:  Epot = -129984.337eV  Ekin = 646.618eV (T = 270K)  Etot = -129337.719eV
Step 2012:  Epot = -129983.940eV  Ekin = 646.048eV (T = 270K)  Etot = -129337.892eV
Step 2013:  Epot = -129982.132eV  Ekin = 644.808eV (T = 270K)  Etot = -129337.324eV
Step 2014:  Epot = -129981.910eV  Ekin = 644.627eV (T = 270K)  Etot = -129337.283eV
Step 2015:  Epot = -129983.526eV  Ekin = 646.102eV (T = 270K)  Etot = -129337.425eV
Step 2016:  Epot = -129982.700eV  Ekin = 645.817eV (T = 270K)  Etot = -129336.884eV
Step 2017:  Epot = -129980.056eV  Ekin = 643.896eV (T = 269K)  Etot = -129336.160eV
Step 2018:  Epot = -129979.152eV  Ekin = 643.113eV (T = 269K)  Etot = -129336.039eV
Step 2019:  Epot = -129978.796eV  Ekin = 643.105eV (T = 269K)  Etot = -129335.691eV
Step 2020:  Epot = -129978.573eV  Ekin = 642.965eV (T = 269K)  Etot = -129335.608eV
Step 2021:  Epot = -129977.953eV  Ekin = 642.175eV (T = 269K)  Etot = -129335.778eV
Step 2022:  Epot = -129975.620eV  Ekin = 640.836eV (T = 268K)  Etot = -129334.785eV
Step 2023:  Epot = -129974.775eV  Ekin = 640.427eV (T = 268K)  Etot = -129334.348eV
Step 2024:  Epot = -129977.491eV  Ekin = 642.750eV (T = 269K)  Etot = -129334.740eV
Step 2025:  Epot = -129978.985eV  Ekin = 644.246eV (T = 269K)  Etot = -129334.740eV
Step 2026:  Epot = -129977.572eV  Ekin = 643.553eV (T = 269K)  Etot = -129334.019eV
Step 2027:  Epot = -129977.345eV  Ekin = 643.504eV (T = 269K)  Etot = -129333.840eV
Step 2028:  Epot = -129978.189eV  Ekin = 644.325eV (T = 269K)  Etot = -129333.865eV
Step 2029:  Epot = -129979.062eV  Ekin = 644.940eV (T = 270K)  Etot = -129334.122eV
Step 2030:  Epot = -129980.034eV  Ekin = 645.611eV (T = 270K)  Etot = -129334.424eV
Step 2031:  Epot = -129978.881eV  Ekin = 645.082eV (T = 270K)  Etot = -129333.800eV
Step 2032:  Epot = -129978.186eV  Ekin = 644.366eV (T = 269K)  Etot = -129333.821eV
Step 2033:  Epot = -129981.408eV  Ekin = 647.497eV (T = 271K)  Etot = -129333.911eV
Step 2034:  Epot = -129983.769eV  Ekin = 649.386eV (T = 272K)  Etot = -129334.383eV
Step 2035:  Epot = -129982.207eV  Ekin = 648.735eV (T = 271K)  Etot = -129333.472eV
Step 2036:  Epot = -129980.821eV  Ekin = 647.384eV (T = 271K)  Etot = -129333.437eV
Step 2037:  Epot = -129981.006eV  Ekin = 647.778eV (T = 271K)  Etot = -129333.228eV
Step 2038:  Epot = -129981.249eV  Ekin = 648.126eV (T = 271K)  Etot = -129333.123eV
Step 2039:  Epot = -129981.231eV  Ekin = 648.261eV (T = 271K)  Etot = -129332.969eV
Step 2040:  Epot = -129979.400eV  Ekin = 646.528eV (T = 270K)  Etot = -129332.872eV
Step 2041:  Epot = -129977.888eV  Ekin = 645.492eV (T = 270K)  Etot = -129332.395eV
Step 2042:  Epot = -129979.934eV  Ekin = 647.025eV (T = 271K)  Etot = -129332.909eV
Step 2043:  Epot = -129982.302eV  Ekin = 649.601eV (T = 272K)  Etot = -129332.701eV
Step 2044:  Epot = -129980.815eV  Ekin = 648.458eV (T = 271K)  Etot = -129332.357eV
Step 2045:  Epot = -129979.616eV  Ekin = 647.239eV (T = 271K)  Etot = -129332.376eV
Step 2046:  Epot = -129980.772eV  Ekin = 648.616eV (T = 271K)  Etot = -129332.156eV
Step 2047:  Epot = -129981.784eV  Ekin = 649.829eV (T = 272K)  Etot = -129331.955eV
Step 2048:  Epot = -129980.944eV  Ekin = 649.659eV (T = 272K)  Etot = -129331.286eV
Step 2049:  Epot = -129978.267eV  Ekin = 647.393eV (T = 271K)  Etot = -129330.874eV
Step 2050:  Epot = -129976.586eV  Ekin = 646.260eV (T = 270K)  Etot = -129330.325eV
Step 2051:  Epot = -129978.800eV  Ekin = 648.290eV (T = 271K)  Etot = -129330.510eV
Step 2052:  Epot = -129981.337eV  Ekin = 650.506eV (T = 272K)  Etot = -129330.831eV
Step 2053:  Epot = -129978.813eV  Ekin = 648.709eV (T = 271K)  Etot = -129330.104eV
Step 2054:  Epot = -129976.345eV  Ekin = 646.848eV (T = 270K)  Etot = -129329.497eV
Step 2055:  Epot = -129978.047eV  Ekin = 648.348eV (T = 271K)  Etot = -129329.698eV
Step 2056:  Epot = -129980.150eV  Ekin = 650.942eV (T = 272K)  Etot = -129329.207eV
Step 2057:  Epot = -129979.078eV  Ekin = 649.787eV (T = 272K)  Etot = -129329.291eV
Step 2058:  Epot = -129975.227eV  Ekin = 646.863eV (T = 270K)  Etot = -129328.364eV
Step 2059:  Epot = -129972.645eV  Ekin = 644.683eV (T = 270K)  Etot = -129327.962eV
Step 2060:  Epot = -129974.372eV  Ekin = 645.968eV (T = 270K)  Etot = -129328.404eV
Step 2061:  Epot = -129977.114eV  Ekin = 648.662eV (T = 271K)  Etot = -129328.452eV
Step 2062:  Epot = -129975.467eV  Ekin = 647.224eV (T = 271K)  Etot = -129328.243eV
Step 2063:  Epot = -129973.153eV  Ekin = 645.351eV (T = 270K)  Etot = -129327.802eV
Step 2064:  Epot = -129975.231eV  Ekin = 647.065eV (T = 271K)  Etot = -129328.166eV
Step 2065:  Epot = -129978.092eV  Ekin = 649.780eV (T = 272K)  Etot = -129328.312eV
Step 2066:  Epot = -129977.988eV  Ekin = 649.765eV (T = 272K)  Etot = -129328.222eV
Step 2067:  Epot = -129974.479eV  Ekin = 646.647eV (T = 270K)  Etot = -129327.833eV
Step 2068:  Epot = -129971.837eV  Ekin = 644.364eV (T = 269K)  Etot = -129327.473eV
Step 2069:  Epot = -129973.836eV  Ekin = 646.454eV (T = 270K)  Etot = -129327.382eV
Step 2070:  Epot = -129976.857eV  Ekin = 649.005eV (T = 271K)  Etot = -129327.852eV
Step 2071:  Epot = -129975.049eV  Ekin = 647.182eV (T = 271K)  Etot = -129327.867eV
Step 2072:  Epot = -129971.655eV  Ekin = 644.578eV (T = 270K)  Etot = -129327.077eV
Step 2073:  Epot = -129972.830eV  Ekin = 645.847eV (T = 270K)  Etot = -129326.983eV
Step 2074:  Epot = -129976.605eV  Ekin = 649.539eV (T = 272K)  Etot = -129327.066eV
Step 2075:  Epot = -129978.075eV  Ekin = 650.945eV (T = 272K)  Etot = -129327.130eV
Step 2076:  Epot = -129975.626eV  Ekin = 649.103eV (T = 271K)  Etot = -129326.523eV
Step 2077:  Epot = -129972.569eV  Ekin = 646.368eV (T = 270K)  Etot = -129326.201eV
Step 2078:  Epot = -129973.144eV  Ekin = 647.092eV (T = 271K)  Etot = -129326.052eV
Step 2079:  Epot = -129975.296eV  Ekin = 648.864eV (T = 271K)  Etot = -129326.431eV
Step 2080:  Epot = -129974.265eV  Ekin = 648.151eV (T = 271K)  Etot = -129326.113eV
Step 2081:  Epot = -129971.047eV  Ekin = 645.413eV (T = 270K)  Etot = -129325.634eV
Step 2082:  Epot = -129970.910eV  Ekin = 644.950eV (T = 270K)  Etot = -129325.960eV
Step 2083:  Epot = -129973.816eV  Ekin = 647.817eV (T = 271K)  Etot = -129325.998eV
Step 2084:  Epot = -129975.146eV  Ekin = 649.196eV (T = 271K)  Etot = -129325.950eV
Step 2085:  Epot = -129972.928eV  Ekin = 647.307eV (T = 271K)  Etot = -129325.621eV
Step 2086:  Epot = -129970.084eV  Ekin = 644.468eV (T = 269K)  Etot = -129325.616eV
Step 2087:  Epot = -129969.789eV  Ekin = 644.132eV (T = 269K)  Etot = -129325.657eV
Step 2088:  Epot = -129971.967eV  Ekin = 646.461eV (T = 270K)  Etot = -129325.506eV
Step 2089:  Epot = -129971.949eV  Ekin = 646.955eV (T = 271K)  Etot = -129324.995eV
Step 2090:  Epot = -129968.474eV  Ekin = 643.893eV (T = 269K)  Etot = -129324.581eV
Step 2091:  Epot = -129967.190eV  Ekin = 643.287eV (T = 269K)  Etot = -129323.903eV
Step 2092:  Epot = -129970.775eV  Ekin = 647.205eV (T = 271K)  Etot = -129323.570eV
Step 2093:  Epot = -129973.546eV  Ekin = 649.880eV (T = 272K)  Etot = -129323.666eV
Step 2094:  Epot = -129972.422eV  Ekin = 648.788eV (T = 271K)  Etot = -129323.635eV
Step 2095:  Epot = -129970.451eV  Ekin = 646.754eV (T = 270K)  Etot = -129323.698eV
Step 2096:  Epot = -129970.319eV  Ekin = 647.257eV (T = 271K)  Etot = -129323.062eV
Step 2097:  Epot = -129971.883eV  Ekin = 648.847eV (T = 271K)  Etot = -129323.037eV
Step 2098:  Epot = -129972.660eV  Ekin = 649.570eV (T = 272K)  Etot = -129323.090eV
Step 2099:  Epot = -129970.107eV  Ekin = 647.139eV (T = 271K)  Etot = -129322.969eV
Step 2100:  Epot = -129967.884eV  Ekin = 645.022eV (T = 270K)  Etot = -129322.862eV
Step 2101:  Epot = -129970.300eV  Ekin = 647.502eV (T = 271K)  Etot = -129322.798eV
Step 2102:  Epot = -129973.643eV  Ekin = 650.914eV (T = 272K)  Etot = -129322.729eV
Step 2103:  Epot = -129973.030eV  Ekin = 650.659eV (T = 272K)  Etot = -129322.371eV
Step 2104:  Epot = -129970.844eV  Ekin = 648.875eV (T = 271K)  Etot = -129321.969eV
Step 2105:  Epot = -129970.148eV  Ekin = 648.457eV (T = 271K)  Etot = -129321.691eV
Step 2106:  Epot = -129971.612eV  Ekin = 650.469eV (T = 272K)  Etot = -129321.143eV
Step 2107:  Epot = -129973.507eV  Ekin = 651.781eV (T = 273K)  Etot = -129321.725eV
Step 2108:  Epot = -129971.560eV  Ekin = 649.881eV (T = 272K)  Etot = -129321.679eV
Step 2109:  Epot = -129968.383eV  Ekin = 647.337eV (T = 271K)  Etot = -129321.046eV
Step 2110:  Epot = -129969.383eV  Ekin = 648.405eV (T = 271K)  Etot = -129320.978eV
Step 2111:  Epot = -129972.274eV  Ekin = 650.924eV (T = 272K)  Etot = -129321.350eV
Step 2112:  Epot = -129972.105eV  Ekin = 650.716eV (T = 272K)  Etot = -129321.389eV
Step 2113:  Epot = -129970.048eV  Ekin = 649.088eV (T = 271K)  Etot = -129320.959eV
Step 2114:  Epot = -129969.792eV  Ekin = 649.010eV (T = 271K)  Etot = -129320.782eV
Step 2115:  Epot = -129971.434eV  Ekin = 650.561eV (T = 272K)  Etot = -129320.873eV
Step 2116:  Epot = -129973.193eV  Ekin = 652.451eV (T = 273K)  Etot = -129320.742eV
Step 2117:  Epot = -129971.340eV  Ekin = 651.409eV (T = 272K)  Etot = -129319.931eV
Step 2118:  Epot = -129967.430eV  Ekin = 648.462eV (T = 271K)  Etot = -129318.968eV
Step 2119:  Epot = -129967.057eV  Ekin = 648.022eV (T = 271K)  Etot = -129319.035eV
Step 2120:  Epot = -129969.178eV  Ekin = 650.120eV (T = 272K)  Etot = -129319.059eV
Step 2121:  Epot = -129968.888eV  Ekin = 649.723eV (T = 272K)  Etot = -129319.165eV
Step 2122:  Epot = -129967.033eV  Ekin = 648.366eV (T = 271K)  Etot = -129318.668eV
Step 2123:  Epot = -129966.625eV  Ekin = 647.624eV (T = 271K)  Etot = -129319.001eV
Step 2124:  Epot = -129967.806eV  Ekin = 648.711eV (T = 271K)  Etot = -129319.095eV
Step 2125:  Epot = -129969.142eV  Ekin = 649.621eV (T = 272K)  Etot = -129319.521eV
Step 2126:  Epot = -129968.313eV  Ekin = 648.617eV (T = 271K)  Etot = -129319.695eV
Step 2127:  Epot = -129966.243eV  Ekin = 647.156eV (T = 271K)  Etot = -129319.087eV
Step 2128:  Epot = -129967.109eV  Ekin = 647.801eV (T = 271K)  Etot = -129319.308eV
Step 2129:  Epot = -129969.289eV  Ekin = 650.133eV (T = 272K)  Etot = -129319.156eV
Step 2130:  Epot = -129969.032eV  Ekin = 650.043eV (T = 272K)  Etot = -129318.989eV
Step 2131:  Epot = -129967.581eV  Ekin = 648.606eV (T = 271K)  Etot = -129318.975eV
Step 2132:  Epot = -129968.165eV  Ekin = 649.312eV (T = 272K)  Etot = -129318.852eV
Step 2133:  Epot = -129969.624eV  Ekin = 651.108eV (T = 272K)  Etot = -129318.516eV
Step 2134:  Epot = -129970.407eV  Ekin = 652.718eV (T = 273K)  Etot = -129317.689eV
Step 2135:  Epot = -129970.652eV  Ekin = 652.878eV (T = 273K)  Etot = -129317.774eV
Step 2136:  Epot = -129970.289eV  Ekin = 652.561eV (T = 273K)  Etot = -129317.728eV
Step 2137:  Epot = -129971.136eV  Ekin = 653.184eV (T = 273K)  Etot = -129317.952eV
Step 2138:  Epot = -129972.124eV  Ekin = 653.707eV (T = 273K)  Etot = -129318.417eV
Step 2139:  Epot = -129970.638eV  Ekin = 652.524eV (T = 273K)  Etot = -129318.114eV
Step 2140:  Epot = -129969.533eV  Ekin = 651.665eV (T = 272K)  Etot = -129317.868eV
Step 2141:  Epot = -129971.146eV  Ekin = 653.270eV (T = 273K)  Etot = -129317.876eV
Step 2142:  Epot = -129972.173eV  Ekin = 653.938eV (T = 273K)  Etot = -129318.236eV
Step 2143:  Epot = -129970.522eV  Ekin = 652.585eV (T = 273K)  Etot = -129317.937eV
Step 2144:  Epot = -129968.925eV  Ekin = 651.092eV (T = 272K)  Etot = -129317.833eV
Step 2145:  Epot = -129968.476eV  Ekin = 650.896eV (T = 272K)  Etot = -129317.581eV
Step 2146:  Epot = -129968.828eV  Ekin = 651.412eV (T = 272K)  Etot = -129317.416eV
Step 2147:  Epot = -129968.771eV  Ekin = 651.180eV (T = 272K)  Etot = -129317.592eV
Step 2148:  Epot = -129967.172eV  Ekin = 649.793eV (T = 272K)  Etot = -129317.379eV
Step 2149:  Epot = -129966.277eV  Ekin = 648.562eV (T = 271K)  Etot = -129317.715eV
Step 2150:  Epot = -129967.731eV  Ekin = 649.828eV (T = 272K)  Etot = -129317.903eV
Step 2151:  Epot = -129969.212eV  Ekin = 651.235eV (T = 272K)  Etot = -129317.978eV
Step 2152:  Epot = -129967.594eV  Ekin = 650.124eV (T = 272K)  Etot = -129317.470eV
Step 2153:  Epot = -129965.816eV  Ekin = 648.833eV (T = 271K)  Etot = -129316.983eV
Step 2154:  Epot = -129966.286eV  Ekin = 649.539eV (T = 272K)  Etot = -129316.747eV
Step 2155:  Epot = -129968.380eV  Ekin = 651.870eV (T = 273K)  Etot = -129316.510eV
Step 2156:  Epot = -129969.668eV  Ekin = 652.973eV (T = 273K)  Etot = -129316.694eV
Step 2157:  Epot = -129968.328eV  Ekin = 652.228eV (T = 273K)  Etot = -129316.100eV
Step 2158:  Epot = -129967.333eV  Ekin = 651.469eV (T = 272K)  Etot = -129315.864eV
Step 2159:  Epot = -129969.007eV  Ekin = 652.772eV (T = 273K)  Etot = -129316.235eV
Step 2160:  Epot = -129971.485eV  Ekin = 654.560eV (T = 274K)  Etot = -129316.924eV
Step 2161:  Epot = -129971.987eV  Ekin = 655.172eV (T = 274K)  Etot = -129316.815eV
Step 2162:  Epot = -129970.479eV  Ekin = 654.036eV (T = 273K)  Etot = -129316.443eV
Step 2163:  Epot = -129969.989eV  Ekin = 653.934eV (T = 273K)  Etot = -129316.055eV
Step 2164:  Epot = -129971.305eV  Ekin = 655.366eV (T = 274K)  Etot = -129315.939eV
Step 2165:  Epot = -129972.248eV  Ekin = 656.032eV (T = 274K)  Etot = -129316.216eV
Step 2166:  Epot = -129970.624eV  Ekin = 654.184eV (T = 274K)  Etot = -129316.440eV
Step 2167:  Epot = -129968.599eV  Ekin = 652.913eV (T = 273K)  Etot = -129315.686eV
Step 2168:  Epot = -129969.128eV  Ekin = 653.922eV (T = 273K)  Etot = -129315.205eV
Step 2169:  Epot = -129971.458eV  Ekin = 655.913eV (T = 274K)  Etot = -129315.545eV
Step 2170:  Epot = -129972.132eV  Ekin = 656.613eV (T = 275K)  Etot = -129315.519eV
Step 2171:  Epot = -129969.093eV  Ekin = 654.255eV (T = 274K)  Etot = -129314.838eV
Step 2172:  Epot = -129966.443eV  Ekin = 651.988eV (T = 273K)  Etot = -129314.455eV
Step 2173:  Epot = -129967.420eV  Ekin = 652.467eV (T = 273K)  Etot = -129314.953eV
Step 2174:  Epot = -129969.348eV  Ekin = 653.978eV (T = 273K)  Etot = -129315.370eV
Step 2175:  Epot = -129967.643eV  Ekin = 652.432eV (T = 273K)  Etot = -129315.210eV
Step 2176:  Epot = -129964.579eV  Ekin = 649.516eV (T = 272K)  Etot = -129315.063eV
Step 2177:  Epot = -129963.984eV  Ekin = 649.015eV (T = 271K)  Etot = -129314.969eV
Step 2178:  Epot = -129965.809eV  Ekin = 650.759eV (T = 272K)  Etot = -129315.049eV
Step 2179:  Epot = -129967.819eV  Ekin = 652.170eV (T = 273K)  Etot = -129315.649eV
Step 2180:  Epot = -129966.508eV  Ekin = 651.152eV (T = 272K)  Etot = -129315.356eV
Step 2181:  Epot = -129964.435eV  Ekin = 649.444eV (T = 272K)  Etot = -129314.991eV
Step 2182:  Epot = -129966.956eV  Ekin = 652.094eV (T = 273K)  Etot = -129314.862eV
Step 2183:  Epot = -129971.007eV  Ekin = 655.648eV (T = 274K)  Etot = -129315.359eV
Step 2184:  Epot = -129970.261eV  Ekin = 656.035eV (T = 274K)  Etot = -129314.226eV
Step 2185:  Epot = -129967.527eV  Ekin = 653.795eV (T = 273K)  Etot = -129313.731eV
Step 2186:  Epot = -129968.494eV  Ekin = 654.722eV (T = 274K)  Etot = -129313.772eV
Step 2187:  Epot = -129972.108eV  Ekin = 658.112eV (T = 275K)  Etot = -129313.996eV
Step 2188:  Epot = -129975.048eV  Ekin = 661.053eV (T = 276K)  Etot = -129313.995eV
Step 2189:  Epot = -129974.356eV  Ekin = 660.670eV (T = 276K)  Etot = -129313.686eV
Step 2190:  Epot = -129971.389eV  Ekin = 658.058eV (T = 275K)  Etot = -129313.331eV
Step 2191:  Epot = -129971.684eV  Ekin = 658.046eV (T = 275K)  Etot = -129313.638eV
Step 2192:  Epot = -129974.686eV  Ekin = 660.580eV (T = 276K)  Etot = -129314.105eV
Step 2193:  Epot = -129974.650eV  Ekin = 660.784eV (T = 276K)  Etot = -129313.866eV
Step 2194:  Epot = -129971.770eV  Ekin = 658.207eV (T = 275K)  Etot = -129313.563eV
Step 2195:  Epot = -129970.841eV  Ekin = 657.154eV (T = 275K)  Etot = -129313.687eV
Step 2196:  Epot = -129972.083eV  Ekin = 658.474eV (T = 275K)  Etot = -129313.609eV
Step 2197:  Epot = -129972.994eV  Ekin = 659.502eV (T = 276K)  Etot = -129313.492eV
Step 2198:  Epot = -129971.133eV  Ekin = 657.638eV (T = 275K)  Etot = -129313.495eV
Step 2199:  Epot = -129967.383eV  Ekin = 654.369eV (T = 274K)  Etot = -129313.014eV
Step 2200:  Epot = -129966.598eV  Ekin = 653.856eV (T = 273K)  Etot = -129312.743eV
Step 2201:  Epot = -129968.658eV  Ekin = 655.452eV (T = 274K)  Etot = -129313.206eV
Step 2202:  Epot = -129967.472eV  Ekin = 654.925eV (T = 274K)  Etot = -129312.547eV
Step 2203:  Epot = -129963.768eV  Ekin = 651.814eV (T = 273K)  Etot = -129311.955eV
Step 2204:  Epot = -129963.192eV  Ekin = 651.263eV (T = 272K)  Etot = -129311.929eV
Step 2205:  Epot = -129965.232eV  Ekin = 652.939eV (T = 273K)  Etot = -129312.293eV
Step 2206:  Epot = -129966.583eV  Ekin = 654.402eV (T = 274K)  Etot = -129312.181eV
Step 2207:  Epot = -129966.593eV  Ekin = 654.473eV (T = 274K)  Etot = -129312.119eV
Step 2208:  Epot = -129965.555eV  Ekin = 653.334eV (T = 273K)  Etot = -129312.221eV
Step 2209:  Epot = -129965.452eV  Ekin = 653.701eV (T = 273K)  Etot = -129311.751eV
Step 2210:  Epot = -129968.346eV  Ekin = 656.348eV (T = 274K)  Etot = -129311.998eV
Step 2211:  Epot = -129969.484eV  Ekin = 657.730eV (T = 275K)  Etot = -129311.754eV
Step 2212:  Epot = -129967.459eV  Ekin = 655.954eV (T = 274K)  Etot = -129311.505eV
Step 2213:  Epot = -129967.341eV  Ekin = 655.958eV (T = 274K)  Etot = -129311.383eV
Step 2214:  Epot = -129969.663eV  Ekin = 657.836eV (T = 275K)  Etot = -129311.827eV
Step 2215:  Epot = -129971.266eV  Ekin = 659.471eV (T = 276K)  Etot = -129311.794eV
Step 2216:  Epot = -129971.408eV  Ekin = 659.839eV (T = 276K)  Etot = -129311.569eV
Step 2217:  Epot = -129969.556eV  Ekin = 658.514eV (T = 275K)  Etot = -129311.042eV
Step 2218:  Epot = -129967.212eV  Ekin = 656.614eV (T = 275K)  Etot = -129310.597eV
Step 2219:  Epot = -129968.420eV  Ekin = 658.178eV (T = 275K)  Etot = -129310.242eV
Step 2220:  Epot = -129970.222eV  Ekin = 659.623eV (T = 276K)  Etot = -129310.599eV
Step 2221:  Epot = -129968.384eV  Ekin = 658.381eV (T = 275K)  Etot = -129310.002eV
Step 2222:  Epot = -129967.087eV  Ekin = 656.965eV (T = 275K)  Etot = -129310.122eV
Step 2223:  Epot = -129967.491eV  Ekin = 657.086eV (T = 275K)  Etot = -129310.405eV
Step 2224:  Epot = -129967.297eV  Ekin = 657.040eV (T = 275K)  Etot = -129310.257eV
Step 2225:  Epot = -129966.666eV  Ekin = 656.831eV (T = 275K)  Etot = -129309.834eV
Step 2226:  Epot = -129965.527eV  Ekin = 655.812eV (T = 274K)  Etot = -129309.715eV
Step 2227:  Epot = -129963.628eV  Ekin = 654.402eV (T = 274K)  Etot = -129309.226eV
Step 2228:  Epot = -129964.135eV  Ekin = 654.812eV (T = 274K)  Etot = -129309.323eV
Step 2229:  Epot = -129965.695eV  Ekin = 656.373eV (T = 274K)  Etot = -129309.322eV
Step 2230:  Epot = -129964.023eV  Ekin = 655.029eV (T = 274K)  Etot = -129308.994eV
Step 2231:  Epot = -129962.522eV  Ekin = 653.651eV (T = 273K)  Etot = -129308.870eV
Step 2232:  Epot = -129963.405eV  Ekin = 654.054eV (T = 273K)  Etot = -129309.351eV
Step 2233:  Epot = -129964.361eV  Ekin = 654.753eV (T = 274K)  Etot = -129309.608eV
Step 2234:  Epot = -129963.887eV  Ekin = 654.271eV (T = 274K)  Etot = -129309.615eV
Step 2235:  Epot = -129961.405eV  Ekin = 652.076eV (T = 273K)  Etot = -129309.329eV
Step 2236:  Epot = -129958.066eV  Ekin = 649.528eV (T = 272K)  Etot = -129308.538eV
Step 2237:  Epot = -129957.828eV  Ekin = 649.310eV (T = 271K)  Etot = -129308.518eV
Step 2238:  Epot = -129959.818eV  Ekin = 650.691eV (T = 272K)  Etot = -129309.127eV
Step 2239:  Epot = -129959.354eV  Ekin = 650.409eV (T = 272K)  Etot = -129308.944eV
Step 2240:  Epot = -129957.889eV  Ekin = 649.447eV (T = 272K)  Etot = -129308.443eV
Step 2241:  Epot = -129958.786eV  Ekin = 649.939eV (T = 272K)  Etot = -129308.848eV
Step 2242:  Epot = -129961.421eV  Ekin = 652.287eV (T = 273K)  Etot = -129309.134eV
Step 2243:  Epot = -129962.360eV  Ekin = 653.126eV (T = 273K)  Etot = -129309.234eV
Step 2244:  Epot = -129960.754eV  Ekin = 651.985eV (T = 273K)  Etot = -129308.769eV
Step 2245:  Epot = -129958.154eV  Ekin = 649.837eV (T = 272K)  Etot = -129308.318eV
Step 2246:  Epot = -129957.696eV  Ekin = 649.393eV (T = 272K)  Etot = -129308.304eV
Step 2247:  Epot = -129959.715eV  Ekin = 651.552eV (T = 272K)  Etot = -129308.162eV
Step 2248:  Epot = -129960.775eV  Ekin = 652.591eV (T = 273K)  Etot = -129308.184eV
Step 2249:  Epot = -129961.131eV  Ekin = 653.216eV (T = 273K)  Etot = -129307.915eV
Step 2250:  Epot = -129962.493eV  Ekin = 654.347eV (T = 274K)  Etot = -129308.146eV
Step 2251:  Epot = -129964.593eV  Ekin = 656.308eV (T = 274K)  Etot = -129308.284eV
Step 2252:  Epot = -129965.412eV  Ekin = 657.196eV (T = 275K)  Etot = -129308.216eV
Step 2253:  Epot = -129964.552eV  Ekin = 656.744eV (T = 275K)  Etot = -129307.808eV
Step 2254:  Epot = -129962.598eV  Ekin = 654.920eV (T = 274K)  Etot = -129307.678eV
Step 2255:  Epot = -129960.600eV  Ekin = 653.632eV (T = 273K)  Etot = -129306.968eV
Step 2256:  Epot = -129960.174eV  Ekin = 652.991eV (T = 273K)  Etot = -129307.183eV
Step 2257:  Epot = -129960.406eV  Ekin = 653.168eV (T = 273K)  Etot = -129307.238eV
Step 2258:  Epot = -129960.162eV  Ekin = 652.777eV (T = 273K)  Etot = -129307.385eV
Step 2259:  Epot = -129960.621eV  Ekin = 653.088eV (T = 273K)  Etot = -129307.534eV
Step 2260:  Epot = -129961.247eV  Ekin = 653.598eV (T = 273K)  Etot = -129307.649eV
Step 2261:  Epot = -129961.046eV  Ekin = 653.265eV (T = 273K)  Etot = -129307.781eV
Step 2262:  Epot = -129960.649eV  Ekin = 653.265eV (T = 273K)  Etot = -129307.384eV
Step 2263:  Epot = -129960.196eV  Ekin = 652.946eV (T = 273K)  Etot = -129307.250eV
Step 2264:  Epot = -129959.836eV  Ekin = 652.569eV (T = 273K)  Etot = -129307.267eV
Step 2265:  Epot = -129959.234eV  Ekin = 651.914eV (T = 273K)  Etot = -129307.320eV
Step 2266:  Epot = -129959.249eV  Ekin = 651.857eV (T = 273K)  Etot = -129307.392eV
Step 2267:  Epot = -129959.559eV  Ekin = 652.540eV (T = 273K)  Etot = -129307.018eV
Step 2268:  Epot = -129961.584eV  Ekin = 654.793eV (T = 274K)  Etot = -129306.791eV
Step 2269:  Epot = -129963.709eV  Ekin = 657.277eV (T = 275K)  Etot = -129306.432eV
Step 2270:  Epot = -129963.784eV  Ekin = 657.381eV (T = 275K)  Etot = -129306.403eV
Step 2271:  Epot = -129963.375eV  Ekin = 656.935eV (T = 275K)  Etot = -129306.440eV
Step 2272:  Epot = -129963.328eV  Ekin = 656.714eV (T = 275K)  Etot = -129306.615eV
Step 2273:  Epot = -129963.744eV  Ekin = 656.408eV (T = 274K)  Etot = -129307.336eV
Step 2274:  Epot = -129962.448eV  Ekin = 655.812eV (T = 274K)  Etot = -129306.637eV
Step 2275:  Epot = -129961.592eV  Ekin = 655.469eV (T = 274K)  Etot = -129306.123eV
Step 2276:  Epot = -129962.637eV  Ekin = 656.572eV (T = 275K)  Etot = -129306.065eV
Step 2277:  Epot = -129964.726eV  Ekin = 658.645eV (T = 275K)  Etot = -129306.081eV
Step 2278:  Epot = -129965.583eV  Ekin = 659.466eV (T = 276K)  Etot = -129306.118eV
Step 2279:  Epot = -129964.171eV  Ekin = 658.133eV (T = 275K)  Etot = -129306.039eV
Step 2280:  Epot = -129963.501eV  Ekin = 657.810eV (T = 275K)  Etot = -129305.691eV
Step 2281:  Epot = -129963.536eV  Ekin = 658.279eV (T = 275K)  Etot = -129305.257eV
Step 2282:  Epot = -129963.399eV  Ekin = 658.026eV (T = 275K)  Etot = -129305.373eV
Step 2283:  Epot = -129961.487eV  Ekin = 656.890eV (T = 275K)  Etot = -129304.597eV
Step 2284:  Epot = -129959.433eV  Ekin = 655.313eV (T = 274K)  Etot = -129304.120eV
Step 2285:  Epot = -129960.434eV  Ekin = 656.579eV (T = 275K)  Etot = -129303.855eV
Step 2286:  Epot = -129962.573eV  Ekin = 658.461eV (T = 275K)  Etot = -129304.112eV
Step 2287:  Epot = -129963.358eV  Ekin = 659.267eV (T = 276K)  Etot = -129304.091eV
Step 2288:  Epot = -129962.490eV  Ekin = 658.280eV (T = 275K)  Etot = -129304.210eV
Step 2289:  Epot = -129962.587eV  Ekin = 658.183eV (T = 275K)  Etot = -129304.404eV
Step 2290:  Epot = -129963.630eV  Ekin = 658.976eV (T = 276K)  Etot = -129304.654eV
Step 2291:  Epot = -129964.132eV  Ekin = 659.389eV (T = 276K)  Etot = -129304.743eV
Step 2292:  Epot = -129963.072eV  Ekin = 658.301eV (T = 275K)  Etot = -129304.771eV
Step 2293:  Epot = -129960.894eV  Ekin = 656.526eV (T = 275K)  Etot = -129304.367eV
Step 2294:  Epot = -129961.163eV  Ekin = 656.758eV (T = 275K)  Etot = -129304.405eV
Step 2295:  Epot = -129962.160eV  Ekin = 657.376eV (T = 275K)  Etot = -129304.785eV
Step 2296:  Epot = -129961.624eV  Ekin = 657.177eV (T = 275K)  Etot = -129304.447eV
Step 2297:  Epot = -129960.359eV  Ekin = 655.608eV (T = 274K)  Etot = -129304.751eV
Step 2298:  Epot = -129961.035eV  Ekin = 656.422eV (T = 274K)  Etot = -129304.613eV
Step 2299:  Epot = -129962.485eV  Ekin = 657.340eV (T = 275K)  Etot = -129305.145eV
Step 2300:  Epot = -129961.997eV  Ekin = 657.272eV (T = 275K)  Etot = -129304.725eV
Step 2301:  Epot = -129960.651eV  Ekin = 656.346eV (T = 274K)  Etot = -129304.304eV
Step 2302:  Epot = -129958.990eV  Ekin = 654.785eV (T = 274K)  Etot = -129304.205eV
Step 2303:  Epot = -129959.829eV  Ekin = 655.397eV (T = 274K)  Etot = -129304.432eV
Step 2304:  Epot = -129961.716eV  Ekin = 658.111eV (T = 275K)  Etot = -129303.605eV
Step 2305:  Epot = -129961.077eV  Ekin = 657.663eV (T = 275K)  Etot = -129303.414eV
Step 2306:  Epot = -129959.510eV  Ekin = 656.390eV (T = 274K)  Etot = -129303.121eV
Step 2307:  Epot = -129960.840eV  Ekin = 657.729eV (T = 275K)  Etot = -129303.110eV
Step 2308:  Epot = -129963.502eV  Ekin = 660.137eV (T = 276K)  Etot = -129303.366eV
Step 2309:  Epot = -129964.543eV  Ekin = 661.223eV (T = 276K)  Etot = -129303.320eV
Step 2310:  Epot = -129964.200eV  Ekin = 661.011eV (T = 276K)  Etot = -129303.189eV
Step 2311:  Epot = -129962.738eV  Ekin = 660.105eV (T = 276K)  Etot = -129302.633eV
Step 2312:  Epot = -129964.004eV  Ekin = 661.353eV (T = 277K)  Etot = -129302.652eV
Step 2313:  Epot = -129967.220eV  Ekin = 664.382eV (T = 278K)  Etot = -129302.839eV
Step 2314:  Epot = -129966.778eV  Ekin = 664.201eV (T = 278K)  Etot = -129302.577eV
Step 2315:  Epot = -129964.321eV  Ekin = 662.086eV (T = 277K)  Etot = -129302.235eV
Step 2316:  Epot = -129964.967eV  Ekin = 662.594eV (T = 277K)  Etot = -129302.374eV
Step 2317:  Epot = -129967.820eV  Ekin = 665.269eV (T = 278K)  Etot = -129302.551eV
Step 2318:  Epot = -129969.455eV  Ekin = 667.120eV (T = 279K)  Etot = -129302.335eV
Step 2319:  Epot = -129968.563eV  Ekin = 666.394eV (T = 279K)  Etot = -129302.170eV
Step 2320:  Epot = -129965.760eV  Ekin = 664.290eV (T = 278K)  Etot = -129301.469eV
Step 2321:  Epot = -129965.297eV  Ekin = 664.548eV (T = 278K)  Etot = -129300.749eV
Step 2322:  Epot = -129967.146eV  Ekin = 666.101eV (T = 279K)  Etot = -129301.045eV
Step 2323:  Epot = -129965.546eV  Ekin = 664.908eV (T = 278K)  Etot = -129300.638eV
Step 2324:  Epot = -129961.348eV  Ekin = 661.688eV (T = 277K)  Etot = -129299.660eV
Step 2325:  Epot = -129959.273eV  Ekin = 659.823eV (T = 276K)  Etot = -129299.450eV
Step 2326:  Epot = -129959.485eV  Ekin = 659.953eV (T = 276K)  Etot = -129299.532eV
Step 2327:  Epot = -129959.183eV  Ekin = 659.504eV (T = 276K)  Etot = -129299.678eV
Step 2328:  Epot = -129957.461eV  Ekin = 657.764eV (T = 275K)  Etot = -129299.697eV
Step 2329:  Epot = -129954.820eV  Ekin = 655.519eV (T = 274K)  Etot = -129299.300eV
Step 2330:  Epot = -129954.363eV  Ekin = 655.307eV (T = 274K)  Etot = -129299.056eV
Step 2331:  Epot = -129955.897eV  Ekin = 656.938eV (T = 275K)  Etot = -129298.959eV
Step 2332:  Epot = -129955.379eV  Ekin = 656.482eV (T = 274K)  Etot = -129298.897eV
Step 2333:  Epot = -129953.756eV  Ekin = 655.288eV (T = 274K)  Etot = -129298.468eV
Step 2334:  Epot = -129952.948eV  Ekin = 654.748eV (T = 274K)  Etot = -129298.200eV
Step 2335:  Epot = -129953.839eV  Ekin = 655.629eV (T = 274K)  Etot = -129298.209eV
Step 2336:  Epot = -129955.245eV  Ekin = 657.015eV (T = 275K)  Etot = -129298.230eV
Step 2337:  Epot = -129955.194eV  Ekin = 657.111eV (T = 275K)  Etot = -129298.082eV
Step 2338:  Epot = -129953.650eV  Ekin = 655.991eV (T = 274K)  Etot = -129297.659eV
Step 2339:  Epot = -129953.976eV  Ekin = 655.885eV (T = 274K)  Etot = -129298.091eV
Step 2340:  Epot = -129956.631eV  Ekin = 658.363eV (T = 275K)  Etot = -129298.268eV
Step 2341:  Epot = -129957.859eV  Ekin = 659.464eV (T = 276K)  Etot = -129298.395eV
Step 2342:  Epot = -129956.169eV  Ekin = 658.315eV (T = 275K)  Etot = -129297.854eV
Step 2343:  Epot = -129953.452eV  Ekin = 655.089eV (T = 274K)  Etot = -129298.364eV
Step 2344:  Epot = -129953.208eV  Ekin = 655.236eV (T = 274K)  Etot = -129297.972eV
Step 2345:  Epot = -129955.215eV  Ekin = 657.317eV (T = 275K)  Etot = -129297.898eV
Step 2346:  Epot = -129956.190eV  Ekin = 657.972eV (T = 275K)  Etot = -129298.218eV
Step 2347:  Epot = -129954.408eV  Ekin = 656.647eV (T = 275K)  Etot = -129297.761eV
Step 2348:  Epot = -129952.164eV  Ekin = 655.072eV (T = 274K)  Etot = -129297.092eV
Step 2349:  Epot = -129952.276eV  Ekin = 654.625eV (T = 274K)  Etot = -129297.651eV
Step 2350:  Epot = -129953.402eV  Ekin = 656.008eV (T = 274K)  Etot = -129297.394eV
Step 2351:  Epot = -129953.035eV  Ekin = 656.374eV (T = 274K)  Etot = -129296.662eV
Step 2352:  Epot = -129951.141eV  Ekin = 654.347eV (T = 274K)  Etot = -129296.794eV
Step 2353:  Epot = -129950.390eV  Ekin = 653.673eV (T = 273K)  Etot = -129296.716eV
Step 2354:  Epot = -129951.550eV  Ekin = 654.970eV (T = 274K)  Etot = -129296.580eV
Step 2355:  Epot = -129952.786eV  Ekin = 656.077eV (T = 274K)  Etot = -129296.709eV
Step 2356:  Epot = -129952.631eV  Ekin = 655.794eV (T = 274K)  Etot = -129296.837eV
Step 2357:  Epot = -129951.719eV  Ekin = 655.275eV (T = 274K)  Etot = -129296.444eV
Step 2358:  Epot = -129951.422eV  Ekin = 655.500eV (T = 274K)  Etot = -129295.922eV
Step 2359:  Epot = -129952.420eV  Ekin = 656.691eV (T = 275K)  Etot = -129295.729eV
Step 2360:  Epot = -129953.485eV  Ekin = 657.462eV (T = 275K)  Etot = -129296.024eV
Step 2361:  Epot = -129953.819eV  Ekin = 658.347eV (T = 275K)  Etot = -129295.472eV
Step 2362:  Epot = -129953.634eV  Ekin = 658.130eV (T = 275K)  Etot = -129295.504eV
Step 2363:  Epot = -129953.619eV  Ekin = 658.322eV (T = 275K)  Etot = -129295.297eV
Step 2364:  Epot = -129954.990eV  Ekin = 659.631eV (T = 276K)  Etot = -129295.359eV
Step 2365:  Epot = -129956.167eV  Ekin = 660.704eV (T = 276K)  Etot = -129295.464eV
Step 2366:  Epot = -129956.370eV  Ekin = 660.884eV (T = 276K)  Etot = -129295.485eV
Step 2367:  Epot = -129955.615eV  Ekin = 660.501eV (T = 276K)  Etot = -129295.114eV
Step 2368:  Epot = -129955.575eV  Ekin = 660.644eV (T = 276K)  Etot = -129294.931eV
Step 2369:  Epot = -129956.110eV  Ekin = 661.390eV (T = 277K)  Etot = -129294.720eV
Step 2370:  Epot = -129955.808eV  Ekin = 661.267eV (T = 276K)  Etot = -129294.541eV
Step 2371:  Epot = -129954.730eV  Ekin = 660.503eV (T = 276K)  Etot = -129294.227eV
Step 2372:  Epot = -129953.346eV  Ekin = 659.693eV (T = 276K)  Etot = -129293.652eV
Step 2373:  Epot = -129954.145eV  Ekin = 660.528eV (T = 276K)  Etot = -129293.617eV
Step 2374:  Epot = -129955.859eV  Ekin = 662.185eV (T = 277K)  Etot = -129293.674eV
Step 2375:  Epot = -129955.311eV  Ekin = 661.749eV (T = 277K)  Etot = -129293.562eV
Step 2376:  Epot = -129952.171eV  Ekin = 658.913eV (T = 276K)  Etot = -129293.257eV
Step 2377:  Epot = -129949.533eV  Ekin = 656.746eV (T = 275K)  Etot = -129292.786eV
Step 2378:  Epot = -129949.464eV  Ekin = 657.030eV (T = 275K)  Etot = -129292.434eV
Step 2379:  Epot = -129950.289eV  Ekin = 657.849eV (T = 275K)  Etot = -129292.440eV
Step 2380:  Epot = -129949.866eV  Ekin = 657.667eV (T = 275K)  Etot = -129292.200eV
Step 2381:  Epot = -129947.471eV  Ekin = 655.109eV (T = 274K)  Etot = -129292.362eV
Step 2382:  Epot = -129946.936eV  Ekin = 654.832eV (T = 274K)  Etot = -129292.103eV
Step 2383:  Epot = -129948.824eV  Ekin = 656.333eV (T = 274K)  Etot = -129292.491eV
Step 2384:  Epot = -129950.229eV  Ekin = 657.667eV (T = 275K)  Etot = -129292.562eV
Step 2385:  Epot = -129949.476eV  Ekin = 657.315eV (T = 275K)  Etot = -129292.161eV
Step 2386:  Epot = -129947.255eV  Ekin = 655.786eV (T = 274K)  Etot = -129291.469eV
Step 2387:  Epot = -129946.155eV  Ekin = 655.161eV (T = 274K)  Etot = -129290.993eV
Step 2388:  Epot = -129947.055eV  Ekin = 655.792eV (T = 274K)  Etot = -129291.264eV
Step 2389:  Epot = -129948.257eV  Ekin = 656.753eV (T = 275K)  Etot = -129291.503eV
Step 2390:  Epot = -129947.368eV  Ekin = 655.970eV (T = 274K)  Etot = -129291.398eV
Step 2391:  Epot = -129946.853eV  Ekin = 655.641eV (T = 274K)  Etot = -129291.213eV
Step 2392:  Epot = -129949.283eV  Ekin = 657.679eV (T = 275K)  Etot = -129291.603eV
Step 2393:  Epot = -129952.337eV  Ekin = 660.358eV (T = 276K)  Etot = -129291.979eV
Step 2394:  Epot = -129953.523eV  Ekin = 661.692eV (T = 277K)  Etot = -129291.831eV
Step 2395:  Epot = -129951.753eV  Ekin = 660.223eV (T = 276K)  Etot = -129291.530eV
Step 2396:  Epot = -129949.322eV  Ekin = 657.628eV (T = 275K)  Etot = -129291.693eV
Step 2397:  Epot = -129949.520eV  Ekin = 658.148eV (T = 275K)  Etot = -129291.371eV
Step 2398:  Epot = -129952.107eV  Ekin = 660.402eV (T = 276K)  Etot = -129291.705eV
Step 2399:  Epot = -129953.062eV  Ekin = 660.514eV (T = 276K)  Etot = -129292.548eV
Step 2400:  Epot = -129951.864eV  Ekin = 659.588eV (T = 276K)  Etot = -129292.277eV
Pre-equilibration with 1 eV/A² for 1200 steps
Step 2401:  Epot = -129952.925eV  Ekin = 660.377eV (T = 276K)  Etot = -129292.548eV
Step 2402:  Epot = -129954.918eV  Ekin = 662.341eV (T = 277K)  Etot = -129292.577eV
Step 2403:  Epot = -129957.020eV  Ekin = 664.269eV (T = 278K)  Etot = -129292.751eV
Step 2404:  Epot = -129955.849eV  Ekin = 663.098eV (T = 277K)  Etot = -129292.752eV
Step 2405:  Epot = -129952.108eV  Ekin = 659.449eV (T = 276K)  Etot = -129292.660eV
Step 2406:  Epot = -129949.791eV  Ekin = 656.768eV (T = 275K)  Etot = -129293.023eV
Step 2407:  Epot = -129950.634eV  Ekin = 657.641eV (T = 275K)  Etot = -129292.992eV
Step 2408:  Epot = -129950.802eV  Ekin = 658.174eV (T = 275K)  Etot = -129292.628eV
Step 2409:  Epot = -129948.711eV  Ekin = 656.732eV (T = 275K)  Etot = -129291.979eV
Step 2410:  Epot = -129947.790eV  Ekin = 656.081eV (T = 274K)  Etot = -129291.710eV
Step 2411:  Epot = -129949.973eV  Ekin = 658.017eV (T = 275K)  Etot = -129291.956eV
Step 2412:  Epot = -129953.237eV  Ekin = 661.016eV (T = 276K)  Etot = -129292.221eV
Step 2413:  Epot = -129952.639eV  Ekin = 660.431eV (T = 276K)  Etot = -129292.208eV
Step 2414:  Epot = -129947.914eV  Ekin = 656.167eV (T = 274K)  Etot = -129291.747eV
Step 2415:  Epot = -129945.134eV  Ekin = 653.916eV (T = 273K)  Etot = -129291.218eV
Step 2416:  Epot = -129946.834eV  Ekin = 655.000eV (T = 274K)  Etot = -129291.835eV
Step 2417:  Epot = -129948.820eV  Ekin = 657.071eV (T = 275K)  Etot = -129291.749eV
Step 2418:  Epot = -129946.898eV  Ekin = 655.478eV (T = 274K)  Etot = -129291.420eV
Step 2419:  Epot = -129944.443eV  Ekin = 653.358eV (T = 273K)  Etot = -129291.086eV
Step 2420:  Epot = -129946.476eV  Ekin = 655.597eV (T = 274K)  Etot = -129290.879eV
Step 2421:  Epot = -129951.142eV  Ekin = 659.880eV (T = 276K)  Etot = -129291.262eV
Step 2422:  Epot = -129952.277eV  Ekin = 660.908eV (T = 276K)  Etot = -129291.369eV
Step 2423:  Epot = -129948.968eV  Ekin = 658.160eV (T = 275K)  Etot = -129290.808eV
Step 2424:  Epot = -129946.833eV  Ekin = 656.586eV (T = 275K)  Etot = -129290.247eV
Step 2425:  Epot = -129949.186eV  Ekin = 658.520eV (T = 275K)  Etot = -129290.665eV
Step 2426:  Epot = -129950.962eV  Ekin = 660.114eV (T = 276K)  Etot = -129290.848eV
Step 2427:  Epot = -129948.142eV  Ekin = 657.705eV (T = 275K)  Etot = -129290.437eV
Step 2428:  Epot = -129944.583eV  Ekin = 655.075eV (T = 274K)  Etot = -129289.508eV
Step 2429:  Epot = -129945.551eV  Ekin = 655.835eV (T = 274K)  Etot = -129289.716eV
Step 2430:  Epot = -129949.890eV  Ekin = 660.230eV (T = 276K)  Etot = -129289.661eV
Step 2431:  Epot = -129951.185eV  Ekin = 661.098eV (T = 276K)  Etot = -129290.087eV
Step 2432:  Epot = -129947.543eV  Ekin = 658.116eV (T = 275K)  Etot = -129289.428eV
Step 2433:  Epot = -129943.617eV  Ekin = 654.305eV (T = 274K)  Etot = -129289.312eV
Step 2434:  Epot = -129944.666eV  Ekin = 655.211eV (T = 274K)  Etot = -129289.455eV
Step 2435:  Epot = -129948.133eV  Ekin = 658.459eV (T = 275K)  Etot = -129289.674eV
Step 2436:  Epot = -129947.919eV  Ekin = 658.690eV (T = 275K)  Etot = -129289.229eV
Step 2437:  Epot = -129944.971eV  Ekin = 655.892eV (T = 274K)  Etot = -129289.079eV
Step 2438:  Epot = -129945.602eV  Ekin = 656.473eV (T = 274K)  Etot = -129289.129eV
Step 2439:  Epot = -129950.508eV  Ekin = 661.001eV (T = 276K)  Etot = -129289.507eV
Step 2440:  Epot = -129952.929eV  Ekin = 663.755eV (T = 278K)  Etot = -129289.174eV
Step 2441:  Epot = -129950.988eV  Ekin = 662.237eV (T = 277K)  Etot = -129288.751eV
Step 2442:  Epot = -129948.437eV  Ekin = 660.105eV (T = 276K)  Etot = -129288.331eV
Step 2443:  Epot = -129948.921eV  Ekin = 660.331eV (T = 276K)  Etot = -129288.591eV
Step 2444:  Epot = -129951.550eV  Ekin = 663.240eV (T = 277K)  Etot = -129288.310eV
Step 2445:  Epot = -129951.377eV  Ekin = 663.049eV (T = 277K)  Etot = -129288.328eV
Step 2446:  Epot = -129948.535eV  Ekin = 660.616eV (T = 276K)  Etot = -129287.920eV
Step 2447:  Epot = -129948.716eV  Ekin = 661.204eV (T = 276K)  Etot = -129287.512eV
Step 2448:  Epot = -129953.037eV  Ekin = 664.813eV (T = 278K)  Etot = -129288.224eV
Step 2449:  Epot = -129955.467eV  Ekin = 667.249eV (T = 279K)  Etot = -129288.218eV
Step 2450:  Epot = -129953.501eV  Ekin = 665.433eV (T = 278K)  Etot = -129288.068eV
Step 2451:  Epot = -129950.134eV  Ekin = 662.248eV (T = 277K)  Etot = -129287.885eV
Step 2452:  Epot = -129948.264eV  Ekin = 660.366eV (T = 276K)  Etot = -129287.898eV
Step 2453:  Epot = -129949.186eV  Ekin = 661.319eV (T = 277K)  Etot = -129287.867eV
Step 2454:  Epot = -129949.480eV  Ekin = 661.623eV (T = 277K)  Etot = -129287.858eV
Step 2455:  Epot = -129947.474eV  Ekin = 659.763eV (T = 276K)  Etot = -129287.711eV
Step 2456:  Epot = -129946.814eV  Ekin = 659.417eV (T = 276K)  Etot = -129287.397eV
Step 2457:  Epot = -129949.874eV  Ekin = 662.099eV (T = 277K)  Etot = -129287.775eV
Step 2458:  Epot = -129951.893eV  Ekin = 663.664eV (T = 278K)  Etot = -129288.229eV
Step 2459:  Epot = -129950.094eV  Ekin = 662.190eV (T = 277K)  Etot = -129287.904eV
Step 2460:  Epot = -129948.046eV  Ekin = 660.020eV (T = 276K)  Etot = -129288.026eV
Step 2461:  Epot = -129947.725eV  Ekin = 659.749eV (T = 276K)  Etot = -129287.976eV
Step 2462:  Epot = -129948.313eV  Ekin = 660.375eV (T = 276K)  Etot = -129287.938eV
Step 2463:  Epot = -129947.567eV  Ekin = 659.932eV (T = 276K)  Etot = -129287.636eV
Step 2464:  Epot = -129945.043eV  Ekin = 657.782eV (T = 275K)  Etot = -129287.261eV
Step 2465:  Epot = -129944.630eV  Ekin = 657.748eV (T = 275K)  Etot = -129286.881eV
Step 2466:  Epot = -129948.002eV  Ekin = 660.921eV (T = 276K)  Etot = -129287.080eV
Step 2467:  Epot = -129951.056eV  Ekin = 663.971eV (T = 278K)  Etot = -129287.084eV
Step 2468:  Epot = -129950.630eV  Ekin = 663.901eV (T = 278K)  Etot = -129286.729eV
Step 2469:  Epot = -129949.497eV  Ekin = 663.133eV (T = 277K)  Etot = -129286.364eV
Step 2470:  Epot = -129949.205eV  Ekin = 662.965eV (T = 277K)  Etot = -129286.240eV
Step 2471:  Epot = -129949.081eV  Ekin = 663.267eV (T = 277K)  Etot = -129285.814eV
Step 2472:  Epot = -129948.258eV  Ekin = 662.013eV (T = 277K)  Etot = -129286.246eV
Step 2473:  Epot = -129946.742eV  Ekin = 660.274eV (T = 276K)  Etot = -129286.468eV
Step 2474:  Epot = -129947.437eV  Ekin = 660.911eV (T = 276K)  Etot = -129286.526eV
Step 2475:  Epot = -129950.464eV  Ekin = 663.574eV (T = 277K)  Etot = -129286.890eV
Step 2476:  Epot = -129952.298eV  Ekin = 665.739eV (T = 278K)  Etot = -129286.559eV
Step 2477:  Epot = -129950.900eV  Ekin = 664.668eV (T = 278K)  Etot = -129286.232eV
Step 2478:  Epot = -129949.350eV  Ekin = 662.835eV (T = 277K)  Etot = -129286.516eV
Step 2479:  Epot = -129950.074eV  Ekin = 663.923eV (T = 278K)  Etot = -129286.151eV
Step 2480:  Epot = -129950.097eV  Ekin = 663.880eV (T = 278K)  Etot = -129286.217eV
Step 2481:  Epot = -129947.923eV  Ekin = 661.481eV (T = 277K)  Etot = -129286.443eV
Step 2482:  Epot = -129945.884eV  Ekin = 659.429eV (T = 276K)  Etot = -129286.455eV
Step 2483:  Epot = -129946.637eV  Ekin = 660.036eV (T = 276K)  Etot = -129286.601eV
Step 2484:  Epot = -129948.728eV  Ekin = 661.692eV (T = 277K)  Etot = -129287.036eV
Step 2485:  Epot = -129949.819eV  Ekin = 663.076eV (T = 277K)  Etot = -129286.743eV
Step 2486:  Epot = -129949.678eV  Ekin = 662.503eV (T = 277K)  Etot = -129287.174eV
Step 2487:  Epot = -129949.637eV  Ekin = 663.170eV (T = 277K)  Etot = -129286.466eV
Step 2488:  Epot = -129950.847eV  Ekin = 664.689eV (T = 278K)  Etot = -129286.158eV
Step 2489:  Epot = -129951.302eV  Ekin = 665.714eV (T = 278K)  Etot = -129285.587eV
Step 2490:  Epot = -129949.074eV  Ekin = 663.550eV (T = 277K)  Etot = -129285.524eV
Step 2491:  Epot = -129946.760eV  Ekin = 661.599eV (T = 277K)  Etot = -129285.161eV
Step 2492:  Epot = -129947.448eV  Ekin = 662.671eV (T = 277K)  Etot = -129284.776eV
Step 2493:  Epot = -129949.339eV  Ekin = 664.475eV (T = 278K)  Etot = -129284.863eV
Step 2494:  Epot = -129949.837eV  Ekin = 665.114eV (T = 278K)  Etot = -129284.723eV
Step 2495:  Epot = -129949.256eV  Ekin = 664.792eV (T = 278K)  Etot = -129284.464eV
Step 2496:  Epot = -129948.296eV  Ekin = 664.070eV (T = 278K)  Etot = -129284.226eV
Step 2497:  Epot = -129948.716eV  Ekin = 664.834eV (T = 278K)  Etot = -129283.882eV
Step 2498:  Epot = -129948.912eV  Ekin = 664.800eV (T = 278K)  Etot = -129284.112eV
Step 2499:  Epot = -129946.501eV  Ekin = 662.974eV (T = 277K)  Etot = -129283.527eV
Step 2500:  Epot = -129943.628eV  Ekin = 660.719eV (T = 276K)  Etot = -129282.909eV
Step 2501:  Epot = -129943.667eV  Ekin = 660.668eV (T = 276K)  Etot = -129282.999eV
Step 2502:  Epot = -129945.062eV  Ekin = 661.606eV (T = 277K)  Etot = -129283.456eV
Step 2503:  Epot = -129945.395eV  Ekin = 661.972eV (T = 277K)  Etot = -129283.424eV
Step 2504:  Epot = -129945.527eV  Ekin = 662.000eV (T = 277K)  Etot = -129283.527eV
Step 2505:  Epot = -129945.220eV  Ekin = 662.043eV (T = 277K)  Etot = -129283.176eV
Step 2506:  Epot = -129945.731eV  Ekin = 662.894eV (T = 277K)  Etot = -129282.837eV
Step 2507:  Epot = -129946.913eV  Ekin = 664.294eV (T = 278K)  Etot = -129282.619eV
Step 2508:  Epot = -129946.477eV  Ekin = 663.851eV (T = 278K)  Etot = -129282.626eV
Step 2509:  Epot = -129944.250eV  Ekin = 661.928eV (T = 277K)  Etot = -129282.322eV
Step 2510:  Epot = -129942.942eV  Ekin = 660.729eV (T = 276K)  Etot = -129282.213eV
Step 2511:  Epot = -129943.755eV  Ekin = 661.135eV (T = 276K)  Etot = -129282.620eV
Step 2512:  Epot = -129945.214eV  Ekin = 662.725eV (T = 277K)  Etot = -129282.490eV
Step 2513:  Epot = -129946.747eV  Ekin = 664.155eV (T = 278K)  Etot = -129282.592eV
Step 2514:  Epot = -129946.601eV  Ekin = 664.202eV (T = 278K)  Etot = -129282.399eV
Step 2515:  Epot = -129946.010eV  Ekin = 663.914eV (T = 278K)  Etot = -129282.096eV
Step 2516:  Epot = -129947.395eV  Ekin = 665.132eV (T = 278K)  Etot = -129282.263eV
Step 2517:  Epot = -129948.574eV  Ekin = 666.404eV (T = 279K)  Etot = -129282.170eV
Step 2518:  Epot = -129946.599eV  Ekin = 664.578eV (T = 278K)  Etot = -129282.021eV
Step 2519:  Epot = -129943.867eV  Ekin = 662.247eV (T = 277K)  Etot = -129281.620eV
Step 2520:  Epot = -129943.827eV  Ekin = 662.211eV (T = 277K)  Etot = -129281.616eV
Step 2521:  Epot = -129945.462eV  Ekin = 663.262eV (T = 277K)  Etot = -129282.200eV
Step 2522:  Epot = -129946.586eV  Ekin = 664.302eV (T = 278K)  Etot = -129282.284eV
Step 2523:  Epot = -129945.584eV  Ekin = 663.548eV (T = 277K)  Etot = -129282.037eV
Step 2524:  Epot = -129944.500eV  Ekin = 662.829eV (T = 277K)  Etot = -129281.671eV
Step 2525:  Epot = -129946.395eV  Ekin = 664.813eV (T = 278K)  Etot = -129281.582eV
Step 2526:  Epot = -129948.874eV  Ekin = 666.946eV (T = 279K)  Etot = -129281.928eV
Step 2527:  Epot = -129948.701eV  Ekin = 667.090eV (T = 279K)  Etot = -129281.611eV
Step 2528:  Epot = -129946.079eV  Ekin = 664.881eV (T = 278K)  Etot = -129281.198eV
Step 2529:  Epot = -129944.531eV  Ekin = 663.785eV (T = 278K)  Etot = -129280.746eV
Step 2530:  Epot = -129945.996eV  Ekin = 665.152eV (T = 278K)  Etot = -129280.843eV
Step 2531:  Epot = -129948.337eV  Ekin = 667.566eV (T = 279K)  Etot = -129280.771eV
Step 2532:  Epot = -129947.753eV  Ekin = 667.416eV (T = 279K)  Etot = -129280.337eV
Step 2533:  Epot = -129945.196eV  Ekin = 664.992eV (T = 278K)  Etot = -129280.204eV
Step 2534:  Epot = -129945.170eV  Ekin = 665.329eV (T = 278K)  Etot = -129279.841eV
Step 2535:  Epot = -129946.803eV  Ekin = 666.635eV (T = 279K)  Etot = -129280.168eV
Step 2536:  Epot = -129946.748eV  Ekin = 666.444eV (T = 279K)  Etot = -129280.304eV
Step 2537:  Epot = -129943.989eV  Ekin = 664.683eV (T = 278K)  Etot = -129279.306eV
Step 2538:  Epot = -129941.504eV  Ekin = 661.768eV (T = 277K)  Etot = -129279.736eV
Step 2539:  Epot = -129942.008eV  Ekin = 661.986eV (T = 277K)  Etot = -129280.022eV
Step 2540:  Epot = -129944.472eV  Ekin = 664.285eV (T = 278K)  Etot = -129280.187eV
Step 2541:  Epot = -129945.069eV  Ekin = 665.067eV (T = 278K)  Etot = -129280.001eV
Step 2542:  Epot = -129943.086eV  Ekin = 663.393eV (T = 277K)  Etot = -129279.694eV
Step 2543:  Epot = -129942.535eV  Ekin = 663.174eV (T = 277K)  Etot = -129279.361eV
Step 2544:  Epot = -129944.546eV  Ekin = 665.214eV (T = 278K)  Etot = -129279.332eV
Step 2545:  Epot = -129946.453eV  Ekin = 667.019eV (T = 279K)  Etot = -129279.434eV
Step 2546:  Epot = -129945.587eV  Ekin = 666.259eV (T = 279K)  Etot = -129279.329eV
Step 2547:  Epot = -129943.282eV  Ekin = 664.371eV (T = 278K)  Etot = -129278.911eV
Step 2548:  Epot = -129943.718eV  Ekin = 664.787eV (T = 278K)  Etot = -129278.930eV
Step 2549:  Epot = -129946.845eV  Ekin = 667.979eV (T = 279K)  Etot = -129278.867eV
Step 2550:  Epot = -129948.214eV  Ekin = 669.614eV (T = 280K)  Etot = -129278.600eV
Step 2551:  Epot = -129946.678eV  Ekin = 668.257eV (T = 279K)  Etot = -129278.421eV
Step 2552:  Epot = -129946.172eV  Ekin = 667.552eV (T = 279K)  Etot = -129278.620eV
Step 2553:  Epot = -129948.384eV  Ekin = 669.342eV (T = 280K)  Etot = -129279.042eV
Step 2554:  Epot = -129950.102eV  Ekin = 670.740eV (T = 280K)  Etot = -129279.362eV
Step 2555:  Epot = -129948.890eV  Ekin = 669.326eV (T = 280K)  Etot = -129279.564eV
Step 2556:  Epot = -129946.311eV  Ekin = 667.095eV (T = 279K)  Etot = -129279.215eV
Step 2557:  Epot = -129945.755eV  Ekin = 666.697eV (T = 279K)  Etot = -129279.058eV
Step 2558:  Epot = -129947.533eV  Ekin = 668.418eV (T = 279K)  Etot = -129279.115eV
Step 2559:  Epot = -129947.677eV  Ekin = 668.552eV (T = 280K)  Etot = -129279.125eV
Step 2560:  Epot = -129945.560eV  Ekin = 666.578eV (T = 279K)  Etot = -129278.982eV
Step 2561:  Epot = -129943.352eV  Ekin = 664.402eV (T = 278K)  Etot = -129278.950eV
Step 2562:  Epot = -129943.787eV  Ekin = 664.628eV (T = 278K)  Etot = -129279.160eV
Step 2563:  Epot = -129945.020eV  Ekin = 665.774eV (T = 278K)  Etot = -129279.245eV
Step 2564:  Epot = -129945.015eV  Ekin = 665.975eV (T = 278K)  Etot = -129279.040eV
Step 2565:  Epot = -129943.968eV  Ekin = 664.972eV (T = 278K)  Etot = -129278.995eV
Step 2566:  Epot = -129943.692eV  Ekin = 664.461eV (T = 278K)  Etot = -129279.231eV
Step 2567:  Epot = -129944.956eV  Ekin = 665.472eV (T = 278K)  Etot = -129279.483eV
Step 2568:  Epot = -129945.616eV  Ekin = 665.801eV (T = 278K)  Etot = -129279.815eV
Step 2569:  Epot = -129944.790eV  Ekin = 665.121eV (T = 278K)  Etot = -129279.669eV
Step 2570:  Epot = -129943.542eV  Ekin = 664.555eV (T = 278K)  Etot = -129278.987eV
Step 2571:  Epot = -129943.783eV  Ekin = 664.653eV (T = 278K)  Etot = -129279.130eV
Step 2572:  Epot = -129944.412eV  Ekin = 665.386eV (T = 278K)  Etot = -129279.026eV
Step 2573:  Epot = -129944.265eV  Ekin = 664.875eV (T = 278K)  Etot = -129279.390eV
Step 2574:  Epot = -129945.207eV  Ekin = 665.369eV (T = 278K)  Etot = -129279.838eV
Step 2575:  Epot = -129946.408eV  Ekin = 666.592eV (T = 279K)  Etot = -129279.816eV
Step 2576:  Epot = -129947.654eV  Ekin = 667.728eV (T = 279K)  Etot = -129279.926eV
Step 2577:  Epot = -129948.476eV  Ekin = 667.927eV (T = 279K)  Etot = -129280.549eV
Step 2578:  Epot = -129948.218eV  Ekin = 667.790eV (T = 279K)  Etot = -129280.428eV
Step 2579:  Epot = -129947.512eV  Ekin = 667.160eV (T = 279K)  Etot = -129280.352eV
Step 2580:  Epot = -129947.715eV  Ekin = 667.206eV (T = 279K)  Etot = -129280.508eV
Step 2581:  Epot = -129947.421eV  Ekin = 667.444eV (T = 279K)  Etot = -129279.977eV
Step 2582:  Epot = -129945.497eV  Ekin = 666.241eV (T = 279K)  Etot = -129279.256eV
Step 2583:  Epot = -129944.999eV  Ekin = 666.110eV (T = 279K)  Etot = -129278.889eV
Step 2584:  Epot = -129945.636eV  Ekin = 666.158eV (T = 279K)  Etot = -129279.478eV
Step 2585:  Epot = -129945.425eV  Ekin = 665.897eV (T = 278K)  Etot = -129279.527eV
Step 2586:  Epot = -129944.292eV  Ekin = 664.461eV (T = 278K)  Etot = -129279.831eV
Step 2587:  Epot = -129942.861eV  Ekin = 663.240eV (T = 277K)  Etot = -129279.620eV
Step 2588:  Epot = -129942.376eV  Ekin = 662.801eV (T = 277K)  Etot = -129279.575eV
Step 2589:  Epot = -129943.389eV  Ekin = 663.483eV (T = 277K)  Etot = -129279.905eV
Step 2590:  Epot = -129943.261eV  Ekin = 663.711eV (T = 278K)  Etot = -129279.550eV
Step 2591:  Epot = -129940.534eV  Ekin = 661.391eV (T = 277K)  Etot = -129279.142eV
Step 2592:  Epot = -129939.694eV  Ekin = 660.346eV (T = 276K)  Etot = -129279.348eV
Step 2593:  Epot = -129941.659eV  Ekin = 662.421eV (T = 277K)  Etot = -129279.238eV
Step 2594:  Epot = -129943.215eV  Ekin = 664.306eV (T = 278K)  Etot = -129278.909eV
Step 2595:  Epot = -129943.577eV  Ekin = 664.620eV (T = 278K)  Etot = -129278.957eV
Step 2596:  Epot = -129943.607eV  Ekin = 665.003eV (T = 278K)  Etot = -129278.604eV
Step 2597:  Epot = -129944.693eV  Ekin = 666.409eV (T = 279K)  Etot = -129278.284eV
Step 2598:  Epot = -129947.095eV  Ekin = 668.540eV (T = 280K)  Etot = -129278.556eV
Step 2599:  Epot = -129947.481eV  Ekin = 669.253eV (T = 280K)  Etot = -129278.229eV
Step 2600:  Epot = -129944.644eV  Ekin = 667.233eV (T = 279K)  Etot = -129277.411eV
Step 2601:  Epot = -129943.978eV  Ekin = 666.682eV (T = 279K)  Etot = -129277.296eV
Step 2602:  Epot = -129946.878eV  Ekin = 669.798eV (T = 280K)  Etot = -129277.080eV
Step 2603:  Epot = -129948.258eV  Ekin = 671.289eV (T = 281K)  Etot = -129276.968eV
Step 2604:  Epot = -129947.160eV  Ekin = 670.384eV (T = 280K)  Etot = -129276.776eV
Step 2605:  Epot = -129946.379eV  Ekin = 669.566eV (T = 280K)  Etot = -129276.813eV
Step 2606:  Epot = -129947.009eV  Ekin = 670.576eV (T = 280K)  Etot = -129276.434eV
Step 2607:  Epot = -129948.903eV  Ekin = 672.043eV (T = 281K)  Etot = -129276.860eV
Step 2608:  Epot = -129948.353eV  Ekin = 671.832eV (T = 281K)  Etot = -129276.521eV
Step 2609:  Epot = -129944.003eV  Ekin = 667.917eV (T = 279K)  Etot = -129276.086eV
Step 2610:  Epot = -129940.398eV  Ekin = 664.987eV (T = 278K)  Etot = -129275.412eV
Step 2611:  Epot = -129941.547eV  Ekin = 665.473eV (T = 278K)  Etot = -129276.074eV
Step 2612:  Epot = -129943.177eV  Ekin = 667.131eV (T = 279K)  Etot = -129276.046eV
Step 2613:  Epot = -129942.011eV  Ekin = 666.197eV (T = 279K)  Etot = -129275.814eV
Step 2614:  Epot = -129940.191eV  Ekin = 664.346eV (T = 278K)  Etot = -129275.845eV
Step 2615:  Epot = -129940.064eV  Ekin = 664.234eV (T = 278K)  Etot = -129275.830eV
Step 2616:  Epot = -129942.457eV  Ekin = 666.961eV (T = 279K)  Etot = -129275.497eV
Step 2617:  Epot = -129944.142eV  Ekin = 668.522eV (T = 280K)  Etot = -129275.621eV
Step 2618:  Epot = -129941.931eV  Ekin = 666.741eV (T = 279K)  Etot = -129275.190eV
Step 2619:  Epot = -129938.165eV  Ekin = 664.099eV (T = 278K)  Etot = -129274.066eV
Step 2620:  Epot = -129938.640eV  Ekin = 664.438eV (T = 278K)  Etot = -129274.203eV
Step 2621:  Epot = -129942.098eV  Ekin = 667.018eV (T = 279K)  Etot = -129275.081eV
Step 2622:  Epot = -129942.856eV  Ekin = 667.833eV (T = 279K)  Etot = -129275.022eV
Step 2623:  Epot = -129941.310eV  Ekin = 666.552eV (T = 279K)  Etot = -129274.759eV
Step 2624:  Epot = -129941.109eV  Ekin = 666.484eV (T = 279K)  Etot = -129274.625eV
Step 2625:  Epot = -129943.110eV  Ekin = 668.277eV (T = 279K)  Etot = -129274.833eV
Step 2626:  Epot = -129945.318eV  Ekin = 670.612eV (T = 280K)  Etot = -129274.706eV
Step 2627:  Epot = -129943.974eV  Ekin = 669.075eV (T = 280K)  Etot = -129274.898eV
Step 2628:  Epot = -129939.154eV  Ekin = 664.568eV (T = 278K)  Etot = -129274.586eV
Step 2629:  Epot = -129936.923eV  Ekin = 662.350eV (T = 277K)  Etot = -129274.573eV
Step 2630:  Epot = -129939.039eV  Ekin = 664.102eV (T = 278K)  Etot = -129274.937eV
Step 2631:  Epot = -129940.193eV  Ekin = 665.440eV (T = 278K)  Etot = -129274.753eV
Step 2632:  Epot = -129938.428eV  Ekin = 663.843eV (T = 278K)  Etot = -129274.585eV
Step 2633:  Epot = -129937.228eV  Ekin = 662.988eV (T = 277K)  Etot = -129274.240eV
Step 2634:  Epot = -129938.542eV  Ekin = 664.537eV (T = 278K)  Etot = -129274.004eV
Step 2635:  Epot = -129941.726eV  Ekin = 667.646eV (T = 279K)  Etot = -129274.080eV
Step 2636:  Epot = -129943.400eV  Ekin = 668.592eV (T = 280K)  Etot = -129274.809eV
Step 2637:  Epot = -129940.374eV  Ekin = 665.997eV (T = 278K)  Etot = -129274.377eV
Step 2638:  Epot = -129936.774eV  Ekin = 662.941eV (T = 277K)  Etot = -129273.833eV
Step 2639:  Epot = -129937.960eV  Ekin = 664.027eV (T = 278K)  Etot = -129273.933eV
Step 2640:  Epot = -129941.151eV  Ekin = 666.866eV (T = 279K)  Etot = -129274.285eV
Step 2641:  Epot = -129941.509eV  Ekin = 667.342eV (T = 279K)  Etot = -129274.167eV
Step 2642:  Epot = -129940.392eV  Ekin = 665.911eV (T = 278K)  Etot = -129274.482eV
Step 2643:  Epot = -129940.211eV  Ekin = 666.187eV (T = 279K)  Etot = -129274.024eV
Step 2644:  Epot = -129941.493eV  Ekin = 667.118eV (T = 279K)  Etot = -129274.375eV
Step 2645:  Epot = -129943.672eV  Ekin = 668.759eV (T = 280K)  Etot = -129274.913eV
Step 2646:  Epot = -129942.099eV  Ekin = 667.301eV (T = 279K)  Etot = -129274.798eV
Step 2647:  Epot = -129937.773eV  Ekin = 663.241eV (T = 277K)  Etot = -129274.532eV
Step 2648:  Epot = -129936.648eV  Ekin = 662.312eV (T = 277K)  Etot = -129274.336eV
Step 2649:  Epot = -129938.739eV  Ekin = 664.128eV (T = 278K)  Etot = -129274.611eV
Step 2650:  Epot = -129939.180eV  Ekin = 664.457eV (T = 278K)  Etot = -129274.723eV
Step 2651:  Epot = -129938.336eV  Ekin = 663.823eV (T = 278K)  Etot = -129274.512eV
Step 2652:  Epot = -129938.138eV  Ekin = 663.974eV (T = 278K)  Etot = -129274.164eV
Step 2653:  Epot = -129939.091eV  Ekin = 665.519eV (T = 278K)  Etot = -129273.572eV
Step 2654:  Epot = -129942.056eV  Ekin = 668.135eV (T = 279K)  Etot = -129273.921eV
Step 2655:  Epot = -129942.536eV  Ekin = 668.597eV (T = 280K)  Etot = -129273.938eV
Step 2656:  Epot = -129938.534eV  Ekin = 665.169eV (T = 278K)  Etot = -129273.365eV
Step 2657:  Epot = -129935.798eV  Ekin = 662.952eV (T = 277K)  Etot = -129272.846eV
Step 2658:  Epot = -129936.599eV  Ekin = 663.443eV (T = 277K)  Etot = -129273.155eV
Step 2659:  Epot = -129937.214eV  Ekin = 664.226eV (T = 278K)  Etot = -129272.989eV
Step 2660:  Epot = -129936.479eV  Ekin = 663.681eV (T = 278K)  Etot = -129272.798eV
Step 2661:  Epot = -129935.918eV  Ekin = 663.035eV (T = 277K)  Etot = -129272.884eV
Step 2662:  Epot = -129936.023eV  Ekin = 663.856eV (T = 278K)  Etot = -129272.167eV
Step 2663:  Epot = -129938.195eV  Ekin = 665.760eV (T = 278K)  Etot = -129272.434eV
Step 2664:  Epot = -129939.773eV  Ekin = 667.354eV (T = 279K)  Etot = -129272.419eV
Step 2665:  Epot = -129937.131eV  Ekin = 665.275eV (T = 278K)  Etot = -129271.855eV
Step 2666:  Epot = -129934.331eV  Ekin = 662.426eV (T = 277K)  Etot = -129271.905eV
Step 2667:  Epot = -129934.379eV  Ekin = 662.782eV (T = 277K)  Etot = -129271.597eV
Step 2668:  Epot = -129934.345eV  Ekin = 662.416eV (T = 277K)  Etot = -129271.929eV
Step 2669:  Epot = -129933.966eV  Ekin = 662.180eV (T = 277K)  Etot = -129271.785eV
Step 2670:  Epot = -129934.465eV  Ekin = 662.859eV (T = 277K)  Etot = -129271.606eV
Step 2671:  Epot = -129935.128eV  Ekin = 663.339eV (T = 277K)  Etot = -129271.789eV
Step 2672:  Epot = -129936.330eV  Ekin = 664.768eV (T = 278K)  Etot = -129271.562eV
Step 2673:  Epot = -129938.120eV  Ekin = 666.366eV (T = 279K)  Etot = -129271.754eV
Step 2674:  Epot = -129938.048eV  Ekin = 666.485eV (T = 279K)  Etot = -129271.563eV
Step 2675:  Epot = -129938.048eV  Ekin = 666.798eV (T = 279K)  Etot = -129271.251eV
Step 2676:  Epot = -129939.494eV  Ekin = 668.343eV (T = 279K)  Etot = -129271.151eV
Step 2677:  Epot = -129939.902eV  Ekin = 668.597eV (T = 280K)  Etot = -129271.306eV
Step 2678:  Epot = -129939.198eV  Ekin = 667.939eV (T = 279K)  Etot = -129271.259eV
Step 2679:  Epot = -129939.661eV  Ekin = 668.154eV (T = 279K)  Etot = -129271.507eV
Step 2680:  Epot = -129940.223eV  Ekin = 668.284eV (T = 279K)  Etot = -129271.939eV
Step 2681:  Epot = -129940.575eV  Ekin = 668.782eV (T = 280K)  Etot = -129271.794eV
Step 2682:  Epot = -129941.636eV  Ekin = 669.501eV (T = 280K)  Etot = -129272.135eV
Step 2683:  Epot = -129941.493eV  Ekin = 669.894eV (T = 280K)  Etot = -129271.599eV
Step 2684:  Epot = -129940.302eV  Ekin = 669.200eV (T = 280K)  Etot = -129271.102eV
Step 2685:  Epot = -129940.443eV  Ekin = 669.443eV (T = 280K)  Etot = -129271.000eV
Step 2686:  Epot = -129940.360eV  Ekin = 669.717eV (T = 280K)  Etot = -129270.643eV
Step 2687:  Epot = -129939.582eV  Ekin = 669.190eV (T = 280K)  Etot = -129270.392eV
Step 2688:  Epot = -129940.057eV  Ekin = 669.891eV (T = 280K)  Etot = -129270.166eV
Step 2689:  Epot = -129940.106eV  Ekin = 669.325eV (T = 280K)  Etot = -129270.781eV
Step 2690:  Epot = -129938.957eV  Ekin = 668.479eV (T = 280K)  Etot = -129270.478eV
Step 2691:  Epot = -129938.795eV  Ekin = 668.105eV (T = 279K)  Etot = -129270.690eV
Step 2692:  Epot = -129939.311eV  Ekin = 668.615eV (T = 280K)  Etot = -129270.696eV
Step 2693:  Epot = -129939.259eV  Ekin = 668.539eV (T = 280K)  Etot = -129270.720eV
Step 2694:  Epot = -129939.580eV  Ekin = 668.668eV (T = 280K)  Etot = -129270.912eV
Step 2695:  Epot = -129938.606eV  Ekin = 667.855eV (T = 279K)  Etot = -129270.751eV
Step 2696:  Epot = -129937.448eV  Ekin = 666.676eV (T = 279K)  Etot = -129270.772eV
Step 2697:  Epot = -129938.519eV  Ekin = 667.567eV (T = 279K)  Etot = -129270.952eV
Step 2698:  Epot = -129940.004eV  Ekin = 668.907eV (T = 280K)  Etot = -129271.097eV
Step 2699:  Epot = -129939.218eV  Ekin = 668.580eV (T = 280K)  Etot = -129270.638eV
Step 2700:  Epot = -129938.158eV  Ekin = 667.412eV (T = 279K)  Etot = -129270.747eV
Step 2701:  Epot = -129938.423eV  Ekin = 667.563eV (T = 279K)  Etot = -129270.860eV
Step 2702:  Epot = -129939.153eV  Ekin = 668.516eV (T = 280K)  Etot = -129270.637eV
Step 2703:  Epot = -129940.075eV  Ekin = 669.159eV (T = 280K)  Etot = -129270.916eV
Step 2704:  Epot = -129939.693eV  Ekin = 668.786eV (T = 280K)  Etot = -129270.907eV
Step 2705:  Epot = -129938.889eV  Ekin = 668.329eV (T = 279K)  Etot = -129270.560eV
Step 2706:  Epot = -129940.563eV  Ekin = 669.685eV (T = 280K)  Etot = -129270.877eV
Step 2707:  Epot = -129942.746eV  Ekin = 671.799eV (T = 281K)  Etot = -129270.946eV
Step 2708:  Epot = -129941.849eV  Ekin = 671.397eV (T = 281K)  Etot = -129270.452eV
Step 2709:  Epot = -129940.015eV  Ekin = 669.584eV (T = 280K)  Etot = -129270.432eV
Step 2710:  Epot = -129939.003eV  Ekin = 668.128eV (T = 279K)  Etot = -129270.875eV
Step 2711:  Epot = -129938.378eV  Ekin = 667.264eV (T = 279K)  Etot = -129271.114eV
Step 2712:  Epot = -129938.123eV  Ekin = 666.899eV (T = 279K)  Etot = -129271.225eV
Step 2713:  Epot = -129936.965eV  Ekin = 665.668eV (T = 278K)  Etot = -129271.298eV
Step 2714:  Epot = -129935.187eV  Ekin = 663.876eV (T = 278K)  Etot = -129271.311eV
Step 2715:  Epot = -129935.957eV  Ekin = 664.590eV (T = 278K)  Etot = -129271.367eV
Step 2716:  Epot = -129938.085eV  Ekin = 666.273eV (T = 279K)  Etot = -129271.812eV
Step 2717:  Epot = -129937.615eV  Ekin = 666.031eV (T = 278K)  Etot = -129271.583eV
Step 2718:  Epot = -129936.197eV  Ekin = 664.973eV (T = 278K)  Etot = -129271.224eV
Step 2719:  Epot = -129935.635eV  Ekin = 664.049eV (T = 278K)  Etot = -129271.586eV
Step 2720:  Epot = -129935.520eV  Ekin = 664.065eV (T = 278K)  Etot = -129271.455eV
Step 2721:  Epot = -129936.114eV  Ekin = 664.607eV (T = 278K)  Etot = -129271.507eV
Step 2722:  Epot = -129936.376eV  Ekin = 664.918eV (T = 278K)  Etot = -129271.458eV
Step 2723:  Epot = -129935.982eV  Ekin = 664.493eV (T = 278K)  Etot = -129271.489eV
Step 2724:  Epot = -129938.396eV  Ekin = 666.477eV (T = 279K)  Etot = -129271.919eV
Step 2725:  Epot = -129942.667eV  Ekin = 670.247eV (T = 280K)  Etot = -129272.420eV
Step 2726:  Epot = -129943.824eV  Ekin = 671.702eV (T = 281K)  Etot = -129272.123eV
Step 2727:  Epot = -129943.350eV  Ekin = 672.034eV (T = 281K)  Etot = -129271.316eV
Step 2728:  Epot = -129943.739eV  Ekin = 672.475eV (T = 281K)  Etot = -129271.264eV
Step 2729:  Epot = -129943.205eV  Ekin = 672.194eV (T = 281K)  Etot = -129271.010eV
Step 2730:  Epot = -129942.198eV  Ekin = 671.289eV (T = 281K)  Etot = -129270.909eV
Step 2731:  Epot = -129941.216eV  Ekin = 670.328eV (T = 280K)  Etot = -129270.888eV
Step 2732:  Epot = -129939.343eV  Ekin = 668.732eV (T = 280K)  Etot = -129270.610eV
Step 2733:  Epot = -129939.146eV  Ekin = 668.543eV (T = 280K)  Etot = -129270.603eV
Step 2734:  Epot = -129940.806eV  Ekin = 670.136eV (T = 280K)  Etot = -129270.670eV
Step 2735:  Epot = -129939.601eV  Ekin = 668.939eV (T = 280K)  Etot = -129270.662eV
Step 2736:  Epot = -129937.694eV  Ekin = 667.841eV (T = 279K)  Etot = -129269.853eV
Step 2737:  Epot = -129939.002eV  Ekin = 668.847eV (T = 280K)  Etot = -129270.155eV
Step 2738:  Epot = -129938.980eV  Ekin = 669.244eV (T = 280K)  Etot = -129269.736eV
Step 2739:  Epot = -129936.131eV  Ekin = 667.280eV (T = 279K)  Etot = -129268.851eV
Step 2740:  Epot = -129933.654eV  Ekin = 665.199eV (T = 278K)  Etot = -129268.455eV
Step 2741:  Epot = -129932.378eV  Ekin = 663.620eV (T = 277K)  Etot = -129268.758eV
Step 2742:  Epot = -129933.478eV  Ekin = 664.706eV (T = 278K)  Etot = -129268.772eV
Step 2743:  Epot = -129936.489eV  Ekin = 667.335eV (T = 279K)  Etot = -129269.154eV
Step 2744:  Epot = -129935.718eV  Ekin = 666.696eV (T = 279K)  Etot = -129269.022eV
Step 2745:  Epot = -129934.421eV  Ekin = 665.653eV (T = 278K)  Etot = -129268.769eV
Step 2746:  Epot = -129938.299eV  Ekin = 669.163eV (T = 280K)  Etot = -129269.136eV
Step 2747:  Epot = -129941.229eV  Ekin = 671.734eV (T = 281K)  Etot = -129269.495eV
Step 2748:  Epot = -129939.232eV  Ekin = 670.581eV (T = 280K)  Etot = -129268.652eV
Step 2749:  Epot = -129936.487eV  Ekin = 667.841eV (T = 279K)  Etot = -129268.646eV
Step 2750:  Epot = -129935.821eV  Ekin = 667.818eV (T = 279K)  Etot = -129268.003eV
Step 2751:  Epot = -129937.507eV  Ekin = 669.383eV (T = 280K)  Etot = -129268.124eV
Step 2752:  Epot = -129940.269eV  Ekin = 672.019eV (T = 281K)  Etot = -129268.250eV
Step 2753:  Epot = -129938.494eV  Ekin = 670.570eV (T = 280K)  Etot = -129267.924eV
Step 2754:  Epot = -129935.744eV  Ekin = 668.890eV (T = 280K)  Etot = -129266.854eV
Step 2755:  Epot = -129939.543eV  Ekin = 672.600eV (T = 281K)  Etot = -129266.944eV
Step 2756:  Epot = -129943.764eV  Ekin = 676.426eV (T = 283K)  Etot = -129267.338eV
Step 2757:  Epot = -129942.355eV  Ekin = 675.605eV (T = 282K)  Etot = -129266.750eV
Step 2758:  Epot = -129938.430eV  Ekin = 671.569eV (T = 281K)  Etot = -129266.862eV
Step 2759:  Epot = -129936.358eV  Ekin = 669.843eV (T = 280K)  Etot = -129266.515eV
Step 2760:  Epot = -129937.570eV  Ekin = 670.608eV (T = 280K)  Etot = -129266.962eV
Step 2761:  Epot = -129939.694eV  Ekin = 672.335eV (T = 281K)  Etot = -129267.359eV
Step 2762:  Epot = -129937.663eV  Ekin = 670.574eV (T = 280K)  Etot = -129267.089eV
Step 2763:  Epot = -129933.439eV  Ekin = 667.299eV (T = 279K)  Etot = -129266.141eV
Step 2764:  Epot = -129935.899eV  Ekin = 669.433eV (T = 280K)  Etot = -129266.467eV
Step 2765:  Epot = -129941.145eV  Ekin = 674.515eV (T = 282K)  Etot = -129266.630eV
Step 2766:  Epot = -129941.223eV  Ekin = 674.860eV (T = 282K)  Etot = -129266.363eV
Step 2767:  Epot = -129937.750eV  Ekin = 671.539eV (T = 281K)  Etot = -129266.212eV
Step 2768:  Epot = -129935.060eV  Ekin = 668.991eV (T = 280K)  Etot = -129266.069eV
Step 2769:  Epot = -129935.599eV  Ekin = 669.431eV (T = 280K)  Etot = -129266.168eV
Step 2770:  Epot = -129937.945eV  Ekin = 671.627eV (T = 281K)  Etot = -129266.318eV
Step 2771:  Epot = -129937.146eV  Ekin = 670.609eV (T = 280K)  Etot = -129266.537eV
Step 2772:  Epot = -129933.073eV  Ekin = 667.132eV (T = 279K)  Etot = -129265.941eV
Step 2773:  Epot = -129933.377eV  Ekin = 667.611eV (T = 279K)  Etot = -129265.765eV
Step 2774:  Epot = -129938.416eV  Ekin = 672.161eV (T = 281K)  Etot = -129266.255eV
Step 2775:  Epot = -129940.607eV  Ekin = 674.232eV (T = 282K)  Etot = -129266.375eV
Step 2776:  Epot = -129938.471eV  Ekin = 672.964eV (T = 281K)  Etot = -129265.507eV
Step 2777:  Epot = -129935.208eV  Ekin = 670.134eV (T = 280K)  Etot = -129265.074eV
Step 2778:  Epot = -129934.920eV  Ekin = 669.535eV (T = 280K)  Etot = -129265.385eV
Step 2779:  Epot = -129937.063eV  Ekin = 671.148eV (T = 281K)  Etot = -129265.915eV
Step 2780:  Epot = -129937.327eV  Ekin = 670.985eV (T = 281K)  Etot = -129266.342eV
Step 2781:  Epot = -129933.863eV  Ekin = 668.037eV (T = 279K)  Etot = -129265.826eV
Step 2782:  Epot = -129932.268eV  Ekin = 667.137eV (T = 279K)  Etot = -129265.131eV
Step 2783:  Epot = -129935.721eV  Ekin = 670.454eV (T = 280K)  Etot = -129265.267eV
Step 2784:  Epot = -129938.843eV  Ekin = 673.602eV (T = 282K)  Etot = -129265.242eV
Step 2785:  Epot = -129939.045eV  Ekin = 674.013eV (T = 282K)  Etot = -129265.031eV
Step 2786:  Epot = -129937.426eV  Ekin = 672.274eV (T = 281K)  Etot = -129265.153eV
Step 2787:  Epot = -129936.988eV  Ekin = 671.833eV (T = 281K)  Etot = -129265.156eV
Step 2788:  Epot = -129938.568eV  Ekin = 673.369eV (T = 282K)  Etot = -129265.199eV
Step 2789:  Epot = -129939.476eV  Ekin = 673.945eV (T = 282K)  Etot = -129265.531eV
Step 2790:  Epot = -129937.209eV  Ekin = 671.944eV (T = 281K)  Etot = -129265.265eV
Step 2791:  Epot = -129935.198eV  Ekin = 669.899eV (T = 280K)  Etot = -129265.299eV
Step 2792:  Epot = -129937.332eV  Ekin = 671.397eV (T = 281K)  Etot = -129265.935eV
Step 2793:  Epot = -129940.461eV  Ekin = 674.377eV (T = 282K)  Etot = -129266.083eV
Step 2794:  Epot = -129941.076eV  Ekin = 675.185eV (T = 282K)  Etot = -129265.892eV
Step 2795:  Epot = -129939.489eV  Ekin = 673.543eV (T = 282K)  Etot = -129265.946eV
Step 2796:  Epot = -129938.066eV  Ekin = 671.995eV (T = 281K)  Etot = -129266.071eV
Step 2797:  Epot = -129939.558eV  Ekin = 673.063eV (T = 281K)  Etot = -129266.495eV
Step 2798:  Epot = -129942.243eV  Ekin = 675.155eV (T = 282K)  Etot = -129267.088eV
Step 2799:  Epot = -129940.808eV  Ekin = 673.801eV (T = 282K)  Etot = -129267.007eV
Step 2800:  Epot = -129937.510eV  Ekin = 671.029eV (T = 281K)  Etot = -129266.481eV
Step 2801:  Epot = -129937.982eV  Ekin = 671.497eV (T = 281K)  Etot = -129266.484eV
Step 2802:  Epot = -129940.762eV  Ekin = 674.015eV (T = 282K)  Etot = -129266.747eV
Step 2803:  Epot = -129941.912eV  Ekin = 674.709eV (T = 282K)  Etot = -129267.203eV
Step 2804:  Epot = -129941.460eV  Ekin = 674.272eV (T = 282K)  Etot = -129267.188eV
Step 2805:  Epot = -129940.501eV  Ekin = 673.574eV (T = 282K)  Etot = -129266.926eV
Step 2806:  Epot = -129940.669eV  Ekin = 673.868eV (T = 282K)  Etot = -129266.802eV
Step 2807:  Epot = -129942.053eV  Ekin = 675.262eV (T = 282K)  Etot = -129266.791eV
Step 2808:  Epot = -129940.886eV  Ekin = 674.471eV (T = 282K)  Etot = -129266.416eV
Step 2809:  Epot = -129938.019eV  Ekin = 671.690eV (T = 281K)  Etot = -129266.329eV
Step 2810:  Epot = -129937.996eV  Ekin = 671.503eV (T = 281K)  Etot = -129266.493eV
Step 2811:  Epot = -129940.314eV  Ekin = 673.237eV (T = 282K)  Etot = -129267.077eV
Step 2812:  Epot = -129941.453eV  Ekin = 673.937eV (T = 282K)  Etot = -129267.516eV
Step 2813:  Epot = -129940.949eV  Ekin = 673.431eV (T = 282K)  Etot = -129267.518eV
Step 2814:  Epot = -129940.033eV  Ekin = 672.860eV (T = 281K)  Etot = -129267.172eV
Step 2815:  Epot = -129939.291eV  Ekin = 672.708eV (T = 281K)  Etot = -129266.583eV
Step 2816:  Epot = -129940.685eV  Ekin = 673.687eV (T = 282K)  Etot = -129266.998eV
Step 2817:  Epot = -129941.255eV  Ekin = 674.845eV (T = 282K)  Etot = -129266.410eV
Step 2818:  Epot = -129938.752eV  Ekin = 672.944eV (T = 281K)  Etot = -129265.808eV
Step 2819:  Epot = -129937.284eV  Ekin = 671.310eV (T = 281K)  Etot = -129265.974eV
Step 2820:  Epot = -129939.114eV  Ekin = 672.970eV (T = 281K)  Etot = -129266.143eV
Step 2821:  Epot = -129941.820eV  Ekin = 675.231eV (T = 282K)  Etot = -129266.589eV
Step 2822:  Epot = -129942.466eV  Ekin = 675.772eV (T = 283K)  Etot = -129266.694eV
Step 2823:  Epot = -129941.411eV  Ekin = 674.709eV (T = 282K)  Etot = -129266.702eV
Step 2824:  Epot = -129941.292eV  Ekin = 674.604eV (T = 282K)  Etot = -129266.688eV
Step 2825:  Epot = -129942.389eV  Ekin = 675.956eV (T = 283K)  Etot = -129266.434eV
Step 2826:  Epot = -129941.998eV  Ekin = 675.454eV (T = 282K)  Etot = -129266.544eV
Step 2827:  Epot = -129939.387eV  Ekin = 672.998eV (T = 281K)  Etot = -129266.389eV
Step 2828:  Epot = -129937.870eV  Ekin = 671.822eV (T = 281K)  Etot = -129266.047eV
Step 2829:  Epot = -129939.117eV  Ekin = 672.351eV (T = 281K)  Etot = -129266.765eV
Step 2830:  Epot = -129940.805eV  Ekin = 673.843eV (T = 282K)  Etot = -129266.963eV
Step 2831:  Epot = -129940.868eV  Ekin = 674.042eV (T = 282K)  Etot = -129266.826eV
Step 2832:  Epot = -129939.957eV  Ekin = 673.543eV (T = 282K)  Etot = -129266.414eV
Step 2833:  Epot = -129939.796eV  Ekin = 673.330eV (T = 282K)  Etot = -129266.466eV
Step 2834:  Epot = -129941.052eV  Ekin = 674.192eV (T = 282K)  Etot = -129266.860eV
Step 2835:  Epot = -129942.308eV  Ekin = 674.780eV (T = 282K)  Etot = -129267.528eV
Step 2836:  Epot = -129941.062eV  Ekin = 673.530eV (T = 282K)  Etot = -129267.532eV
Step 2837:  Epot = -129939.238eV  Ekin = 671.648eV (T = 281K)  Etot = -129267.591eV
Step 2838:  Epot = -129939.630eV  Ekin = 671.837eV (T = 281K)  Etot = -129267.793eV
Step 2839:  Epot = -129941.511eV  Ekin = 673.200eV (T = 281K)  Etot = -129268.311eV
Step 2840:  Epot = -129942.666eV  Ekin = 674.183eV (T = 282K)  Etot = -129268.484eV
Step 2841:  Epot = -129942.873eV  Ekin = 674.398eV (T = 282K)  Etot = -129268.476eV
Step 2842:  Epot = -129943.060eV  Ekin = 674.647eV (T = 282K)  Etot = -129268.414eV
Step 2843:  Epot = -129943.491eV  Ekin = 675.351eV (T = 282K)  Etot = -129268.139eV
Step 2844:  Epot = -129943.628eV  Ekin = 675.162eV (T = 282K)  Etot = -129268.465eV
Step 2845:  Epot = -129942.162eV  Ekin = 673.830eV (T = 282K)  Etot = -129268.332eV
Step 2846:  Epot = -129940.247eV  Ekin = 671.935eV (T = 281K)  Etot = -129268.312eV
Step 2847:  Epot = -129939.270eV  Ekin = 671.065eV (T = 281K)  Etot = -129268.206eV
Step 2848:  Epot = -129939.683eV  Ekin = 671.160eV (T = 281K)  Etot = -129268.523eV
Step 2849:  Epot = -129940.018eV  Ekin = 671.045eV (T = 281K)  Etot = -129268.973eV
Step 2850:  Epot = -129939.798eV  Ekin = 670.121eV (T = 280K)  Etot = -129269.677eV
Step 2851:  Epot = -129939.216eV  Ekin = 669.623eV (T = 280K)  Etot = -129269.592eV
Step 2852:  Epot = -129938.226eV  Ekin = 669.098eV (T = 280K)  Etot = -129269.129eV
Step 2853:  Epot = -129937.677eV  Ekin = 668.497eV (T = 280K)  Etot = -129269.180eV
Step 2854:  Epot = -129937.127eV  Ekin = 668.400eV (T = 279K)  Etot = -129268.727eV
Step 2855:  Epot = -129935.879eV  Ekin = 667.374eV (T = 279K)  Etot = -129268.505eV
Step 2856:  Epot = -129933.680eV  Ekin = 665.136eV (T = 278K)  Etot = -129268.545eV
Step 2857:  Epot = -129932.847eV  Ekin = 664.753eV (T = 278K)  Etot = -129268.094eV
Step 2858:  Epot = -129933.142eV  Ekin = 665.285eV (T = 278K)  Etot = -129267.856eV
Step 2859:  Epot = -129933.287eV  Ekin = 665.524eV (T = 278K)  Etot = -129267.764eV
Step 2860:  Epot = -129933.195eV  Ekin = 665.886eV (T = 278K)  Etot = -129267.309eV
Step 2861:  Epot = -129932.764eV  Ekin = 666.224eV (T = 279K)  Etot = -129266.540eV
Step 2862:  Epot = -129933.141eV  Ekin = 666.524eV (T = 279K)  Etot = -129266.617eV
Step 2863:  Epot = -129934.515eV  Ekin = 667.827eV (T = 279K)  Etot = -129266.688eV
Step 2864:  Epot = -129935.430eV  Ekin = 668.649eV (T = 280K)  Etot = -129266.781eV
Step 2865:  Epot = -129934.259eV  Ekin = 668.043eV (T = 279K)  Etot = -129266.216eV
Step 2866:  Epot = -129933.389eV  Ekin = 667.354eV (T = 279K)  Etot = -129266.036eV
Step 2867:  Epot = -129935.063eV  Ekin = 669.222eV (T = 280K)  Etot = -129265.841eV
Step 2868:  Epot = -129937.142eV  Ekin = 671.450eV (T = 281K)  Etot = -129265.691eV
Step 2869:  Epot = -129936.990eV  Ekin = 671.612eV (T = 281K)  Etot = -129265.378eV
Step 2870:  Epot = -129935.908eV  Ekin = 671.361eV (T = 281K)  Etot = -129264.547eV
Step 2871:  Epot = -129936.706eV  Ekin = 672.613eV (T = 281K)  Etot = -129264.093eV
Step 2872:  Epot = -129938.853eV  Ekin = 674.545eV (T = 282K)  Etot = -129264.308eV
Step 2873:  Epot = -129939.026eV  Ekin = 674.612eV (T = 282K)  Etot = -129264.413eV
Step 2874:  Epot = -129936.406eV  Ekin = 672.368eV (T = 281K)  Etot = -129264.037eV
Step 2875:  Epot = -129934.477eV  Ekin = 670.938eV (T = 281K)  Etot = -129263.539eV
Step 2876:  Epot = -129935.849eV  Ekin = 672.187eV (T = 281K)  Etot = -129263.662eV
Step 2877:  Epot = -129937.021eV  Ekin = 673.080eV (T = 281K)  Etot = -129263.940eV
Step 2878:  Epot = -129934.826eV  Ekin = 670.997eV (T = 281K)  Etot = -129263.829eV
Step 2879:  Epot = -129932.164eV  Ekin = 668.887eV (T = 280K)  Etot = -129263.277eV
Step 2880:  Epot = -129932.163eV  Ekin = 668.801eV (T = 280K)  Etot = -129263.362eV
Step 2881:  Epot = -129933.961eV  Ekin = 670.104eV (T = 280K)  Etot = -129263.857eV
Step 2882:  Epot = -129933.887eV  Ekin = 669.977eV (T = 280K)  Etot = -129263.910eV
Step 2883:  Epot = -129931.908eV  Ekin = 667.716eV (T = 279K)  Etot = -129264.192eV
Step 2884:  Epot = -129931.526eV  Ekin = 667.976eV (T = 279K)  Etot = -129263.551eV
Step 2885:  Epot = -129933.677eV  Ekin = 669.710eV (T = 280K)  Etot = -129263.967eV
Step 2886:  Epot = -129935.392eV  Ekin = 670.906eV (T = 281K)  Etot = -129264.486eV
Step 2887:  Epot = -129934.224eV  Ekin = 670.444eV (T = 280K)  Etot = -129263.780eV
Step 2888:  Epot = -129932.476eV  Ekin = 668.787eV (T = 280K)  Etot = -129263.689eV
Step 2889:  Epot = -129932.567eV  Ekin = 669.452eV (T = 280K)  Etot = -129263.115eV
Step 2890:  Epot = -129934.056eV  Ekin = 671.288eV (T = 281K)  Etot = -129262.767eV
Step 2891:  Epot = -129934.424eV  Ekin = 671.194eV (T = 281K)  Etot = -129263.231eV
Step 2892:  Epot = -129933.536eV  Ekin = 670.579eV (T = 280K)  Etot = -129262.957eV
Step 2893:  Epot = -129934.051eV  Ekin = 670.992eV (T = 281K)  Etot = -129263.059eV
Step 2894:  Epot = -129935.772eV  Ekin = 672.748eV (T = 281K)  Etot = -129263.025eV
Step 2895:  Epot = -129936.704eV  Ekin = 673.834eV (T = 282K)  Etot = -129262.871eV
Step 2896:  Epot = -129935.854eV  Ekin = 673.589eV (T = 282K)  Etot = -129262.265eV
Step 2897:  Epot = -129934.120eV  Ekin = 671.742eV (T = 281K)  Etot = -129262.378eV
Step 2898:  Epot = -129933.442eV  Ekin = 670.815eV (T = 280K)  Etot = -129262.627eV
Step 2899:  Epot = -129933.649eV  Ekin = 671.761eV (T = 281K)  Etot = -129261.889eV
Step 2900:  Epot = -129933.102eV  Ekin = 671.500eV (T = 281K)  Etot = -129261.602eV
Step 2901:  Epot = -129931.177eV  Ekin = 669.791eV (T = 280K)  Etot = -129261.386eV
Step 2902:  Epot = -129930.751eV  Ekin = 669.933eV (T = 280K)  Etot = -129260.818eV
Step 2903:  Epot = -129932.960eV  Ekin = 672.339eV (T = 281K)  Etot = -129260.621eV
Step 2904:  Epot = -129935.417eV  Ekin = 674.661eV (T = 282K)  Etot = -129260.756eV
Step 2905:  Epot = -129935.318eV  Ekin = 674.043eV (T = 282K)  Etot = -129261.275eV
Step 2906:  Epot = -129933.759eV  Ekin = 673.170eV (T = 281K)  Etot = -129260.589eV
Step 2907:  Epot = -129933.343eV  Ekin = 672.664eV (T = 281K)  Etot = -129260.679eV
Step 2908:  Epot = -129933.911eV  Ekin = 673.533eV (T = 282K)  Etot = -129260.378eV
Step 2909:  Epot = -129934.038eV  Ekin = 673.647eV (T = 282K)  Etot = -129260.391eV
Step 2910:  Epot = -129933.140eV  Ekin = 673.091eV (T = 281K)  Etot = -129260.049eV
Step 2911:  Epot = -129932.868eV  Ekin = 672.781eV (T = 281K)  Etot = -129260.087eV
Step 2912:  Epot = -129935.066eV  Ekin = 674.928eV (T = 282K)  Etot = -129260.138eV
Step 2913:  Epot = -129938.185eV  Ekin = 677.955eV (T = 283K)  Etot = -129260.229eV
Step 2914:  Epot = -129939.090eV  Ekin = 678.384eV (T = 284K)  Etot = -129260.706eV
Step 2915:  Epot = -129937.961eV  Ekin = 677.702eV (T = 283K)  Etot = -129260.259eV
Step 2916:  Epot = -129937.703eV  Ekin = 677.268eV (T = 283K)  Etot = -129260.436eV
Step 2917:  Epot = -129938.041eV  Ekin = 677.564eV (T = 283K)  Etot = -129260.477eV
Step 2918:  Epot = -129937.373eV  Ekin = 676.920eV (T = 283K)  Etot = -129260.453eV
Step 2919:  Epot = -129934.841eV  Ekin = 674.186eV (T = 282K)  Etot = -129260.655eV
Step 2920:  Epot = -129932.504eV  Ekin = 672.006eV (T = 281K)  Etot = -129260.499eV
Step 2921:  Epot = -129933.215eV  Ekin = 672.683eV (T = 281K)  Etot = -129260.531eV
Step 2922:  Epot = -129935.573eV  Ekin = 674.501eV (T = 282K)  Etot = -129261.072eV
Step 2923:  Epot = -129935.611eV  Ekin = 674.681eV (T = 282K)  Etot = -129260.930eV
Step 2924:  Epot = -129933.362eV  Ekin = 672.713eV (T = 281K)  Etot = -129260.650eV
Step 2925:  Epot = -129932.644eV  Ekin = 672.032eV (T = 281K)  Etot = -129260.612eV
Step 2926:  Epot = -129934.032eV  Ekin = 673.637eV (T = 282K)  Etot = -129260.395eV
Step 2927:  Epot = -129933.813eV  Ekin = 673.837eV (T = 282K)  Etot = -129259.976eV
Step 2928:  Epot = -129930.797eV  Ekin = 671.140eV (T = 281K)  Etot = -129259.658eV
Step 2929:  Epot = -129928.115eV  Ekin = 668.585eV (T = 280K)  Etot = -129259.531eV
Step 2930:  Epot = -129928.249eV  Ekin = 668.423eV (T = 279K)  Etot = -129259.826eV
Step 2931:  Epot = -129930.488eV  Ekin = 670.225eV (T = 280K)  Etot = -129260.264eV
Step 2932:  Epot = -129932.059eV  Ekin = 671.496eV (T = 281K)  Etot = -129260.563eV
Step 2933:  Epot = -129931.899eV  Ekin = 671.699eV (T = 281K)  Etot = -129260.200eV
Step 2934:  Epot = -129932.602eV  Ekin = 672.530eV (T = 281K)  Etot = -129260.072eV
Step 2935:  Epot = -129934.633eV  Ekin = 674.421eV (T = 282K)  Etot = -129260.212eV
Step 2936:  Epot = -129935.133eV  Ekin = 674.682eV (T = 282K)  Etot = -129260.451eV
Step 2937:  Epot = -129932.484eV  Ekin = 672.594eV (T = 281K)  Etot = -129259.890eV
Step 2938:  Epot = -129930.007eV  Ekin = 669.856eV (T = 280K)  Etot = -129260.152eV
Step 2939:  Epot = -129930.636eV  Ekin = 670.554eV (T = 280K)  Etot = -129260.082eV
Step 2940:  Epot = -129933.449eV  Ekin = 673.127eV (T = 281K)  Etot = -129260.322eV
Step 2941:  Epot = -129934.364eV  Ekin = 673.912eV (T = 282K)  Etot = -129260.453eV
Step 2942:  Epot = -129932.966eV  Ekin = 672.771eV (T = 281K)  Etot = -129260.196eV
Step 2943:  Epot = -129933.080eV  Ekin = 673.017eV (T = 281K)  Etot = -129260.062eV
Step 2944:  Epot = -129935.390eV  Ekin = 675.408eV (T = 282K)  Etot = -129259.982eV
Step 2945:  Epot = -129936.999eV  Ekin = 676.760eV (T = 283K)  Etot = -129260.239eV
Step 2946:  Epot = -129935.209eV  Ekin = 675.223eV (T = 282K)  Etot = -129259.986eV
Step 2947:  Epot = -129932.216eV  Ekin = 672.486eV (T = 281K)  Etot = -129259.729eV
Step 2948:  Epot = -129931.472eV  Ekin = 671.779eV (T = 281K)  Etot = -129259.694eV
Step 2949:  Epot = -129932.368eV  Ekin = 672.324eV (T = 281K)  Etot = -129260.043eV
Step 2950:  Epot = -129932.749eV  Ekin = 672.892eV (T = 281K)  Etot = -129259.857eV
Step 2951:  Epot = -129931.921eV  Ekin = 671.884eV (T = 281K)  Etot = -129260.037eV
Step 2952:  Epot = -129932.165eV  Ekin = 672.725eV (T = 281K)  Etot = -129259.440eV
Step 2953:  Epot = -129934.232eV  Ekin = 674.406eV (T = 282K)  Etot = -129259.826eV
Step 2954:  Epot = -129936.231eV  Ekin = 676.611eV (T = 283K)  Etot = -129259.620eV
Step 2955:  Epot = -129935.879eV  Ekin = 676.343eV (T = 283K)  Etot = -129259.536eV
Step 2956:  Epot = -129933.898eV  Ekin = 674.715eV (T = 282K)  Etot = -129259.183eV
Step 2957:  Epot = -129933.467eV  Ekin = 674.527eV (T = 282K)  Etot = -129258.940eV
Step 2958:  Epot = -129934.700eV  Ekin = 675.946eV (T = 283K)  Etot = -129258.754eV
Step 2959:  Epot = -129935.339eV  Ekin = 677.015eV (T = 283K)  Etot = -129258.324eV
Step 2960:  Epot = -129934.294eV  Ekin = 676.213eV (T = 283K)  Etot = -129258.081eV
Step 2961:  Epot = -129933.741eV  Ekin = 675.385eV (T = 282K)  Etot = -129258.356eV
Step 2962:  Epot = -129934.632eV  Ekin = 677.118eV (T = 283K)  Etot = -129257.514eV
Step 2963:  Epot = -129935.206eV  Ekin = 677.574eV (T = 283K)  Etot = -129257.632eV
Step 2964:  Epot = -129934.341eV  Ekin = 676.795eV (T = 283K)  Etot = -129257.546eV
Step 2965:  Epot = -129931.710eV  Ekin = 674.322eV (T = 282K)  Etot = -129257.388eV
Step 2966:  Epot = -129930.198eV  Ekin = 673.225eV (T = 281K)  Etot = -129256.973eV
Step 2967:  Epot = -129931.220eV  Ekin = 674.085eV (T = 282K)  Etot = -129257.135eV
Step 2968:  Epot = -129931.320eV  Ekin = 674.055eV (T = 282K)  Etot = -129257.265eV
Step 2969:  Epot = -129929.523eV  Ekin = 672.456eV (T = 281K)  Etot = -129257.067eV
Step 2970:  Epot = -129928.491eV  Ekin = 671.745eV (T = 281K)  Etot = -129256.746eV
Step 2971:  Epot = -129929.704eV  Ekin = 672.962eV (T = 281K)  Etot = -129256.742eV
Step 2972:  Epot = -129931.375eV  Ekin = 674.731eV (T = 282K)  Etot = -129256.645eV
Step 2973:  Epot = -129930.882eV  Ekin = 674.030eV (T = 282K)  Etot = -129256.852eV
Step 2974:  Epot = -129927.282eV  Ekin = 670.617eV (T = 280K)  Etot = -129256.666eV
Step 2975:  Epot = -129925.498eV  Ekin = 669.256eV (T = 280K)  Etot = -129256.242eV
Step 2976:  Epot = -129927.652eV  Ekin = 671.360eV (T = 281K)  Etot = -129256.293eV
Step 2977:  Epot = -129929.428eV  Ekin = 672.643eV (T = 281K)  Etot = -129256.785eV
Step 2978:  Epot = -129928.465eV  Ekin = 672.578eV (T = 281K)  Etot = -129255.887eV
Step 2979:  Epot = -129926.682eV  Ekin = 670.918eV (T = 281K)  Etot = -129255.764eV
Step 2980:  Epot = -129927.702eV  Ekin = 671.923eV (T = 281K)  Etot = -129255.780eV
Step 2981:  Epot = -129930.369eV  Ekin = 674.134eV (T = 282K)  Etot = -129256.235eV
Step 2982:  Epot = -129930.683eV  Ekin = 674.327eV (T = 282K)  Etot = -129256.357eV
Step 2983:  Epot = -129926.956eV  Ekin = 671.260eV (T = 281K)  Etot = -129255.696eV
Step 2984:  Epot = -129924.433eV  Ekin = 669.094eV (T = 280K)  Etot = -129255.338eV
Step 2985:  Epot = -129926.382eV  Ekin = 670.468eV (T = 280K)  Etot = -129255.914eV
Step 2986:  Epot = -129927.958eV  Ekin = 671.950eV (T = 281K)  Etot = -129256.008eV
Step 2987:  Epot = -129926.448eV  Ekin = 670.836eV (T = 281K)  Etot = -129255.613eV
Step 2988:  Epot = -129924.550eV  Ekin = 669.573eV (T = 280K)  Etot = -129254.977eV
Step 2989:  Epot = -129925.474eV  Ekin = 670.495eV (T = 280K)  Etot = -129254.979eV
Step 2990:  Epot = -129928.637eV  Ekin = 673.229eV (T = 282K)  Etot = -129255.408eV
Step 2991:  Epot = -129929.823eV  Ekin = 674.162eV (T = 282K)  Etot = -129255.661eV
Step 2992:  Epot = -129927.138eV  Ekin = 671.680eV (T = 281K)  Etot = -129255.459eV
Step 2993:  Epot = -129924.025eV  Ekin = 668.660eV (T = 280K)  Etot = -129255.366eV
Step 2994:  Epot = -129925.322eV  Ekin = 669.715eV (T = 280K)  Etot = -129255.607eV
Step 2995:  Epot = -129927.035eV  Ekin = 670.897eV (T = 281K)  Etot = -129256.138eV
Step 2996:  Epot = -129925.278eV  Ekin = 669.220eV (T = 280K)  Etot = -129256.058eV
Step 2997:  Epot = -129923.546eV  Ekin = 667.568eV (T = 279K)  Etot = -129255.978eV
Step 2998:  Epot = -129924.050eV  Ekin = 667.702eV (T = 279K)  Etot = -129256.348eV
Step 2999:  Epot = -129926.138eV  Ekin = 669.748eV (T = 280K)  Etot = -129256.390eV
Step 3000:  Epot = -129927.456eV  Ekin = 671.211eV (T = 281K)  Etot = -129256.245eV
Step 3001:  Epot = -129925.873eV  Ekin = 670.112eV (T = 280K)  Etot = -129255.760eV
Step 3002:  Epot = -129923.338eV  Ekin = 668.094eV (T = 279K)  Etot = -129255.244eV
Step 3003:  Epot = -129924.700eV  Ekin = 669.387eV (T = 280K)  Etot = -129255.313eV
Step 3004:  Epot = -129927.000eV  Ekin = 671.133eV (T = 281K)  Etot = -129255.867eV
Step 3005:  Epot = -129925.791eV  Ekin = 669.964eV (T = 280K)  Etot = -129255.827eV
Step 3006:  Epot = -129923.749eV  Ekin = 668.173eV (T = 279K)  Etot = -129255.576eV
Step 3007:  Epot = -129924.305eV  Ekin = 668.845eV (T = 280K)  Etot = -129255.461eV
Step 3008:  Epot = -129926.374eV  Ekin = 670.716eV (T = 280K)  Etot = -129255.658eV
Step 3009:  Epot = -129927.700eV  Ekin = 672.235eV (T = 281K)  Etot = -129255.465eV
Step 3010:  Epot = -129927.217eV  Ekin = 671.855eV (T = 281K)  Etot = -129255.362eV
Step 3011:  Epot = -129925.835eV  Ekin = 670.579eV (T = 280K)  Etot = -129255.256eV
Step 3012:  Epot = -129927.059eV  Ekin = 671.848eV (T = 281K)  Etot = -129255.211eV
Step 3013:  Epot = -129928.892eV  Ekin = 673.383eV (T = 282K)  Etot = -129255.509eV
Step 3014:  Epot = -129927.872eV  Ekin = 672.360eV (T = 281K)  Etot = -129255.512eV
Step 3015:  Epot = -129926.815eV  Ekin = 671.261eV (T = 281K)  Etot = -129255.554eV
Step 3016:  Epot = -129928.062eV  Ekin = 672.372eV (T = 281K)  Etot = -129255.689eV
Step 3017:  Epot = -129929.264eV  Ekin = 673.811eV (T = 282K)  Etot = -129255.453eV
Step 3018:  Epot = -129928.203eV  Ekin = 672.713eV (T = 281K)  Etot = -129255.490eV
Step 3019:  Epot = -129926.400eV  Ekin = 670.776eV (T = 280K)  Etot = -129255.624eV
Step 3020:  Epot = -129925.798eV  Ekin = 670.265eV (T = 280K)  Etot = -129255.532eV
Step 3021:  Epot = -129927.717eV  Ekin = 671.470eV (T = 281K)  Etot = -129256.246eV
Step 3022:  Epot = -129929.571eV  Ekin = 673.089eV (T = 281K)  Etot = -129256.482eV
Step 3023:  Epot = -129927.913eV  Ekin = 671.721eV (T = 281K)  Etot = -129256.192eV
Step 3024:  Epot = -129926.486eV  Ekin = 671.015eV (T = 281K)  Etot = -129255.470eV
Step 3025:  Epot = -129928.566eV  Ekin = 672.910eV (T = 281K)  Etot = -129255.656eV
Step 3026:  Epot = -129930.602eV  Ekin = 674.922eV (T = 282K)  Etot = -129255.680eV
Step 3027:  Epot = -129929.244eV  Ekin = 673.604eV (T = 282K)  Etot = -129255.640eV
Step 3028:  Epot = -129927.064eV  Ekin = 671.998eV (T = 281K)  Etot = -129255.066eV
Step 3029:  Epot = -129926.833eV  Ekin = 671.876eV (T = 281K)  Etot = -129254.957eV
Step 3030:  Epot = -129929.814eV  Ekin = 675.336eV (T = 282K)  Etot = -129254.478eV
Step 3031:  Epot = -129932.706eV  Ekin = 677.728eV (T = 283K)  Etot = -129254.978eV
Step 3032:  Epot = -129930.746eV  Ekin = 676.348eV (T = 283K)  Etot = -129254.399eV
Step 3033:  Epot = -129928.124eV  Ekin = 674.192eV (T = 282K)  Etot = -129253.932eV
Step 3034:  Epot = -129930.580eV  Ekin = 675.946eV (T = 283K)  Etot = -129254.635eV
Step 3035:  Epot = -129933.943eV  Ekin = 678.609eV (T = 284K)  Etot = -129255.334eV
Step 3036:  Epot = -129932.707eV  Ekin = 677.772eV (T = 283K)  Etot = -129254.936eV
Step 3037:  Epot = -129928.318eV  Ekin = 673.900eV (T = 282K)  Etot = -129254.419eV
Step 3038:  Epot = -129926.197eV  Ekin = 671.750eV (T = 281K)  Etot = -129254.448eV
Step 3039:  Epot = -129929.317eV  Ekin = 674.619eV (T = 282K)  Etot = -129254.698eV
Step 3040:  Epot = -129932.952eV  Ekin = 677.888eV (T = 283K)  Etot = -129255.064eV
Step 3041:  Epot = -129930.158eV  Ekin = 675.245eV (T = 282K)  Etot = -129254.913eV
Step 3042:  Epot = -129926.191eV  Ekin = 672.091eV (T = 281K)  Etot = -129254.100eV
Step 3043:  Epot = -129928.341eV  Ekin = 674.214eV (T = 282K)  Etot = -129254.127eV
Step 3044:  Epot = -129931.598eV  Ekin = 677.172eV (T = 283K)  Etot = -129254.425eV
Step 3045:  Epot = -129930.018eV  Ekin = 675.855eV (T = 283K)  Etot = -129254.164eV
Step 3046:  Epot = -129925.620eV  Ekin = 671.630eV (T = 281K)  Etot = -129253.990eV
Step 3047:  Epot = -129923.396eV  Ekin = 669.929eV (T = 280K)  Etot = -129253.467eV
Step 3048:  Epot = -129926.204eV  Ekin = 672.793eV (T = 281K)  Etot = -129253.412eV
Step 3049:  Epot = -129929.607eV  Ekin = 675.449eV (T = 282K)  Etot = -129254.158eV
Step 3050:  Epot = -129926.548eV  Ekin = 672.423eV (T = 281K)  Etot = -129254.125eV
Step 3051:  Epot = -129922.158eV  Ekin = 668.854eV (T = 280K)  Etot = -129253.304eV
Step 3052:  Epot = -129924.378eV  Ekin = 670.937eV (T = 281K)  Etot = -129253.440eV
Step 3053:  Epot = -129928.527eV  Ekin = 674.309eV (T = 282K)  Etot = -129254.218eV
Step 3054:  Epot = -129927.385eV  Ekin = 673.676eV (T = 282K)  Etot = -129253.710eV
Step 3055:  Epot = -129922.510eV  Ekin = 669.388eV (T = 280K)  Etot = -129253.121eV
Step 3056:  Epot = -129919.568eV  Ekin = 666.674eV (T = 279K)  Etot = -129252.894eV
Step 3057:  Epot = -129922.736eV  Ekin = 669.820eV (T = 280K)  Etot = -129252.916eV
Step 3058:  Epot = -129927.726eV  Ekin = 674.472eV (T = 282K)  Etot = -129253.255eV
Step 3059:  Epot = -129926.412eV  Ekin = 673.368eV (T = 282K)  Etot = -129253.043eV
Step 3060:  Epot = -129923.023eV  Ekin = 670.620eV (T = 280K)  Etot = -129252.403eV
Step 3061:  Epot = -129926.306eV  Ekin = 673.469eV (T = 282K)  Etot = -129252.837eV
Step 3062:  Epot = -129931.512eV  Ekin = 678.516eV (T = 284K)  Etot = -129252.996eV
Step 3063:  Epot = -129931.220eV  Ekin = 677.948eV (T = 283K)  Etot = -129253.272eV
Step 3064:  Epot = -129927.072eV  Ekin = 674.125eV (T = 282K)  Etot = -129252.947eV
Step 3065:  Epot = -129924.305eV  Ekin = 671.079eV (T = 281K)  Etot = -129253.226eV
Step 3066:  Epot = -129926.766eV  Ekin = 672.948eV (T = 281K)  Etot = -129253.817eV
Step 3067:  Epot = -129930.832eV  Ekin = 676.643eV (T = 283K)  Etot = -129254.189eV
Step 3068:  Epot = -129928.535eV  Ekin = 675.086eV (T = 282K)  Etot = -129253.449eV
Step 3069:  Epot = -129923.962eV  Ekin = 671.273eV (T = 281K)  Etot = -129252.688eV
Step 3070:  Epot = -129926.073eV  Ekin = 672.777eV (T = 281K)  Etot = -129253.296eV
Step 3071:  Epot = -129930.725eV  Ekin = 676.985eV (T = 283K)  Etot = -129253.740eV
Step 3072:  Epot = -129929.510eV  Ekin = 676.313eV (T = 283K)  Etot = -129253.197eV
Step 3073:  Epot = -129924.069eV  Ekin = 671.012eV (T = 281K)  Etot = -129253.058eV
Step 3074:  Epot = -129920.571eV  Ekin = 668.349eV (T = 279K)  Etot = -129252.222eV
Step 3075:  Epot = -129922.415eV  Ekin = 670.068eV (T = 280K)  Etot = -129252.347eV
Step 3076:  Epot = -129925.622eV  Ekin = 672.854eV (T = 281K)  Etot = -129252.769eV
Step 3077:  Epot = -129923.312eV  Ekin = 670.722eV (T = 280K)  Etot = -129252.590eV
Step 3078:  Epot = -129918.780eV  Ekin = 666.704eV (T = 279K)  Etot = -129252.076eV
Step 3079:  Epot = -129921.318eV  Ekin = 668.921eV (T = 280K)  Etot = -129252.397eV
Step 3080:  Epot = -129927.265eV  Ekin = 674.232eV (T = 282K)  Etot = -129253.032eV
Step 3081:  Epot = -129927.490eV  Ekin = 674.686eV (T = 282K)  Etot = -129252.804eV
Step 3082:  Epot = -129923.043eV  Ekin = 670.964eV (T = 281K)  Etot = -129252.079eV
Step 3083:  Epot = -129920.300eV  Ekin = 668.604eV (T = 280K)  Etot = -129251.697eV
Step 3084:  Epot = -129922.288eV  Ekin = 670.639eV (T = 280K)  Etot = -129251.649eV
Step 3085:  Epot = -129925.732eV  Ekin = 673.619eV (T = 282K)  Etot = -129252.112eV
Step 3086:  Epot = -129924.532eV  Ekin = 672.739eV (T = 281K)  Etot = -129251.793eV
Step 3087:  Epot = -129920.577eV  Ekin = 669.506eV (T = 280K)  Etot = -129251.071eV
Step 3088:  Epot = -129922.319eV  Ekin = 671.454eV (T = 281K)  Etot = -129250.865eV
Step 3089:  Epot = -129929.032eV  Ekin = 677.639eV (T = 283K)  Etot = -129251.393eV
Step 3090:  Epot = -129931.582eV  Ekin = 680.290eV (T = 284K)  Etot = -129251.291eV
Step 3091:  Epot = -129928.917eV  Ekin = 677.697eV (T = 283K)  Etot = -129251.219eV
Step 3092:  Epot = -129926.466eV  Ekin = 675.425eV (T = 282K)  Etot = -129251.041eV
Step 3093:  Epot = -129927.298eV  Ekin = 676.774eV (T = 283K)  Etot = -129250.524eV
Step 3094:  Epot = -129929.868eV  Ekin = 679.017eV (T = 284K)  Etot = -129250.851eV
Step 3095:  Epot = -129929.263eV  Ekin = 677.699eV (T = 283K)  Etot = -129251.563eV
Step 3096:  Epot = -129924.967eV  Ekin = 673.872eV (T = 282K)  Etot = -129251.095eV
Step 3097:  Epot = -129923.972eV  Ekin = 673.410eV (T = 282K)  Etot = -129250.563eV
Step 3098:  Epot = -129928.630eV  Ekin = 677.964eV (T = 283K)  Etot = -129250.666eV
Step 3099:  Epot = -129932.085eV  Ekin = 681.574eV (T = 285K)  Etot = -129250.511eV
Step 3100:  Epot = -129930.832eV  Ekin = 680.412eV (T = 285K)  Etot = -129250.420eV
Step 3101:  Epot = -129928.306eV  Ekin = 678.135eV (T = 284K)  Etot = -129250.170eV
Step 3102:  Epot = -129927.996eV  Ekin = 677.599eV (T = 283K)  Etot = -129250.397eV
Step 3103:  Epot = -129929.364eV  Ekin = 678.751eV (T = 284K)  Etot = -129250.613eV
Step 3104:  Epot = -129929.096eV  Ekin = 677.984eV (T = 283K)  Etot = -129251.112eV
Step 3105:  Epot = -129925.298eV  Ekin = 674.602eV (T = 282K)  Etot = -129250.696eV
Step 3106:  Epot = -129922.712eV  Ekin = 672.699eV (T = 281K)  Etot = -129250.013eV
Step 3107:  Epot = -129925.302eV  Ekin = 674.943eV (T = 282K)  Etot = -129250.359eV
Step 3108:  Epot = -129928.561eV  Ekin = 678.143eV (T = 284K)  Etot = -129250.418eV
Step 3109:  Epot = -129928.384eV  Ekin = 677.770eV (T = 283K)  Etot = -129250.614eV
Step 3110:  Epot = -129926.235eV  Ekin = 676.225eV (T = 283K)  Etot = -129250.010eV
Step 3111:  Epot = -129925.769eV  Ekin = 675.900eV (T = 283K)  Etot = -129249.869eV
Step 3112:  Epot = -129927.272eV  Ekin = 677.480eV (T = 283K)  Etot = -129249.791eV
Step 3113:  Epot = -129927.601eV  Ekin = 677.477eV (T = 283K)  Etot = -129250.124eV
Step 3114:  Epot = -129925.109eV  Ekin = 674.771eV (T = 282K)  Etot = -129250.338eV
Step 3115:  Epot = -129922.837eV  Ekin = 673.083eV (T = 281K)  Etot = -129249.754eV
Step 3116:  Epot = -129923.527eV  Ekin = 674.090eV (T = 282K)  Etot = -129249.437eV
Step 3117:  Epot = -129925.627eV  Ekin = 676.185eV (T = 283K)  Etot = -129249.441eV
Step 3118:  Epot = -129926.667eV  Ekin = 677.090eV (T = 283K)  Etot = -129249.577eV
Step 3119:  Epot = -129926.031eV  Ekin = 676.774eV (T = 283K)  Etot = -129249.257eV
Step 3120:  Epot = -129925.986eV  Ekin = 677.315eV (T = 283K)  Etot = -129248.671eV
Step 3121:  Epot = -129927.665eV  Ekin = 678.693eV (T = 284K)  Etot = -129248.971eV
Step 3122:  Epot = -129928.233eV  Ekin = 679.053eV (T = 284K)  Etot = -129249.181eV
Step 3123:  Epot = -129926.163eV  Ekin = 677.021eV (T = 283K)  Etot = -129249.143eV
Step 3124:  Epot = -129923.805eV  Ekin = 674.786eV (T = 282K)  Etot = -129249.019eV
Step 3125:  Epot = -129923.078eV  Ekin = 673.947eV (T = 282K)  Etot = -129249.131eV
Step 3126:  Epot = -129923.858eV  Ekin = 674.900eV (T = 282K)  Etot = -129248.958eV
Step 3127:  Epot = -129924.942eV  Ekin = 675.943eV (T = 283K)  Etot = -129248.998eV
Step 3128:  Epot = -129923.947eV  Ekin = 675.860eV (T = 283K)  Etot = -129248.087eV
Step 3129:  Epot = -129922.335eV  Ekin = 674.614eV (T = 282K)  Etot = -129247.721eV
Step 3130:  Epot = -129923.337eV  Ekin = 675.301eV (T = 282K)  Etot = -129248.036eV
Step 3131:  Epot = -129923.898eV  Ekin = 675.911eV (T = 283K)  Etot = -129247.987eV
Step 3132:  Epot = -129922.090eV  Ekin = 674.188eV (T = 282K)  Etot = -129247.902eV
Step 3133:  Epot = -129919.792eV  Ekin = 671.858eV (T = 281K)  Etot = -129247.934eV
Step 3134:  Epot = -129919.072eV  Ekin = 671.570eV (T = 281K)  Etot = -129247.502eV
Step 3135:  Epot = -129919.204eV  Ekin = 671.931eV (T = 281K)  Etot = -129247.273eV
Step 3136:  Epot = -129919.597eV  Ekin = 672.332eV (T = 281K)  Etot = -129247.265eV
Step 3137:  Epot = -129919.252eV  Ekin = 671.796eV (T = 281K)  Etot = -129247.455eV
Step 3138:  Epot = -129918.777eV  Ekin = 671.977eV (T = 281K)  Etot = -129246.800eV
Step 3139:  Epot = -129921.333eV  Ekin = 674.158eV (T = 282K)  Etot = -129247.175eV
Step 3140:  Epot = -129923.359eV  Ekin = 676.091eV (T = 283K)  Etot = -129247.268eV
Step 3141:  Epot = -129922.318eV  Ekin = 675.521eV (T = 282K)  Etot = -129246.796eV
Step 3142:  Epot = -129921.233eV  Ekin = 674.512eV (T = 282K)  Etot = -129246.721eV
Step 3143:  Epot = -129921.815eV  Ekin = 675.083eV (T = 282K)  Etot = -129246.731eV
Step 3144:  Epot = -129921.875eV  Ekin = 675.347eV (T = 282K)  Etot = -129246.527eV
Step 3145:  Epot = -129921.866eV  Ekin = 675.169eV (T = 282K)  Etot = -129246.697eV
Step 3146:  Epot = -129921.476eV  Ekin = 674.712eV (T = 282K)  Etot = -129246.764eV
Step 3147:  Epot = -129920.725eV  Ekin = 674.705eV (T = 282K)  Etot = -129246.020eV
Step 3148:  Epot = -129923.138eV  Ekin = 676.377eV (T = 283K)  Etot = -129246.761eV
Step 3149:  Epot = -129924.777eV  Ekin = 678.142eV (T = 284K)  Etot = -129246.636eV
Step 3150:  Epot = -129922.414eV  Ekin = 676.068eV (T = 283K)  Etot = -129246.346eV
Step 3151:  Epot = -129920.551eV  Ekin = 674.376eV (T = 282K)  Etot = -129246.175eV
Step 3152:  Epot = -129921.187eV  Ekin = 674.200eV (T = 282K)  Etot = -129246.987eV
Step 3153:  Epot = -129920.740eV  Ekin = 673.618eV (T = 282K)  Etot = -129247.122eV
Step 3154:  Epot = -129918.742eV  Ekin = 672.115eV (T = 281K)  Etot = -129246.627eV
Step 3155:  Epot = -129916.833eV  Ekin = 670.072eV (T = 280K)  Etot = -129246.761eV
Step 3156:  Epot = -129916.110eV  Ekin = 669.854eV (T = 280K)  Etot = -129246.256eV
Step 3157:  Epot = -129918.800eV  Ekin = 672.178eV (T = 281K)  Etot = -129246.622eV
Step 3158:  Epot = -129921.463eV  Ekin = 674.616eV (T = 282K)  Etot = -129246.846eV
Step 3159:  Epot = -129920.079eV  Ekin = 673.578eV (T = 282K)  Etot = -129246.502eV
Step 3160:  Epot = -129918.288eV  Ekin = 672.515eV (T = 281K)  Etot = -129245.774eV
Step 3161:  Epot = -129919.981eV  Ekin = 673.583eV (T = 282K)  Etot = -129246.399eV
Step 3162:  Epot = -129921.411eV  Ekin = 675.031eV (T = 282K)  Etot = -129246.380eV
Step 3163:  Epot = -129919.734eV  Ekin = 673.563eV (T = 282K)  Etot = -129246.171eV
Step 3164:  Epot = -129917.147eV  Ekin = 670.608eV (T = 280K)  Etot = -129246.539eV
Step 3165:  Epot = -129915.981eV  Ekin = 669.523eV (T = 280K)  Etot = -129246.458eV
Step 3166:  Epot = -129917.821eV  Ekin = 671.668eV (T = 281K)  Etot = -129246.153eV
Step 3167:  Epot = -129920.210eV  Ekin = 673.968eV (T = 282K)  Etot = -129246.242eV
Step 3168:  Epot = -129919.497eV  Ekin = 673.123eV (T = 281K)  Etot = -129246.373eV
Step 3169:  Epot = -129917.733eV  Ekin = 671.731eV (T = 281K)  Etot = -129246.002eV
Step 3170:  Epot = -129918.820eV  Ekin = 672.487eV (T = 281K)  Etot = -129246.333eV
Step 3171:  Epot = -129919.994eV  Ekin = 673.833eV (T = 282K)  Etot = -129246.161eV
Step 3172:  Epot = -129918.353eV  Ekin = 672.647eV (T = 281K)  Etot = -129245.705eV
Step 3173:  Epot = -129915.887eV  Ekin = 670.454eV (T = 280K)  Etot = -129245.433eV
Step 3174:  Epot = -129914.895eV  Ekin = 669.753eV (T = 280K)  Etot = -129245.142eV
Step 3175:  Epot = -129915.961eV  Ekin = 671.313eV (T = 281K)  Etot = -129244.648eV
Step 3176:  Epot = -129917.482eV  Ekin = 672.838eV (T = 281K)  Etot = -129244.644eV
Step 3177:  Epot = -129917.239eV  Ekin = 672.730eV (T = 281K)  Etot = -129244.509eV
Step 3178:  Epot = -129916.458eV  Ekin = 671.729eV (T = 281K)  Etot = -129244.728eV
Step 3179:  Epot = -129918.506eV  Ekin = 673.453eV (T = 282K)  Etot = -129245.053eV
Step 3180:  Epot = -129921.321eV  Ekin = 676.040eV (T = 283K)  Etot = -129245.281eV
Step 3181:  Epot = -129922.125eV  Ekin = 677.222eV (T = 283K)  Etot = -129244.904eV
Step 3182:  Epot = -129921.571eV  Ekin = 677.008eV (T = 283K)  Etot = -129244.564eV
Step 3183:  Epot = -129921.462eV  Ekin = 677.257eV (T = 283K)  Etot = -129244.205eV
Step 3184:  Epot = -129923.186eV  Ekin = 678.761eV (T = 284K)  Etot = -129244.424eV
Step 3185:  Epot = -129925.241eV  Ekin = 681.146eV (T = 285K)  Etot = -129244.096eV
Step 3186:  Epot = -129924.931eV  Ekin = 680.878eV (T = 285K)  Etot = -129244.053eV
Step 3187:  Epot = -129923.706eV  Ekin = 680.454eV (T = 285K)  Etot = -129243.252eV
Step 3188:  Epot = -129924.278eV  Ekin = 680.769eV (T = 285K)  Etot = -129243.509eV
Step 3189:  Epot = -129925.085eV  Ekin = 681.810eV (T = 285K)  Etot = -129243.274eV
Step 3190:  Epot = -129924.894eV  Ekin = 681.815eV (T = 285K)  Etot = -129243.079eV
Step 3191:  Epot = -129924.753eV  Ekin = 681.691eV (T = 285K)  Etot = -129243.062eV
Step 3192:  Epot = -129924.478eV  Ekin = 681.612eV (T = 285K)  Etot = -129242.866eV
Step 3193:  Epot = -129924.418eV  Ekin = 681.648eV (T = 285K)  Etot = -129242.771eV
Step 3194:  Epot = -129925.042eV  Ekin = 682.037eV (T = 285K)  Etot = -129243.005eV
Step 3195:  Epot = -129924.094eV  Ekin = 681.567eV (T = 285K)  Etot = -129242.527eV
Step 3196:  Epot = -129921.716eV  Ekin = 679.442eV (T = 284K)  Etot = -129242.274eV
Step 3197:  Epot = -129920.894eV  Ekin = 678.876eV (T = 284K)  Etot = -129242.018eV
Step 3198:  Epot = -129920.528eV  Ekin = 678.872eV (T = 284K)  Etot = -129241.656eV
Step 3199:  Epot = -129919.952eV  Ekin = 678.757eV (T = 284K)  Etot = -129241.194eV
Step 3200:  Epot = -129920.401eV  Ekin = 678.714eV (T = 284K)  Etot = -129241.686eV
Step 3201:  Epot = -129919.902eV  Ekin = 678.040eV (T = 284K)  Etot = -129241.861eV
Step 3202:  Epot = -129918.660eV  Ekin = 676.726eV (T = 283K)  Etot = -129241.934eV
Step 3203:  Epot = -129918.336eV  Ekin = 675.991eV (T = 283K)  Etot = -129242.345eV
Step 3204:  Epot = -129917.753eV  Ekin = 675.486eV (T = 282K)  Etot = -129242.267eV
Step 3205:  Epot = -129916.299eV  Ekin = 674.548eV (T = 282K)  Etot = -129241.751eV
Step 3206:  Epot = -129916.135eV  Ekin = 674.429eV (T = 282K)  Etot = -129241.706eV
Step 3207:  Epot = -129915.903eV  Ekin = 673.508eV (T = 282K)  Etot = -129242.396eV
Step 3208:  Epot = -129914.296eV  Ekin = 672.190eV (T = 281K)  Etot = -129242.106eV
Step 3209:  Epot = -129914.530eV  Ekin = 672.120eV (T = 281K)  Etot = -129242.411eV
Step 3210:  Epot = -129915.126eV  Ekin = 672.414eV (T = 281K)  Etot = -129242.712eV
Step 3211:  Epot = -129914.467eV  Ekin = 671.614eV (T = 281K)  Etot = -129242.853eV
Step 3212:  Epot = -129914.782eV  Ekin = 671.879eV (T = 281K)  Etot = -129242.903eV
Step 3213:  Epot = -129916.397eV  Ekin = 673.320eV (T = 282K)  Etot = -129243.076eV
Step 3214:  Epot = -129916.984eV  Ekin = 673.969eV (T = 282K)  Etot = -129243.015eV
Step 3215:  Epot = -129916.766eV  Ekin = 673.883eV (T = 282K)  Etot = -129242.883eV
Step 3216:  Epot = -129916.424eV  Ekin = 673.885eV (T = 282K)  Etot = -129242.539eV
Step 3217:  Epot = -129915.510eV  Ekin = 673.524eV (T = 282K)  Etot = -129241.986eV
Step 3218:  Epot = -129916.902eV  Ekin = 674.676eV (T = 282K)  Etot = -129242.226eV
Step 3219:  Epot = -129919.082eV  Ekin = 676.836eV (T = 283K)  Etot = -129242.245eV
Step 3220:  Epot = -129919.228eV  Ekin = 676.961eV (T = 283K)  Etot = -129242.267eV
Step 3221:  Epot = -129918.968eV  Ekin = 676.969eV (T = 283K)  Etot = -129242.000eV
Step 3222:  Epot = -129920.137eV  Ekin = 678.526eV (T = 284K)  Etot = -129241.611eV
Step 3223:  Epot = -129921.565eV  Ekin = 679.916eV (T = 284K)  Etot = -129241.649eV
Step 3224:  Epot = -129921.637eV  Ekin = 679.801eV (T = 284K)  Etot = -129241.835eV
Step 3225:  Epot = -129921.301eV  Ekin = 679.576eV (T = 284K)  Etot = -129241.725eV
Step 3226:  Epot = -129920.715eV  Ekin = 678.908eV (T = 284K)  Etot = -129241.807eV
Step 3227:  Epot = -129921.426eV  Ekin = 679.799eV (T = 284K)  Etot = -129241.627eV
Step 3228:  Epot = -129922.816eV  Ekin = 681.037eV (T = 285K)  Etot = -129241.779eV
Step 3229:  Epot = -129922.302eV  Ekin = 680.366eV (T = 284K)  Etot = -129241.936eV
Step 3230:  Epot = -129920.991eV  Ekin = 678.986eV (T = 284K)  Etot = -129242.005eV
Step 3231:  Epot = -129921.174eV  Ekin = 679.300eV (T = 284K)  Etot = -129241.874eV
Step 3232:  Epot = -129923.068eV  Ekin = 680.858eV (T = 285K)  Etot = -129242.210eV
Step 3233:  Epot = -129922.805eV  Ekin = 680.414eV (T = 285K)  Etot = -129242.391eV
Step 3234:  Epot = -129920.451eV  Ekin = 678.322eV (T = 284K)  Etot = -129242.129eV
Step 3235:  Epot = -129918.943eV  Ekin = 677.363eV (T = 283K)  Etot = -129241.579eV
Step 3236:  Epot = -129919.793eV  Ekin = 677.959eV (T = 283K)  Etot = -129241.834eV
Step 3237:  Epot = -129921.333eV  Ekin = 679.313eV (T = 284K)  Etot = -129242.020eV
Step 3238:  Epot = -129920.479eV  Ekin = 678.346eV (T = 284K)  Etot = -129242.132eV
Step 3239:  Epot = -129918.932eV  Ekin = 677.062eV (T = 283K)  Etot = -129241.870eV
Step 3240:  Epot = -129919.688eV  Ekin = 678.038eV (T = 284K)  Etot = -129241.649eV
Step 3241:  Epot = -129923.208eV  Ekin = 681.505eV (T = 285K)  Etot = -129241.704eV
Step 3242:  Epot = -129925.189eV  Ekin = 683.215eV (T = 286K)  Etot = -129241.974eV
Step 3243:  Epot = -129923.848eV  Ekin = 682.104eV (T = 285K)  Etot = -129241.744eV
Step 3244:  Epot = -129923.032eV  Ekin = 681.438eV (T = 285K)  Etot = -129241.595eV
Step 3245:  Epot = -129924.044eV  Ekin = 682.807eV (T = 286K)  Etot = -129241.237eV
Step 3246:  Epot = -129925.777eV  Ekin = 684.775eV (T = 286K)  Etot = -129241.002eV
Step 3247:  Epot = -129924.995eV  Ekin = 683.542eV (T = 286K)  Etot = -129241.453eV
Step 3248:  Epot = -129922.454eV  Ekin = 681.373eV (T = 285K)  Etot = -129241.082eV
Step 3249:  Epot = -129922.037eV  Ekin = 680.786eV (T = 285K)  Etot = -129241.251eV
Step 3250:  Epot = -129924.602eV  Ekin = 683.518eV (T = 286K)  Etot = -129241.084eV
Step 3251:  Epot = -129926.496eV  Ekin = 685.170eV (T = 286K)  Etot = -129241.325eV
Step 3252:  Epot = -129924.072eV  Ekin = 683.216eV (T = 286K)  Etot = -129240.856eV
Step 3253:  Epot = -129921.423eV  Ekin = 680.555eV (T = 285K)  Etot = -129240.868eV
Step 3254:  Epot = -129921.934eV  Ekin = 680.604eV (T = 285K)  Etot = -129241.330eV
Step 3255:  Epot = -129923.184eV  Ekin = 681.831eV (T = 285K)  Etot = -129241.353eV
Step 3256:  Epot = -129921.533eV  Ekin = 680.147eV (T = 284K)  Etot = -129241.386eV
Step 3257:  Epot = -129918.526eV  Ekin = 677.423eV (T = 283K)  Etot = -129241.103eV
Step 3258:  Epot = -129918.189eV  Ekin = 677.457eV (T = 283K)  Etot = -129240.733eV
Step 3259:  Epot = -129920.464eV  Ekin = 679.117eV (T = 284K)  Etot = -129241.347eV
Step 3260:  Epot = -129921.916eV  Ekin = 679.989eV (T = 284K)  Etot = -129241.928eV
Step 3261:  Epot = -129919.915eV  Ekin = 678.333eV (T = 284K)  Etot = -129241.582eV
Step 3262:  Epot = -129917.881eV  Ekin = 676.652eV (T = 283K)  Etot = -129241.229eV
Step 3263:  Epot = -129919.070eV  Ekin = 678.112eV (T = 284K)  Etot = -129240.957eV
Step 3264:  Epot = -129920.364eV  Ekin = 678.654eV (T = 284K)  Etot = -129241.709eV
Step 3265:  Epot = -129917.997eV  Ekin = 676.966eV (T = 283K)  Etot = -129241.032eV
Step 3266:  Epot = -129915.004eV  Ekin = 674.045eV (T = 282K)  Etot = -129240.959eV
Step 3267:  Epot = -129915.022eV  Ekin = 673.998eV (T = 282K)  Etot = -129241.024eV
Step 3268:  Epot = -129917.976eV  Ekin = 676.919eV (T = 283K)  Etot = -129241.057eV
Step 3269:  Epot = -129920.603eV  Ekin = 679.684eV (T = 284K)  Etot = -129240.919eV
Step 3270:  Epot = -129919.402eV  Ekin = 678.616eV (T = 284K)  Etot = -129240.785eV
Step 3271:  Epot = -129917.195eV  Ekin = 676.449eV (T = 283K)  Etot = -129240.746eV
Step 3272:  Epot = -129918.301eV  Ekin = 677.373eV (T = 283K)  Etot = -129240.928eV
Step 3273:  Epot = -129921.035eV  Ekin = 679.485eV (T = 284K)  Etot = -129241.550eV
Step 3274:  Epot = -129920.184eV  Ekin = 679.126eV (T = 284K)  Etot = -129241.059eV
Step 3275:  Epot = -129917.187eV  Ekin = 676.840eV (T = 283K)  Etot = -129240.347eV
Step 3276:  Epot = -129916.654eV  Ekin = 676.025eV (T = 283K)  Etot = -129240.629eV
Step 3277:  Epot = -129919.054eV  Ekin = 678.217eV (T = 284K)  Etot = -129240.838eV
Step 3278:  Epot = -129921.106eV  Ekin = 679.769eV (T = 284K)  Etot = -129241.337eV
Step 3279:  Epot = -129919.630eV  Ekin = 678.450eV (T = 284K)  Etot = -129241.180eV
Step 3280:  Epot = -129917.279eV  Ekin = 676.124eV (T = 283K)  Etot = -129241.155eV
Step 3281:  Epot = -129917.683eV  Ekin = 676.135eV (T = 283K)  Etot = -129241.548eV
Step 3282:  Epot = -129920.331eV  Ekin = 677.957eV (T = 283K)  Etot = -129242.375eV
Step 3283:  Epot = -129919.884eV  Ekin = 677.629eV (T = 283K)  Etot = -129242.255eV
Step 3284:  Epot = -129915.651eV  Ekin = 673.923eV (T = 282K)  Etot = -129241.727eV
Step 3285:  Epot = -129913.173eV  Ekin = 671.918eV (T = 281K)  Etot = -129241.256eV
Step 3286:  Epot = -129915.416eV  Ekin = 673.539eV (T = 282K)  Etot = -129241.876eV
Step 3287:  Epot = -129918.846eV  Ekin = 676.615eV (T = 283K)  Etot = -129242.231eV
Step 3288:  Epot = -129918.079eV  Ekin = 675.793eV (T = 283K)  Etot = -129242.287eV
Step 3289:  Epot = -129915.004eV  Ekin = 673.061eV (T = 281K)  Etot = -129241.944eV
Step 3290:  Epot = -129914.871eV  Ekin = 672.540eV (T = 281K)  Etot = -129242.331eV
Step 3291:  Epot = -129917.702eV  Ekin = 674.684eV (T = 282K)  Etot = -129243.018eV
Step 3292:  Epot = -129918.709eV  Ekin = 675.711eV (T = 283K)  Etot = -129242.998eV
Step 3293:  Epot = -129916.359eV  Ekin = 673.579eV (T = 282K)  Etot = -129242.781eV
Step 3294:  Epot = -129914.435eV  Ekin = 671.830eV (T = 281K)  Etot = -129242.604eV
Step 3295:  Epot = -129916.765eV  Ekin = 673.916eV (T = 282K)  Etot = -129242.849eV
Step 3296:  Epot = -129920.665eV  Ekin = 677.080eV (T = 283K)  Etot = -129243.585eV
Step 3297:  Epot = -129920.589eV  Ekin = 677.590eV (T = 283K)  Etot = -129242.999eV
Step 3298:  Epot = -129917.964eV  Ekin = 675.579eV (T = 282K)  Etot = -129242.385eV
Step 3299:  Epot = -129918.186eV  Ekin = 675.759eV (T = 283K)  Etot = -129242.427eV
Step 3300:  Epot = -129921.179eV  Ekin = 678.360eV (T = 284K)  Etot = -129242.819eV
Step 3301:  Epot = -129922.268eV  Ekin = 679.633eV (T = 284K)  Etot = -129242.635eV
Step 3302:  Epot = -129920.413eV  Ekin = 677.846eV (T = 283K)  Etot = -129242.567eV
Step 3303:  Epot = -129919.072eV  Ekin = 677.038eV (T = 283K)  Etot = -129242.034eV
Step 3304:  Epot = -129921.267eV  Ekin = 678.791eV (T = 284K)  Etot = -129242.476eV
Step 3305:  Epot = -129925.308eV  Ekin = 682.256eV (T = 285K)  Etot = -129243.052eV
Step 3306:  Epot = -129925.964eV  Ekin = 682.400eV (T = 285K)  Etot = -129243.565eV
Step 3307:  Epot = -129924.158eV  Ekin = 680.831eV (T = 285K)  Etot = -129243.328eV
Step 3308:  Epot = -129924.383eV  Ekin = 680.894eV (T = 285K)  Etot = -129243.489eV
Step 3309:  Epot = -129926.341eV  Ekin = 682.467eV (T = 285K)  Etot = -129243.874eV
Step 3310:  Epot = -129926.154eV  Ekin = 682.539eV (T = 285K)  Etot = -129243.615eV
Step 3311:  Epot = -129923.870eV  Ekin = 680.283eV (T = 284K)  Etot = -129243.587eV
Step 3312:  Epot = -129922.152eV  Ekin = 678.582eV (T = 284K)  Etot = -129243.569eV
Step 3313:  Epot = -129922.443eV  Ekin = 678.972eV (T = 284K)  Etot = -129243.471eV
Step 3314:  Epot = -129923.965eV  Ekin = 679.948eV (T = 284K)  Etot = -129244.016eV
Step 3315:  Epot = -129923.603eV  Ekin = 679.413eV (T = 284K)  Etot = -129244.190eV
Step 3316:  Epot = -129921.369eV  Ekin = 677.143eV (T = 283K)  Etot = -129244.225eV
Step 3317:  Epot = -129921.126eV  Ekin = 677.260eV (T = 283K)  Etot = -129243.867eV
Step 3318:  Epot = -129922.132eV  Ekin = 677.883eV (T = 283K)  Etot = -129244.250eV
Step 3319:  Epot = -129921.239eV  Ekin = 677.097eV (T = 283K)  Etot = -129244.142eV
Step 3320:  Epot = -129919.198eV  Ekin = 675.024eV (T = 282K)  Etot = -129244.174eV
Step 3321:  Epot = -129918.171eV  Ekin = 673.938eV (T = 282K)  Etot = -129244.233eV
Step 3322:  Epot = -129918.046eV  Ekin = 674.344eV (T = 282K)  Etot = -129243.701eV
Step 3323:  Epot = -129919.882eV  Ekin = 676.081eV (T = 283K)  Etot = -129243.801eV
Step 3324:  Epot = -129921.780eV  Ekin = 677.933eV (T = 283K)  Etot = -129243.847eV
Step 3325:  Epot = -129921.166eV  Ekin = 677.693eV (T = 283K)  Etot = -129243.473eV
Step 3326:  Epot = -129921.435eV  Ekin = 678.763eV (T = 284K)  Etot = -129242.672eV
Step 3327:  Epot = -129923.382eV  Ekin = 680.933eV (T = 285K)  Etot = -129242.449eV
Step 3328:  Epot = -129924.454eV  Ekin = 682.177eV (T = 285K)  Etot = -129242.277eV
Step 3329:  Epot = -129924.463eV  Ekin = 682.239eV (T = 285K)  Etot = -129242.224eV
Step 3330:  Epot = -129924.792eV  Ekin = 683.028eV (T = 286K)  Etot = -129241.764eV
Step 3331:  Epot = -129924.401eV  Ekin = 682.977eV (T = 286K)  Etot = -129241.424eV
Step 3332:  Epot = -129924.980eV  Ekin = 683.730eV (T = 286K)  Etot = -129241.250eV
Step 3333:  Epot = -129926.404eV  Ekin = 684.895eV (T = 286K)  Etot = -129241.509eV
Step 3334:  Epot = -129925.410eV  Ekin = 683.685eV (T = 286K)  Etot = -129241.726eV
Step 3335:  Epot = -129924.035eV  Ekin = 682.733eV (T = 285K)  Etot = -129241.302eV
Step 3336:  Epot = -129923.900eV  Ekin = 682.049eV (T = 285K)  Etot = -129241.851eV
Step 3337:  Epot = -129923.538eV  Ekin = 681.481eV (T = 285K)  Etot = -129242.057eV
Step 3338:  Epot = -129922.152eV  Ekin = 679.939eV (T = 284K)  Etot = -129242.213eV
Step 3339:  Epot = -129921.783eV  Ekin = 679.464eV (T = 284K)  Etot = -129242.319eV
Step 3340:  Epot = -129920.718eV  Ekin = 679.180eV (T = 284K)  Etot = -129241.538eV
Step 3341:  Epot = -129919.652eV  Ekin = 678.386eV (T = 284K)  Etot = -129241.267eV
Step 3342:  Epot = -129920.779eV  Ekin = 679.504eV (T = 284K)  Etot = -129241.275eV
Step 3343:  Epot = -129920.843eV  Ekin = 680.077eV (T = 284K)  Etot = -129240.767eV
Step 3344:  Epot = -129919.007eV  Ekin = 678.604eV (T = 284K)  Etot = -129240.403eV
Step 3345:  Epot = -129917.811eV  Ekin = 677.579eV (T = 283K)  Etot = -129240.232eV
Step 3346:  Epot = -129917.448eV  Ekin = 677.077eV (T = 283K)  Etot = -129240.371eV
Step 3347:  Epot = -129916.938eV  Ekin = 676.941eV (T = 283K)  Etot = -129239.998eV
Step 3348:  Epot = -129917.508eV  Ekin = 677.221eV (T = 283K)  Etot = -129240.287eV
Step 3349:  Epot = -129918.017eV  Ekin = 677.792eV (T = 283K)  Etot = -129240.226eV
Step 3350:  Epot = -129918.046eV  Ekin = 677.673eV (T = 283K)  Etot = -129240.374eV
Step 3351:  Epot = -129919.596eV  Ekin = 679.048eV (T = 284K)  Etot = -129240.548eV
Step 3352:  Epot = -129920.020eV  Ekin = 679.565eV (T = 284K)  Etot = -129240.455eV
Step 3353:  Epot = -129918.138eV  Ekin = 678.081eV (T = 284K)  Etot = -129240.057eV
Step 3354:  Epot = -129917.345eV  Ekin = 677.353eV (T = 283K)  Etot = -129239.992eV
Step 3355:  Epot = -129918.170eV  Ekin = 677.978eV (T = 283K)  Etot = -129240.191eV
Step 3356:  Epot = -129918.144eV  Ekin = 677.839eV (T = 283K)  Etot = -129240.306eV
Step 3357:  Epot = -129918.118eV  Ekin = 678.060eV (T = 284K)  Etot = -129240.058eV
Step 3358:  Epot = -129918.327eV  Ekin = 678.061eV (T = 284K)  Etot = -129240.266eV
Step 3359:  Epot = -129918.458eV  Ekin = 678.654eV (T = 284K)  Etot = -129239.805eV
Step 3360:  Epot = -129920.117eV  Ekin = 680.475eV (T = 285K)  Etot = -129239.642eV
Step 3361:  Epot = -129921.899eV  Ekin = 681.838eV (T = 285K)  Etot = -129240.062eV
Step 3362:  Epot = -129920.584eV  Ekin = 680.704eV (T = 285K)  Etot = -129239.880eV
Step 3363:  Epot = -129919.006eV  Ekin = 679.417eV (T = 284K)  Etot = -129239.590eV
Step 3364:  Epot = -129919.119eV  Ekin = 679.538eV (T = 284K)  Etot = -129239.581eV
Step 3365:  Epot = -129918.832eV  Ekin = 679.479eV (T = 284K)  Etot = -129239.353eV
Step 3366:  Epot = -129918.468eV  Ekin = 679.357eV (T = 284K)  Etot = -129239.111eV
Step 3367:  Epot = -129919.551eV  Ekin = 680.226eV (T = 284K)  Etot = -129239.324eV
Step 3368:  Epot = -129920.737eV  Ekin = 681.288eV (T = 285K)  Etot = -129239.449eV
Step 3369:  Epot = -129921.045eV  Ekin = 681.825eV (T = 285K)  Etot = -129239.220eV
Step 3370:  Epot = -129920.847eV  Ekin = 681.907eV (T = 285K)  Etot = -129238.940eV
Step 3371:  Epot = -129919.621eV  Ekin = 680.842eV (T = 285K)  Etot = -129238.778eV
Step 3372:  Epot = -129919.388eV  Ekin = 681.159eV (T = 285K)  Etot = -129238.230eV
Step 3373:  Epot = -129920.326eV  Ekin = 681.670eV (T = 285K)  Etot = -129238.656eV
Step 3374:  Epot = -129919.150eV  Ekin = 681.033eV (T = 285K)  Etot = -129238.117eV
Step 3375:  Epot = -129916.449eV  Ekin = 678.704eV (T = 284K)  Etot = -129237.745eV
Step 3376:  Epot = -129915.832eV  Ekin = 677.787eV (T = 283K)  Etot = -129238.045eV
Step 3377:  Epot = -129917.223eV  Ekin = 678.986eV (T = 284K)  Etot = -129238.237eV
Step 3378:  Epot = -129917.943eV  Ekin = 679.905eV (T = 284K)  Etot = -129238.038eV
Step 3379:  Epot = -129917.412eV  Ekin = 679.560eV (T = 284K)  Etot = -129237.852eV
Step 3380:  Epot = -129915.890eV  Ekin = 677.879eV (T = 283K)  Etot = -129238.011eV
Step 3381:  Epot = -129915.449eV  Ekin = 677.068eV (T = 283K)  Etot = -129238.381eV
Step 3382:  Epot = -129917.194eV  Ekin = 678.788eV (T = 284K)  Etot = -129238.406eV
Step 3383:  Epot = -129916.574eV  Ekin = 677.555eV (T = 283K)  Etot = -129239.019eV
Step 3384:  Epot = -129912.105eV  Ekin = 673.408eV (T = 282K)  Etot = -129238.698eV
Step 3385:  Epot = -129910.227eV  Ekin = 671.558eV (T = 281K)  Etot = -129238.669eV
Step 3386:  Epot = -129913.096eV  Ekin = 674.063eV (T = 282K)  Etot = -129239.034eV
Step 3387:  Epot = -129915.805eV  Ekin = 676.559eV (T = 283K)  Etot = -129239.246eV
Step 3388:  Epot = -129914.988eV  Ekin = 676.190eV (T = 283K)  Etot = -129238.798eV
Step 3389:  Epot = -129911.885eV  Ekin = 673.591eV (T = 282K)  Etot = -129238.294eV
Step 3390:  Epot = -129911.245eV  Ekin = 672.845eV (T = 281K)  Etot = -129238.400eV
Step 3391:  Epot = -129914.348eV  Ekin = 675.488eV (T = 282K)  Etot = -129238.860eV
Step 3392:  Epot = -129915.858eV  Ekin = 676.690eV (T = 283K)  Etot = -129239.168eV
Step 3393:  Epot = -129912.316eV  Ekin = 673.327eV (T = 282K)  Etot = -129238.988eV
Step 3394:  Epot = -129910.326eV  Ekin = 671.590eV (T = 281K)  Etot = -129238.736eV
Step 3395:  Epot = -129913.419eV  Ekin = 674.074eV (T = 282K)  Etot = -129239.345eV
Step 3396:  Epot = -129916.600eV  Ekin = 677.538eV (T = 283K)  Etot = -129239.062eV
Step 3397:  Epot = -129915.866eV  Ekin = 677.257eV (T = 283K)  Etot = -129238.608eV
Step 3398:  Epot = -129913.005eV  Ekin = 674.845eV (T = 282K)  Etot = -129238.160eV
Step 3399:  Epot = -129912.879eV  Ekin = 675.032eV (T = 282K)  Etot = -129237.847eV
Step 3400:  Epot = -129916.188eV  Ekin = 678.302eV (T = 284K)  Etot = -129237.886eV
Step 3401:  Epot = -129917.512eV  Ekin = 679.341eV (T = 284K)  Etot = -129238.170eV
Step 3402:  Epot = -129912.936eV  Ekin = 675.391eV (T = 282K)  Etot = -129237.545eV
Step 3403:  Epot = -129909.017eV  Ekin = 671.784eV (T = 281K)  Etot = -129237.233eV
Step 3404:  Epot = -129911.174eV  Ekin = 673.623eV (T = 282K)  Etot = -129237.551eV
Step 3405:  Epot = -129914.589eV  Ekin = 677.015eV (T = 283K)  Etot = -129237.574eV
Step 3406:  Epot = -129914.165eV  Ekin = 676.612eV (T = 283K)  Etot = -129237.553eV
Step 3407:  Epot = -129910.692eV  Ekin = 674.005eV (T = 282K)  Etot = -129236.687eV
Step 3408:  Epot = -129909.725eV  Ekin = 673.033eV (T = 281K)  Etot = -129236.692eV
Step 3409:  Epot = -129912.840eV  Ekin = 676.185eV (T = 283K)  Etot = -129236.654eV
Step 3410:  Epot = -129915.267eV  Ekin = 678.608eV (T = 284K)  Etot = -129236.659eV
Step 3411:  Epot = -129912.555eV  Ekin = 676.066eV (T = 283K)  Etot = -129236.489eV
Step 3412:  Epot = -129909.434eV  Ekin = 673.257eV (T = 282K)  Etot = -129236.178eV
Step 3413:  Epot = -129911.472eV  Ekin = 674.853eV (T = 282K)  Etot = -129236.619eV
Step 3414:  Epot = -129915.990eV  Ekin = 678.876eV (T = 284K)  Etot = -129237.113eV
Step 3415:  Epot = -129917.612eV  Ekin = 680.254eV (T = 284K)  Etot = -129237.358eV
Step 3416:  Epot = -129915.692eV  Ekin = 678.961eV (T = 284K)  Etot = -129236.731eV
Step 3417:  Epot = -129915.129eV  Ekin = 678.732eV (T = 284K)  Etot = -129236.397eV
Step 3418:  Epot = -129918.590eV  Ekin = 682.317eV (T = 285K)  Etot = -129236.273eV
Step 3419:  Epot = -129921.846eV  Ekin = 685.489eV (T = 287K)  Etot = -129236.358eV
Step 3420:  Epot = -129920.736eV  Ekin = 684.290eV (T = 286K)  Etot = -129236.446eV
Step 3421:  Epot = -129917.397eV  Ekin = 681.123eV (T = 285K)  Etot = -129236.274eV
Step 3422:  Epot = -129917.561eV  Ekin = 681.373eV (T = 285K)  Etot = -129236.188eV
Step 3423:  Epot = -129920.899eV  Ekin = 684.625eV (T = 286K)  Etot = -129236.273eV
Step 3424:  Epot = -129921.803eV  Ekin = 685.394eV (T = 287K)  Etot = -129236.409eV
Step 3425:  Epot = -129919.051eV  Ekin = 682.600eV (T = 285K)  Etot = -129236.452eV
Step 3426:  Epot = -129917.530eV  Ekin = 681.201eV (T = 285K)  Etot = -129236.330eV
Step 3427:  Epot = -129919.781eV  Ekin = 683.508eV (T = 286K)  Etot = -129236.273eV
Step 3428:  Epot = -129921.879eV  Ekin = 685.598eV (T = 287K)  Etot = -129236.280eV
Step 3429:  Epot = -129920.518eV  Ekin = 684.629eV (T = 286K)  Etot = -129235.889eV
Step 3430:  Epot = -129917.224eV  Ekin = 681.635eV (T = 285K)  Etot = -129235.589eV
Step 3431:  Epot = -129915.787eV  Ekin = 680.288eV (T = 284K)  Etot = -129235.500eV
Step 3432:  Epot = -129917.763eV  Ekin = 682.056eV (T = 285K)  Etot = -129235.707eV
Step 3433:  Epot = -129919.384eV  Ekin = 683.425eV (T = 286K)  Etot = -129235.959eV
Step 3434:  Epot = -129916.820eV  Ekin = 680.856eV (T = 285K)  Etot = -129235.964eV
Step 3435:  Epot = -129913.598eV  Ekin = 678.383eV (T = 284K)  Etot = -129235.216eV
Step 3436:  Epot = -129914.694eV  Ekin = 679.241eV (T = 284K)  Etot = -129235.454eV
Step 3437:  Epot = -129917.836eV  Ekin = 682.107eV (T = 285K)  Etot = -129235.728eV
Step 3438:  Epot = -129918.664eV  Ekin = 682.874eV (T = 286K)  Etot = -129235.790eV
Step 3439:  Epot = -129916.221eV  Ekin = 680.150eV (T = 284K)  Etot = -129236.071eV
Step 3440:  Epot = -129913.072eV  Ekin = 677.907eV (T = 283K)  Etot = -129235.165eV
Step 3441:  Epot = -129913.155eV  Ekin = 678.297eV (T = 284K)  Etot = -129234.858eV
Step 3442:  Epot = -129915.609eV  Ekin = 680.210eV (T = 284K)  Etot = -129235.399eV
Step 3443:  Epot = -129915.232eV  Ekin = 680.138eV (T = 284K)  Etot = -129235.094eV
Step 3444:  Epot = -129912.241eV  Ekin = 677.289eV (T = 283K)  Etot = -129234.951eV
Step 3445:  Epot = -129911.157eV  Ekin = 676.000eV (T = 283K)  Etot = -129235.158eV
Step 3446:  Epot = -129912.957eV  Ekin = 677.610eV (T = 283K)  Etot = -129235.347eV
Step 3447:  Epot = -129914.693eV  Ekin = 679.458eV (T = 284K)  Etot = -129235.235eV
Step 3448:  Epot = -129914.327eV  Ekin = 679.398eV (T = 284K)  Etot = -129234.929eV
Step 3449:  Epot = -129912.125eV  Ekin = 677.763eV (T = 283K)  Etot = -129234.362eV
Step 3450:  Epot = -129911.252eV  Ekin = 677.235eV (T = 283K)  Etot = -129234.017eV
Step 3451:  Epot = -129913.328eV  Ekin = 679.337eV (T = 284K)  Etot = -129233.991eV
Step 3452:  Epot = -129915.266eV  Ekin = 681.094eV (T = 285K)  Etot = -129234.172eV
Step 3453:  Epot = -129914.313eV  Ekin = 680.561eV (T = 285K)  Etot = -129233.752eV
Step 3454:  Epot = -129913.044eV  Ekin = 679.500eV (T = 284K)  Etot = -129233.544eV
Step 3455:  Epot = -129913.775eV  Ekin = 680.576eV (T = 285K)  Etot = -129233.199eV
Step 3456:  Epot = -129915.669eV  Ekin = 682.913eV (T = 286K)  Etot = -129232.755eV
Step 3457:  Epot = -129916.260eV  Ekin = 683.346eV (T = 286K)  Etot = -129232.914eV
Step 3458:  Epot = -129914.512eV  Ekin = 681.780eV (T = 285K)  Etot = -129232.732eV
Step 3459:  Epot = -129912.826eV  Ekin = 680.133eV (T = 284K)  Etot = -129232.693eV
Step 3460:  Epot = -129913.484eV  Ekin = 681.139eV (T = 285K)  Etot = -129232.345eV
Step 3461:  Epot = -129914.135eV  Ekin = 682.013eV (T = 285K)  Etot = -129232.122eV
Step 3462:  Epot = -129912.926eV  Ekin = 681.270eV (T = 285K)  Etot = -129231.656eV
Step 3463:  Epot = -129911.457eV  Ekin = 679.683eV (T = 284K)  Etot = -129231.774eV
Step 3464:  Epot = -129910.952eV  Ekin = 679.195eV (T = 284K)  Etot = -129231.757eV
Step 3465:  Epot = -129911.962eV  Ekin = 680.074eV (T = 284K)  Etot = -129231.887eV
Step 3466:  Epot = -129913.241eV  Ekin = 680.666eV (T = 285K)  Etot = -129232.575eV
Step 3467:  Epot = -129912.146eV  Ekin = 679.483eV (T = 284K)  Etot = -129232.663eV
Step 3468:  Epot = -129910.069eV  Ekin = 677.929eV (T = 283K)  Etot = -129232.140eV
Step 3469:  Epot = -129910.133eV  Ekin = 678.567eV (T = 284K)  Etot = -129231.566eV
Step 3470:  Epot = -129911.508eV  Ekin = 679.148eV (T = 284K)  Etot = -129232.360eV
Step 3471:  Epot = -129912.029eV  Ekin = 680.106eV (T = 284K)  Etot = -129231.923eV
Step 3472:  Epot = -129911.742eV  Ekin = 679.556eV (T = 284K)  Etot = -129232.186eV
Step 3473:  Epot = -129911.192eV  Ekin = 679.131eV (T = 284K)  Etot = -129232.061eV
Step 3474:  Epot = -129911.870eV  Ekin = 680.158eV (T = 284K)  Etot = -129231.712eV
Step 3475:  Epot = -129914.390eV  Ekin = 682.533eV (T = 285K)  Etot = -129231.857eV
Step 3476:  Epot = -129914.930eV  Ekin = 682.718eV (T = 285K)  Etot = -129232.212eV
Step 3477:  Epot = -129912.738eV  Ekin = 680.541eV (T = 285K)  Etot = -129232.197eV
Step 3478:  Epot = -129912.017eV  Ekin = 679.496eV (T = 284K)  Etot = -129232.521eV
Step 3479:  Epot = -129912.878eV  Ekin = 680.074eV (T = 284K)  Etot = -129232.804eV
Step 3480:  Epot = -129913.600eV  Ekin = 680.935eV (T = 285K)  Etot = -129232.665eV
Step 3481:  Epot = -129914.299eV  Ekin = 681.528eV (T = 285K)  Etot = -129232.771eV
Step 3482:  Epot = -129914.557eV  Ekin = 682.150eV (T = 285K)  Etot = -129232.407eV
Step 3483:  Epot = -129914.769eV  Ekin = 682.560eV (T = 285K)  Etot = -129232.209eV
Step 3484:  Epot = -129916.652eV  Ekin = 684.718eV (T = 286K)  Etot = -129231.935eV
Step 3485:  Epot = -129917.868eV  Ekin = 685.831eV (T = 287K)  Etot = -129232.037eV
Step 3486:  Epot = -129916.043eV  Ekin = 684.526eV (T = 286K)  Etot = -129231.517eV
Step 3487:  Epot = -129914.283eV  Ekin = 682.810eV (T = 286K)  Etot = -129231.473eV
Step 3488:  Epot = -129914.316eV  Ekin = 682.674eV (T = 285K)  Etot = -129231.641eV
Step 3489:  Epot = -129915.218eV  Ekin = 683.531eV (T = 286K)  Etot = -129231.687eV
Step 3490:  Epot = -129915.893eV  Ekin = 683.942eV (T = 286K)  Etot = -129231.951eV
Step 3491:  Epot = -129915.488eV  Ekin = 683.647eV (T = 286K)  Etot = -129231.841eV
Step 3492:  Epot = -129914.382eV  Ekin = 682.566eV (T = 285K)  Etot = -129231.815eV
Step 3493:  Epot = -129915.143eV  Ekin = 682.747eV (T = 285K)  Etot = -129232.396eV
Step 3494:  Epot = -129916.044eV  Ekin = 683.856eV (T = 286K)  Etot = -129232.188eV
Step 3495:  Epot = -129914.322eV  Ekin = 682.471eV (T = 285K)  Etot = -129231.851eV
Step 3496:  Epot = -129912.473eV  Ekin = 680.636eV (T = 285K)  Etot = -129231.837eV
Step 3497:  Epot = -129912.122eV  Ekin = 680.340eV (T = 284K)  Etot = -129231.782eV
Step 3498:  Epot = -129911.940eV  Ekin = 680.147eV (T = 284K)  Etot = -129231.793eV
Step 3499:  Epot = -129911.680eV  Ekin = 680.002eV (T = 284K)  Etot = -129231.679eV
Step 3500:  Epot = -129911.061eV  Ekin = 679.698eV (T = 284K)  Etot = -129231.363eV
Step 3501:  Epot = -129910.368eV  Ekin = 679.211eV (T = 284K)  Etot = -129231.156eV
Step 3502:  Epot = -129910.887eV  Ekin = 679.695eV (T = 284K)  Etot = -129231.192eV
Step 3503:  Epot = -129911.921eV  Ekin = 680.949eV (T = 285K)  Etot = -129230.972eV
Step 3504:  Epot = -129911.754eV  Ekin = 680.781eV (T = 285K)  Etot = -129230.973eV
Step 3505:  Epot = -129910.214eV  Ekin = 679.414eV (T = 284K)  Etot = -129230.800eV
Step 3506:  Epot = -129908.881eV  Ekin = 677.762eV (T = 283K)  Etot = -129231.120eV
Step 3507:  Epot = -129907.547eV  Ekin = 676.543eV (T = 283K)  Etot = -129231.004eV
Step 3508:  Epot = -129907.593eV  Ekin = 676.779eV (T = 283K)  Etot = -129230.814eV
Step 3509:  Epot = -129908.419eV  Ekin = 677.400eV (T = 283K)  Etot = -129231.019eV
Step 3510:  Epot = -129908.524eV  Ekin = 677.269eV (T = 283K)  Etot = -129231.256eV
Step 3511:  Epot = -129909.179eV  Ekin = 677.548eV (T = 283K)  Etot = -129231.630eV
Step 3512:  Epot = -129909.916eV  Ekin = 678.280eV (T = 284K)  Etot = -129231.637eV
Step 3513:  Epot = -129910.261eV  Ekin = 678.995eV (T = 284K)  Etot = -129231.267eV
Step 3514:  Epot = -129910.767eV  Ekin = 679.291eV (T = 284K)  Etot = -129231.476eV
Step 3515:  Epot = -129911.243eV  Ekin = 679.869eV (T = 284K)  Etot = -129231.374eV
Step 3516:  Epot = -129910.660eV  Ekin = 679.219eV (T = 284K)  Etot = -129231.441eV
Step 3517:  Epot = -129910.864eV  Ekin = 679.150eV (T = 284K)  Etot = -129231.714eV
Step 3518:  Epot = -129911.537eV  Ekin = 679.689eV (T = 284K)  Etot = -129231.848eV
Step 3519:  Epot = -129911.087eV  Ekin = 679.483eV (T = 284K)  Etot = -129231.604eV
Step 3520:  Epot = -129911.753eV  Ekin = 679.654eV (T = 284K)  Etot = -129232.099eV
Step 3521:  Epot = -129913.073eV  Ekin = 680.937eV (T = 285K)  Etot = -129232.136eV
Step 3522:  Epot = -129913.952eV  Ekin = 681.937eV (T = 285K)  Etot = -129232.015eV
Step 3523:  Epot = -129914.447eV  Ekin = 682.984eV (T = 286K)  Etot = -129231.463eV
Step 3524:  Epot = -129914.568eV  Ekin = 683.344eV (T = 286K)  Etot = -129231.224eV
Step 3525:  Epot = -129913.914eV  Ekin = 682.636eV (T = 285K)  Etot = -129231.278eV
Step 3526:  Epot = -129914.247eV  Ekin = 683.191eV (T = 286K)  Etot = -129231.056eV
Step 3527:  Epot = -129915.345eV  Ekin = 684.399eV (T = 286K)  Etot = -129230.946eV
Step 3528:  Epot = -129915.128eV  Ekin = 683.992eV (T = 286K)  Etot = -129231.136eV
Step 3529:  Epot = -129915.711eV  Ekin = 684.265eV (T = 286K)  Etot = -129231.445eV
Step 3530:  Epot = -129917.135eV  Ekin = 685.662eV (T = 287K)  Etot = -129231.473eV
Step 3531:  Epot = -129917.725eV  Ekin = 686.018eV (T = 287K)  Etot = -129231.707eV
Step 3532:  Epot = -129917.216eV  Ekin = 685.563eV (T = 287K)  Etot = -129231.653eV
Step 3533:  Epot = -129917.178eV  Ekin = 685.389eV (T = 287K)  Etot = -129231.789eV
Step 3534:  Epot = -129916.991eV  Ekin = 684.983eV (T = 286K)  Etot = -129232.007eV
Step 3535:  Epot = -129916.509eV  Ekin = 684.597eV (T = 286K)  Etot = -129231.911eV
Step 3536:  Epot = -129915.859eV  Ekin = 683.728eV (T = 286K)  Etot = -129232.132eV
Step 3537:  Epot = -129913.746eV  Ekin = 681.963eV (T = 285K)  Etot = -129231.783eV
Step 3538:  Epot = -129912.864eV  Ekin = 681.547eV (T = 285K)  Etot = -129231.317eV
Step 3539:  Epot = -129914.457eV  Ekin = 682.990eV (T = 286K)  Etot = -129231.467eV
Step 3540:  Epot = -129915.756eV  Ekin = 683.925eV (T = 286K)  Etot = -129231.831eV
Step 3541:  Epot = -129915.084eV  Ekin = 682.899eV (T = 286K)  Etot = -129232.185eV
Step 3542:  Epot = -129914.760eV  Ekin = 682.878eV (T = 286K)  Etot = -129231.882eV
Step 3543:  Epot = -129915.636eV  Ekin = 683.581eV (T = 286K)  Etot = -129232.055eV
Step 3544:  Epot = -129916.400eV  Ekin = 684.385eV (T = 286K)  Etot = -129232.015eV
Step 3545:  Epot = -129917.322eV  Ekin = 684.941eV (T = 286K)  Etot = -129232.381eV
Step 3546:  Epot = -129917.223eV  Ekin = 685.162eV (T = 286K)  Etot = -129232.061eV
Step 3547:  Epot = -129917.270eV  Ekin = 685.754eV (T = 287K)  Etot = -129231.516eV
Step 3548:  Epot = -129918.471eV  Ekin = 686.926eV (T = 287K)  Etot = -129231.545eV
Step 3549:  Epot = -129919.568eV  Ekin = 687.567eV (T = 287K)  Etot = -129232.001eV
Step 3550:  Epot = -129919.414eV  Ekin = 687.623eV (T = 288K)  Etot = -129231.791eV
Step 3551:  Epot = -129919.202eV  Ekin = 687.331eV (T = 287K)  Etot = -129231.872eV
Step 3552:  Epot = -129919.582eV  Ekin = 687.858eV (T = 288K)  Etot = -129231.725eV
Step 3553:  Epot = -129918.958eV  Ekin = 687.191eV (T = 287K)  Etot = -129231.766eV
Step 3554:  Epot = -129918.061eV  Ekin = 686.222eV (T = 287K)  Etot = -129231.840eV
Step 3555:  Epot = -129916.454eV  Ekin = 685.030eV (T = 286K)  Etot = -129231.423eV
Step 3556:  Epot = -129914.602eV  Ekin = 683.465eV (T = 286K)  Etot = -129231.137eV
Step 3557:  Epot = -129914.866eV  Ekin = 683.317eV (T = 286K)  Etot = -129231.550eV
Step 3558:  Epot = -129915.354eV  Ekin = 683.460eV (T = 286K)  Etot = -129231.894eV
Step 3559:  Epot = -129914.403eV  Ekin = 683.054eV (T = 286K)  Etot = -129231.349eV
Step 3560:  Epot = -129912.987eV  Ekin = 681.729eV (T = 285K)  Etot = -129231.258eV
Step 3561:  Epot = -129912.960eV  Ekin = 681.765eV (T = 285K)  Etot = -129231.194eV
Step 3562:  Epot = -129913.673eV  Ekin = 681.973eV (T = 285K)  Etot = -129231.701eV
Step 3563:  Epot = -129913.795eV  Ekin = 681.912eV (T = 285K)  Etot = -129231.883eV
Step 3564:  Epot = -129912.500eV  Ekin = 680.222eV (T = 284K)  Etot = -129232.278eV
Step 3565:  Epot = -129910.165eV  Ekin = 678.767eV (T = 284K)  Etot = -129231.398eV
Step 3566:  Epot = -129910.902eV  Ekin = 679.647eV (T = 284K)  Etot = -129231.255eV
Step 3567:  Epot = -129912.428eV  Ekin = 680.961eV (T = 285K)  Etot = -129231.467eV
Step 3568:  Epot = -129911.513eV  Ekin = 680.424eV (T = 285K)  Etot = -129231.089eV
Step 3569:  Epot = -129909.430eV  Ekin = 678.159eV (T = 284K)  Etot = -129231.272eV
Step 3570:  Epot = -129908.929eV  Ekin = 677.749eV (T = 283K)  Etot = -129231.180eV
Step 3571:  Epot = -129910.486eV  Ekin = 678.881eV (T = 284K)  Etot = -129231.605eV
Step 3572:  Epot = -129911.584eV  Ekin = 679.865eV (T = 284K)  Etot = -129231.718eV
Step 3573:  Epot = -129910.492eV  Ekin = 678.812eV (T = 284K)  Etot = -129231.679eV
Step 3574:  Epot = -129908.256eV  Ekin = 677.184eV (T = 283K)  Etot = -129231.072eV
Step 3575:  Epot = -129909.027eV  Ekin = 677.903eV (T = 283K)  Etot = -129231.125eV
Step 3576:  Epot = -129911.855eV  Ekin = 680.228eV (T = 284K)  Etot = -129231.626eV
Step 3577:  Epot = -129912.645eV  Ekin = 680.765eV (T = 285K)  Etot = -129231.879eV
Step 3578:  Epot = -129911.739eV  Ekin = 680.154eV (T = 284K)  Etot = -129231.585eV
Step 3579:  Epot = -129910.931eV  Ekin = 679.604eV (T = 284K)  Etot = -129231.326eV
Step 3580:  Epot = -129912.248eV  Ekin = 680.835eV (T = 285K)  Etot = -129231.413eV
Step 3581:  Epot = -129914.115eV  Ekin = 682.527eV (T = 285K)  Etot = -129231.588eV
Step 3582:  Epot = -129913.433eV  Ekin = 681.637eV (T = 285K)  Etot = -129231.796eV
Step 3583:  Epot = -129911.160eV  Ekin = 679.933eV (T = 284K)  Etot = -129231.227eV
Step 3584:  Epot = -129911.877eV  Ekin = 680.994eV (T = 285K)  Etot = -129230.884eV
Step 3585:  Epot = -129915.170eV  Ekin = 683.876eV (T = 286K)  Etot = -129231.294eV
Step 3586:  Epot = -129915.399eV  Ekin = 684.232eV (T = 286K)  Etot = -129231.167eV
Step 3587:  Epot = -129913.413eV  Ekin = 682.169eV (T = 285K)  Etot = -129231.245eV
Step 3588:  Epot = -129912.368eV  Ekin = 681.709eV (T = 285K)  Etot = -129230.659eV
Step 3589:  Epot = -129913.405eV  Ekin = 683.094eV (T = 286K)  Etot = -129230.311eV
Step 3590:  Epot = -129915.276eV  Ekin = 684.361eV (T = 286K)  Etot = -129230.916eV
Step 3591:  Epot = -129914.275eV  Ekin = 683.186eV (T = 286K)  Etot = -129231.089eV
Step 3592:  Epot = -129911.191eV  Ekin = 681.099eV (T = 285K)  Etot = -129230.093eV
Step 3593:  Epot = -129910.648eV  Ekin = 680.568eV (T = 285K)  Etot = -129230.080eV
Step 3594:  Epot = -129913.210eV  Ekin = 682.405eV (T = 285K)  Etot = -129230.804eV
Step 3595:  Epot = -129913.175eV  Ekin = 682.084eV (T = 285K)  Etot = -129231.091eV
Step 3596:  Epot = -129910.938eV  Ekin = 680.640eV (T = 285K)  Etot = -129230.298eV
Step 3597:  Epot = -129910.177eV  Ekin = 680.106eV (T = 284K)  Etot = -129230.071eV
Step 3598:  Epot = -129911.143eV  Ekin = 680.987eV (T = 285K)  Etot = -129230.156eV
Step 3599:  Epot = -129913.503eV  Ekin = 683.153eV (T = 286K)  Etot = -129230.350eV
Step 3600:  Epot = -129913.671eV  Ekin = 682.872eV (T = 286K)  Etot = -129230.799eV
Pre-equilibration with 0.5 eV/A² for 1200 steps
Step 3601:  Epot = -129911.616eV  Ekin = 680.335eV (T = 284K)  Etot = -129231.281eV
Step 3602:  Epot = -129910.837eV  Ekin = 679.790eV (T = 284K)  Etot = -129231.046eV
Step 3603:  Epot = -129914.107eV  Ekin = 682.649eV (T = 285K)  Etot = -129231.458eV
Step 3604:  Epot = -129915.166eV  Ekin = 683.559eV (T = 286K)  Etot = -129231.607eV
Step 3605:  Epot = -129912.281eV  Ekin = 681.140eV (T = 285K)  Etot = -129231.141eV
Step 3606:  Epot = -129910.806eV  Ekin = 679.627eV (T = 284K)  Etot = -129231.178eV
Step 3607:  Epot = -129912.480eV  Ekin = 681.298eV (T = 285K)  Etot = -129231.183eV
Step 3608:  Epot = -129915.595eV  Ekin = 683.965eV (T = 286K)  Etot = -129231.630eV
Step 3609:  Epot = -129916.334eV  Ekin = 684.695eV (T = 286K)  Etot = -129231.639eV
Step 3610:  Epot = -129912.888eV  Ekin = 681.722eV (T = 285K)  Etot = -129231.165eV
Step 3611:  Epot = -129911.135eV  Ekin = 679.986eV (T = 284K)  Etot = -129231.149eV
Step 3612:  Epot = -129914.679eV  Ekin = 683.080eV (T = 286K)  Etot = -129231.599eV
Step 3613:  Epot = -129916.765eV  Ekin = 684.860eV (T = 286K)  Etot = -129231.905eV
Step 3614:  Epot = -129913.571eV  Ekin = 682.565eV (T = 285K)  Etot = -129231.007eV
Step 3615:  Epot = -129910.974eV  Ekin = 680.308eV (T = 284K)  Etot = -129230.666eV
Step 3616:  Epot = -129912.333eV  Ekin = 681.443eV (T = 285K)  Etot = -129230.890eV
Step 3617:  Epot = -129915.095eV  Ekin = 684.462eV (T = 286K)  Etot = -129230.633eV
Step 3618:  Epot = -129915.756eV  Ekin = 684.799eV (T = 286K)  Etot = -129230.957eV
Step 3619:  Epot = -129913.043eV  Ekin = 682.393eV (T = 285K)  Etot = -129230.650eV
Step 3620:  Epot = -129911.386eV  Ekin = 681.422eV (T = 285K)  Etot = -129229.964eV
Step 3621:  Epot = -129914.236eV  Ekin = 684.476eV (T = 286K)  Etot = -129229.760eV
Step 3622:  Epot = -129916.580eV  Ekin = 686.465eV (T = 287K)  Etot = -129230.115eV
Step 3623:  Epot = -129914.537eV  Ekin = 684.710eV (T = 286K)  Etot = -129229.827eV
Step 3624:  Epot = -129912.213eV  Ekin = 682.890eV (T = 286K)  Etot = -129229.323eV
Step 3625:  Epot = -129913.446eV  Ekin = 683.978eV (T = 286K)  Etot = -129229.467eV
Step 3626:  Epot = -129915.464eV  Ekin = 685.820eV (T = 287K)  Etot = -129229.644eV
Step 3627:  Epot = -129915.953eV  Ekin = 686.053eV (T = 287K)  Etot = -129229.901eV
Step 3628:  Epot = -129914.723eV  Ekin = 685.022eV (T = 286K)  Etot = -129229.701eV
Step 3629:  Epot = -129913.779eV  Ekin = 684.651eV (T = 286K)  Etot = -129229.128eV
Step 3630:  Epot = -129915.779eV  Ekin = 686.412eV (T = 287K)  Etot = -129229.367eV
Step 3631:  Epot = -129917.914eV  Ekin = 688.666eV (T = 288K)  Etot = -129229.248eV
Step 3632:  Epot = -129915.961eV  Ekin = 686.784eV (T = 287K)  Etot = -129229.177eV
Step 3633:  Epot = -129913.069eV  Ekin = 684.566eV (T = 286K)  Etot = -129228.502eV
Step 3634:  Epot = -129914.199eV  Ekin = 685.454eV (T = 287K)  Etot = -129228.745eV
Step 3635:  Epot = -129916.890eV  Ekin = 688.091eV (T = 288K)  Etot = -129228.799eV
Step 3636:  Epot = -129916.277eV  Ekin = 687.866eV (T = 288K)  Etot = -129228.411eV
Step 3637:  Epot = -129913.399eV  Ekin = 685.124eV (T = 286K)  Etot = -129228.275eV
Step 3638:  Epot = -129911.823eV  Ekin = 683.633eV (T = 286K)  Etot = -129228.190eV
Step 3639:  Epot = -129913.367eV  Ekin = 684.979eV (T = 286K)  Etot = -129228.388eV
Step 3640:  Epot = -129915.558eV  Ekin = 686.681eV (T = 287K)  Etot = -129228.877eV
Step 3641:  Epot = -129914.332eV  Ekin = 684.879eV (T = 286K)  Etot = -129229.453eV
Step 3642:  Epot = -129910.318eV  Ekin = 681.402eV (T = 285K)  Etot = -129228.916eV
Step 3643:  Epot = -129909.359eV  Ekin = 680.864eV (T = 285K)  Etot = -129228.496eV
Step 3644:  Epot = -129911.592eV  Ekin = 682.923eV (T = 286K)  Etot = -129228.669eV
Step 3645:  Epot = -129911.562eV  Ekin = 683.168eV (T = 286K)  Etot = -129228.394eV
Step 3646:  Epot = -129909.193eV  Ekin = 681.032eV (T = 285K)  Etot = -129228.161eV
Step 3647:  Epot = -129908.296eV  Ekin = 680.422eV (T = 285K)  Etot = -129227.873eV
Step 3648:  Epot = -129909.838eV  Ekin = 681.907eV (T = 285K)  Etot = -129227.932eV
Step 3649:  Epot = -129911.582eV  Ekin = 683.908eV (T = 286K)  Etot = -129227.675eV
Step 3650:  Epot = -129910.738eV  Ekin = 682.665eV (T = 285K)  Etot = -129228.073eV
Step 3651:  Epot = -129908.402eV  Ekin = 680.595eV (T = 285K)  Etot = -129227.807eV
Step 3652:  Epot = -129908.956eV  Ekin = 680.691eV (T = 285K)  Etot = -129228.265eV
Step 3653:  Epot = -129912.189eV  Ekin = 683.232eV (T = 286K)  Etot = -129228.957eV
Step 3654:  Epot = -129912.322eV  Ekin = 683.361eV (T = 286K)  Etot = -129228.961eV
Step 3655:  Epot = -129909.235eV  Ekin = 680.452eV (T = 285K)  Etot = -129228.783eV
Step 3656:  Epot = -129908.342eV  Ekin = 679.625eV (T = 284K)  Etot = -129228.717eV
Step 3657:  Epot = -129911.362eV  Ekin = 681.936eV (T = 285K)  Etot = -129229.425eV
Step 3658:  Epot = -129914.069eV  Ekin = 684.553eV (T = 286K)  Etot = -129229.515eV
Step 3659:  Epot = -129913.098eV  Ekin = 683.900eV (T = 286K)  Etot = -129229.199eV
Step 3660:  Epot = -129909.958eV  Ekin = 681.725eV (T = 285K)  Etot = -129228.234eV
Step 3661:  Epot = -129909.542eV  Ekin = 681.155eV (T = 285K)  Etot = -129228.387eV
Step 3662:  Epot = -129912.521eV  Ekin = 684.034eV (T = 286K)  Etot = -129228.487eV
Step 3663:  Epot = -129913.309eV  Ekin = 684.917eV (T = 286K)  Etot = -129228.392eV
Step 3664:  Epot = -129909.775eV  Ekin = 681.792eV (T = 285K)  Etot = -129227.982eV
Step 3665:  Epot = -129907.400eV  Ekin = 679.353eV (T = 284K)  Etot = -129228.048eV
Step 3666:  Epot = -129909.475eV  Ekin = 681.538eV (T = 285K)  Etot = -129227.937eV
Step 3667:  Epot = -129911.562eV  Ekin = 684.014eV (T = 286K)  Etot = -129227.548eV
Step 3668:  Epot = -129911.048eV  Ekin = 683.673eV (T = 286K)  Etot = -129227.375eV
Step 3669:  Epot = -129909.163eV  Ekin = 681.938eV (T = 285K)  Etot = -129227.225eV
Step 3670:  Epot = -129909.319eV  Ekin = 682.203eV (T = 285K)  Etot = -129227.117eV
Step 3671:  Epot = -129912.158eV  Ekin = 684.888eV (T = 286K)  Etot = -129227.270eV
Step 3672:  Epot = -129913.414eV  Ekin = 686.552eV (T = 287K)  Etot = -129226.862eV
Step 3673:  Epot = -129911.217eV  Ekin = 684.539eV (T = 286K)  Etot = -129226.678eV
Step 3674:  Epot = -129908.818eV  Ekin = 682.488eV (T = 285K)  Etot = -129226.330eV
Step 3675:  Epot = -129909.795eV  Ekin = 683.351eV (T = 286K)  Etot = -129226.444eV
Step 3676:  Epot = -129912.178eV  Ekin = 685.543eV (T = 287K)  Etot = -129226.636eV
Step 3677:  Epot = -129912.248eV  Ekin = 685.463eV (T = 287K)  Etot = -129226.784eV
Step 3678:  Epot = -129910.085eV  Ekin = 683.600eV (T = 286K)  Etot = -129226.484eV
Step 3679:  Epot = -129909.336eV  Ekin = 683.093eV (T = 286K)  Etot = -129226.243eV
Step 3680:  Epot = -129911.214eV  Ekin = 684.897eV (T = 286K)  Etot = -129226.317eV
Step 3681:  Epot = -129912.456eV  Ekin = 686.382eV (T = 287K)  Etot = -129226.074eV
Step 3682:  Epot = -129910.965eV  Ekin = 684.870eV (T = 286K)  Etot = -129226.095eV
Step 3683:  Epot = -129908.262eV  Ekin = 682.160eV (T = 285K)  Etot = -129226.103eV
Step 3684:  Epot = -129907.766eV  Ekin = 681.860eV (T = 285K)  Etot = -129225.905eV
Step 3685:  Epot = -129909.496eV  Ekin = 683.514eV (T = 286K)  Etot = -129225.982eV
Step 3686:  Epot = -129909.267eV  Ekin = 683.761eV (T = 286K)  Etot = -129225.506eV
Step 3687:  Epot = -129906.014eV  Ekin = 680.559eV (T = 285K)  Etot = -129225.456eV
Step 3688:  Epot = -129904.157eV  Ekin = 678.624eV (T = 284K)  Etot = -129225.534eV
Step 3689:  Epot = -129905.215eV  Ekin = 679.236eV (T = 284K)  Etot = -129225.979eV
Step 3690:  Epot = -129906.445eV  Ekin = 679.780eV (T = 284K)  Etot = -129226.665eV
Step 3691:  Epot = -129906.358eV  Ekin = 679.562eV (T = 284K)  Etot = -129226.796eV
Step 3692:  Epot = -129905.736eV  Ekin = 679.246eV (T = 284K)  Etot = -129226.489eV
Step 3693:  Epot = -129907.240eV  Ekin = 680.571eV (T = 285K)  Etot = -129226.669eV
Step 3694:  Epot = -129910.041eV  Ekin = 683.283eV (T = 286K)  Etot = -129226.757eV
Step 3695:  Epot = -129910.739eV  Ekin = 683.664eV (T = 286K)  Etot = -129227.075eV
Step 3696:  Epot = -129909.097eV  Ekin = 682.404eV (T = 285K)  Etot = -129226.693eV
Step 3697:  Epot = -129908.819eV  Ekin = 681.951eV (T = 285K)  Etot = -129226.868eV
Step 3698:  Epot = -129909.898eV  Ekin = 683.002eV (T = 286K)  Etot = -129226.896eV
Step 3699:  Epot = -129910.667eV  Ekin = 683.834eV (T = 286K)  Etot = -129226.833eV
Step 3700:  Epot = -129910.249eV  Ekin = 683.484eV (T = 286K)  Etot = -129226.764eV
Step 3701:  Epot = -129909.640eV  Ekin = 683.160eV (T = 286K)  Etot = -129226.480eV
Step 3702:  Epot = -129909.872eV  Ekin = 683.636eV (T = 286K)  Etot = -129226.236eV
Step 3703:  Epot = -129910.800eV  Ekin = 684.752eV (T = 286K)  Etot = -129226.048eV
Step 3704:  Epot = -129910.467eV  Ekin = 684.390eV (T = 286K)  Etot = -129226.077eV
Step 3705:  Epot = -129908.141eV  Ekin = 682.156eV (T = 285K)  Etot = -129225.985eV
Step 3706:  Epot = -129906.595eV  Ekin = 680.369eV (T = 284K)  Etot = -129226.226eV
Step 3707:  Epot = -129905.814eV  Ekin = 679.701eV (T = 284K)  Etot = -129226.114eV
Step 3708:  Epot = -129905.310eV  Ekin = 678.914eV (T = 284K)  Etot = -129226.396eV
Step 3709:  Epot = -129904.674eV  Ekin = 678.804eV (T = 284K)  Etot = -129225.871eV
Step 3710:  Epot = -129903.274eV  Ekin = 677.342eV (T = 283K)  Etot = -129225.932eV
Step 3711:  Epot = -129902.443eV  Ekin = 676.527eV (T = 283K)  Etot = -129225.916eV
Step 3712:  Epot = -129904.199eV  Ekin = 678.100eV (T = 284K)  Etot = -129226.099eV
Step 3713:  Epot = -129906.021eV  Ekin = 679.420eV (T = 284K)  Etot = -129226.601eV
Step 3714:  Epot = -129905.478eV  Ekin = 679.437eV (T = 284K)  Etot = -129226.041eV
Step 3715:  Epot = -129904.557eV  Ekin = 678.792eV (T = 284K)  Etot = -129225.765eV
Step 3716:  Epot = -129904.232eV  Ekin = 678.846eV (T = 284K)  Etot = -129225.387eV
Step 3717:  Epot = -129904.978eV  Ekin = 679.469eV (T = 284K)  Etot = -129225.508eV
Step 3718:  Epot = -129906.448eV  Ekin = 680.848eV (T = 285K)  Etot = -129225.600eV
Step 3719:  Epot = -129906.235eV  Ekin = 680.778eV (T = 285K)  Etot = -129225.456eV
Step 3720:  Epot = -129904.796eV  Ekin = 679.839eV (T = 284K)  Etot = -129224.957eV
Step 3721:  Epot = -129905.796eV  Ekin = 680.878eV (T = 285K)  Etot = -129224.919eV
Step 3722:  Epot = -129908.560eV  Ekin = 683.373eV (T = 286K)  Etot = -129225.187eV
Step 3723:  Epot = -129908.625eV  Ekin = 683.737eV (T = 286K)  Etot = -129224.888eV
Step 3724:  Epot = -129906.130eV  Ekin = 681.315eV (T = 285K)  Etot = -129224.816eV
Step 3725:  Epot = -129904.130eV  Ekin = 679.898eV (T = 284K)  Etot = -129224.231eV
Step 3726:  Epot = -129905.452eV  Ekin = 680.983eV (T = 285K)  Etot = -129224.469eV
Step 3727:  Epot = -129908.522eV  Ekin = 683.663eV (T = 286K)  Etot = -129224.859eV
Step 3728:  Epot = -129908.547eV  Ekin = 683.304eV (T = 286K)  Etot = -129225.242eV
Step 3729:  Epot = -129905.567eV  Ekin = 680.984eV (T = 285K)  Etot = -129224.583eV
Step 3730:  Epot = -129905.625eV  Ekin = 680.930eV (T = 285K)  Etot = -129224.694eV
Step 3731:  Epot = -129909.090eV  Ekin = 683.851eV (T = 286K)  Etot = -129225.240eV
Step 3732:  Epot = -129910.313eV  Ekin = 685.241eV (T = 287K)  Etot = -129225.072eV
Step 3733:  Epot = -129908.168eV  Ekin = 683.019eV (T = 286K)  Etot = -129225.150eV
Step 3734:  Epot = -129905.858eV  Ekin = 680.861eV (T = 285K)  Etot = -129224.997eV
Step 3735:  Epot = -129907.180eV  Ekin = 681.599eV (T = 285K)  Etot = -129225.581eV
Step 3736:  Epot = -129910.603eV  Ekin = 684.240eV (T = 286K)  Etot = -129226.363eV
Step 3737:  Epot = -129911.029eV  Ekin = 684.849eV (T = 286K)  Etot = -129226.180eV
Step 3738:  Epot = -129908.215eV  Ekin = 681.885eV (T = 285K)  Etot = -129226.329eV
Step 3739:  Epot = -129907.669eV  Ekin = 681.474eV (T = 285K)  Etot = -129226.195eV
Step 3740:  Epot = -129910.850eV  Ekin = 684.373eV (T = 286K)  Etot = -129226.477eV
Step 3741:  Epot = -129913.061eV  Ekin = 686.597eV (T = 287K)  Etot = -129226.463eV
Step 3742:  Epot = -129911.304eV  Ekin = 685.192eV (T = 287K)  Etot = -129226.113eV
Step 3743:  Epot = -129907.307eV  Ekin = 682.019eV (T = 285K)  Etot = -129225.288eV
Step 3744:  Epot = -129906.233eV  Ekin = 680.904eV (T = 285K)  Etot = -129225.329eV
Step 3745:  Epot = -129909.238eV  Ekin = 683.459eV (T = 286K)  Etot = -129225.779eV
Step 3746:  Epot = -129910.130eV  Ekin = 684.307eV (T = 286K)  Etot = -129225.823eV
Step 3747:  Epot = -129906.939eV  Ekin = 681.092eV (T = 285K)  Etot = -129225.847eV
Step 3748:  Epot = -129904.342eV  Ekin = 678.584eV (T = 284K)  Etot = -129225.758eV
Step 3749:  Epot = -129905.999eV  Ekin = 680.441eV (T = 285K)  Etot = -129225.559eV
Step 3750:  Epot = -129909.930eV  Ekin = 684.064eV (T = 286K)  Etot = -129225.866eV
Step 3751:  Epot = -129910.488eV  Ekin = 684.251eV (T = 286K)  Etot = -129226.237eV
Step 3752:  Epot = -129907.414eV  Ekin = 682.115eV (T = 285K)  Etot = -129225.298eV
Step 3753:  Epot = -129906.478eV  Ekin = 681.784eV (T = 285K)  Etot = -129224.695eV
Step 3754:  Epot = -129910.704eV  Ekin = 685.782eV (T = 287K)  Etot = -129224.921eV
Step 3755:  Epot = -129914.129eV  Ekin = 689.104eV (T = 288K)  Etot = -129225.025eV
Step 3756:  Epot = -129912.573eV  Ekin = 688.228eV (T = 288K)  Etot = -129224.344eV
Step 3757:  Epot = -129909.741eV  Ekin = 685.716eV (T = 287K)  Etot = -129224.024eV
Step 3758:  Epot = -129910.566eV  Ekin = 686.668eV (T = 287K)  Etot = -129223.898eV
Step 3759:  Epot = -129914.533eV  Ekin = 689.882eV (T = 288K)  Etot = -129224.652eV
Step 3760:  Epot = -129916.003eV  Ekin = 690.953eV (T = 289K)  Etot = -129225.050eV
Step 3761:  Epot = -129912.909eV  Ekin = 688.277eV (T = 288K)  Etot = -129224.633eV
Step 3762:  Epot = -129910.230eV  Ekin = 686.188eV (T = 287K)  Etot = -129224.041eV
Step 3763:  Epot = -129912.849eV  Ekin = 688.660eV (T = 288K)  Etot = -129224.189eV
Step 3764:  Epot = -129916.751eV  Ekin = 692.280eV (T = 289K)  Etot = -129224.472eV
Step 3765:  Epot = -129915.454eV  Ekin = 690.784eV (T = 289K)  Etot = -129224.670eV
Step 3766:  Epot = -129910.991eV  Ekin = 686.576eV (T = 287K)  Etot = -129224.415eV
Step 3767:  Epot = -129909.035eV  Ekin = 684.636eV (T = 286K)  Etot = -129224.399eV
Step 3768:  Epot = -129912.039eV  Ekin = 687.466eV (T = 287K)  Etot = -129224.573eV
Step 3769:  Epot = -129914.540eV  Ekin = 689.725eV (T = 288K)  Etot = -129224.815eV
Step 3770:  Epot = -129912.459eV  Ekin = 687.951eV (T = 288K)  Etot = -129224.508eV
Step 3771:  Epot = -129909.126eV  Ekin = 685.329eV (T = 287K)  Etot = -129223.798eV
Step 3772:  Epot = -129909.617eV  Ekin = 686.292eV (T = 287K)  Etot = -129223.325eV
Step 3773:  Epot = -129912.743eV  Ekin = 688.977eV (T = 288K)  Etot = -129223.766eV
Step 3774:  Epot = -129913.042eV  Ekin = 689.241eV (T = 288K)  Etot = -129223.802eV
Step 3775:  Epot = -129910.437eV  Ekin = 686.994eV (T = 287K)  Etot = -129223.443eV
Step 3776:  Epot = -129908.745eV  Ekin = 685.226eV (T = 287K)  Etot = -129223.519eV
Step 3777:  Epot = -129910.131eV  Ekin = 686.641eV (T = 287K)  Etot = -129223.490eV
Step 3778:  Epot = -129912.150eV  Ekin = 688.932eV (T = 288K)  Etot = -129223.218eV
Step 3779:  Epot = -129911.306eV  Ekin = 688.482eV (T = 288K)  Etot = -129222.824eV
Step 3780:  Epot = -129909.064eV  Ekin = 686.401eV (T = 287K)  Etot = -129222.663eV
Step 3781:  Epot = -129909.014eV  Ekin = 686.095eV (T = 287K)  Etot = -129222.919eV
Step 3782:  Epot = -129911.814eV  Ekin = 688.623eV (T = 288K)  Etot = -129223.191eV
Step 3783:  Epot = -129912.742eV  Ekin = 689.335eV (T = 288K)  Etot = -129223.407eV
Step 3784:  Epot = -129910.612eV  Ekin = 687.721eV (T = 288K)  Etot = -129222.891eV
Step 3785:  Epot = -129908.912eV  Ekin = 686.075eV (T = 287K)  Etot = -129222.836eV
Step 3786:  Epot = -129909.166eV  Ekin = 686.671eV (T = 287K)  Etot = -129222.494eV
Step 3787:  Epot = -129910.022eV  Ekin = 687.328eV (T = 287K)  Etot = -129222.693eV
Step 3788:  Epot = -129910.270eV  Ekin = 687.467eV (T = 287K)  Etot = -129222.803eV
Step 3789:  Epot = -129909.562eV  Ekin = 686.863eV (T = 287K)  Etot = -129222.699eV
Step 3790:  Epot = -129908.606eV  Ekin = 686.720eV (T = 287K)  Etot = -129221.886eV
Step 3791:  Epot = -129909.580eV  Ekin = 687.891eV (T = 288K)  Etot = -129221.689eV
Step 3792:  Epot = -129910.759eV  Ekin = 688.860eV (T = 288K)  Etot = -129221.899eV
Step 3793:  Epot = -129909.982eV  Ekin = 688.074eV (T = 288K)  Etot = -129221.907eV
Step 3794:  Epot = -129909.455eV  Ekin = 687.396eV (T = 287K)  Etot = -129222.059eV
Step 3795:  Epot = -129909.182eV  Ekin = 687.020eV (T = 287K)  Etot = -129222.162eV
Step 3796:  Epot = -129909.405eV  Ekin = 687.440eV (T = 287K)  Etot = -129221.964eV
Step 3797:  Epot = -129910.793eV  Ekin = 688.844eV (T = 288K)  Etot = -129221.949eV
Step 3798:  Epot = -129911.164eV  Ekin = 689.037eV (T = 288K)  Etot = -129222.127eV
Step 3799:  Epot = -129909.525eV  Ekin = 687.801eV (T = 288K)  Etot = -129221.724eV
Step 3800:  Epot = -129909.580eV  Ekin = 687.954eV (T = 288K)  Etot = -129221.626eV
Step 3801:  Epot = -129911.247eV  Ekin = 688.983eV (T = 288K)  Etot = -129222.264eV
Step 3802:  Epot = -129911.442eV  Ekin = 689.049eV (T = 288K)  Etot = -129222.394eV
Step 3803:  Epot = -129910.199eV  Ekin = 687.835eV (T = 288K)  Etot = -129222.364eV
Step 3804:  Epot = -129907.958eV  Ekin = 685.480eV (T = 287K)  Etot = -129222.478eV
Step 3805:  Epot = -129906.568eV  Ekin = 684.243eV (T = 286K)  Etot = -129222.325eV
Step 3806:  Epot = -129908.004eV  Ekin = 685.248eV (T = 287K)  Etot = -129222.756eV
Step 3807:  Epot = -129909.066eV  Ekin = 686.488eV (T = 287K)  Etot = -129222.578eV
Step 3808:  Epot = -129906.820eV  Ekin = 684.788eV (T = 286K)  Etot = -129222.031eV
Step 3809:  Epot = -129905.540eV  Ekin = 683.587eV (T = 286K)  Etot = -129221.953eV
Step 3810:  Epot = -129907.245eV  Ekin = 685.295eV (T = 287K)  Etot = -129221.951eV
Step 3811:  Epot = -129908.379eV  Ekin = 686.548eV (T = 287K)  Etot = -129221.831eV
Step 3812:  Epot = -129907.251eV  Ekin = 685.893eV (T = 287K)  Etot = -129221.358eV
Step 3813:  Epot = -129904.543eV  Ekin = 683.432eV (T = 286K)  Etot = -129221.111eV
Step 3814:  Epot = -129902.831eV  Ekin = 681.417eV (T = 285K)  Etot = -129221.414eV
Step 3815:  Epot = -129905.150eV  Ekin = 683.648eV (T = 286K)  Etot = -129221.502eV
Step 3816:  Epot = -129908.013eV  Ekin = 686.119eV (T = 287K)  Etot = -129221.894eV
Step 3817:  Epot = -129906.836eV  Ekin = 685.008eV (T = 286K)  Etot = -129221.828eV
Step 3818:  Epot = -129905.628eV  Ekin = 683.933eV (T = 286K)  Etot = -129221.695eV
Step 3819:  Epot = -129907.263eV  Ekin = 685.183eV (T = 286K)  Etot = -129222.080eV
Step 3820:  Epot = -129908.924eV  Ekin = 686.740eV (T = 287K)  Etot = -129222.184eV
Step 3821:  Epot = -129908.253eV  Ekin = 685.968eV (T = 287K)  Etot = -129222.284eV
Step 3822:  Epot = -129905.385eV  Ekin = 683.519eV (T = 286K)  Etot = -129221.865eV
Step 3823:  Epot = -129902.613eV  Ekin = 680.832eV (T = 285K)  Etot = -129221.781eV
Step 3824:  Epot = -129904.066eV  Ekin = 682.028eV (T = 285K)  Etot = -129222.039eV
Step 3825:  Epot = -129907.131eV  Ekin = 684.537eV (T = 286K)  Etot = -129222.594eV
Step 3826:  Epot = -129906.283eV  Ekin = 684.051eV (T = 286K)  Etot = -129222.232eV
Step 3827:  Epot = -129905.036eV  Ekin = 683.285eV (T = 286K)  Etot = -129221.750eV
Step 3828:  Epot = -129907.427eV  Ekin = 685.378eV (T = 287K)  Etot = -129222.049eV
Step 3829:  Epot = -129909.820eV  Ekin = 687.648eV (T = 288K)  Etot = -129222.172eV
Step 3830:  Epot = -129908.891eV  Ekin = 686.640eV (T = 287K)  Etot = -129222.250eV
Step 3831:  Epot = -129905.321eV  Ekin = 683.441eV (T = 286K)  Etot = -129221.880eV
Step 3832:  Epot = -129901.941eV  Ekin = 680.889eV (T = 285K)  Etot = -129221.051eV
Step 3833:  Epot = -129902.938eV  Ekin = 681.760eV (T = 285K)  Etot = -129221.177eV
Step 3834:  Epot = -129906.283eV  Ekin = 685.255eV (T = 287K)  Etot = -129221.028eV
Step 3835:  Epot = -129905.520eV  Ekin = 684.628eV (T = 286K)  Etot = -129220.892eV
Step 3836:  Epot = -129903.795eV  Ekin = 683.183eV (T = 286K)  Etot = -129220.612eV
Step 3837:  Epot = -129906.747eV  Ekin = 685.713eV (T = 287K)  Etot = -129221.035eV
Step 3838:  Epot = -129910.439eV  Ekin = 688.976eV (T = 288K)  Etot = -129221.464eV
Step 3839:  Epot = -129910.195eV  Ekin = 689.020eV (T = 288K)  Etot = -129221.175eV
Step 3840:  Epot = -129906.400eV  Ekin = 685.215eV (T = 287K)  Etot = -129221.186eV
Step 3841:  Epot = -129901.898eV  Ekin = 680.929eV (T = 285K)  Etot = -129220.969eV
Step 3842:  Epot = -129902.249eV  Ekin = 681.058eV (T = 285K)  Etot = -129221.190eV
Step 3843:  Epot = -129905.720eV  Ekin = 683.874eV (T = 286K)  Etot = -129221.846eV
Step 3844:  Epot = -129905.047eV  Ekin = 683.292eV (T = 286K)  Etot = -129221.754eV
Step 3845:  Epot = -129901.754eV  Ekin = 680.096eV (T = 284K)  Etot = -129221.658eV
Step 3846:  Epot = -129903.455eV  Ekin = 682.204eV (T = 285K)  Etot = -129221.251eV
Step 3847:  Epot = -129908.717eV  Ekin = 687.083eV (T = 287K)  Etot = -129221.634eV
Step 3848:  Epot = -129910.941eV  Ekin = 689.213eV (T = 288K)  Etot = -129221.728eV
Step 3849:  Epot = -129908.478eV  Ekin = 686.667eV (T = 287K)  Etot = -129221.811eV
Step 3850:  Epot = -129903.515eV  Ekin = 681.972eV (T = 285K)  Etot = -129221.543eV
Step 3851:  Epot = -129903.277eV  Ekin = 681.697eV (T = 285K)  Etot = -129221.580eV
Step 3852:  Epot = -129907.569eV  Ekin = 685.729eV (T = 287K)  Etot = -129221.840eV
Step 3853:  Epot = -129908.030eV  Ekin = 686.677eV (T = 287K)  Etot = -129221.353eV
Step 3854:  Epot = -129904.846eV  Ekin = 684.134eV (T = 286K)  Etot = -129220.712eV
Step 3855:  Epot = -129905.247eV  Ekin = 684.759eV (T = 286K)  Etot = -129220.488eV
Step 3856:  Epot = -129910.934eV  Ekin = 689.847eV (T = 288K)  Etot = -129221.088eV
Step 3857:  Epot = -129914.880eV  Ekin = 693.726eV (T = 290K)  Etot = -129221.154eV
Step 3858:  Epot = -129913.174eV  Ekin = 691.930eV (T = 289K)  Etot = -129221.244eV
Step 3859:  Epot = -129908.101eV  Ekin = 687.356eV (T = 287K)  Etot = -129220.745eV
Step 3860:  Epot = -129906.639eV  Ekin = 685.637eV (T = 287K)  Etot = -129221.002eV
Step 3861:  Epot = -129910.649eV  Ekin = 689.422eV (T = 288K)  Etot = -129221.227eV
Step 3862:  Epot = -129912.017eV  Ekin = 690.988eV (T = 289K)  Etot = -129221.029eV
Step 3863:  Epot = -129908.424eV  Ekin = 687.876eV (T = 288K)  Etot = -129220.548eV
Step 3864:  Epot = -129906.582eV  Ekin = 686.628eV (T = 287K)  Etot = -129219.954eV
Step 3865:  Epot = -129910.502eV  Ekin = 690.450eV (T = 289K)  Etot = -129220.052eV
Step 3866:  Epot = -129914.856eV  Ekin = 694.260eV (T = 290K)  Etot = -129220.596eV
Step 3867:  Epot = -129913.665eV  Ekin = 692.584eV (T = 290K)  Etot = -129221.081eV
Step 3868:  Epot = -129907.792eV  Ekin = 687.327eV (T = 287K)  Etot = -129220.465eV
Step 3869:  Epot = -129903.854eV  Ekin = 683.624eV (T = 286K)  Etot = -129220.230eV
Step 3870:  Epot = -129906.588eV  Ekin = 686.040eV (T = 287K)  Etot = -129220.549eV
Step 3871:  Epot = -129909.293eV  Ekin = 688.555eV (T = 288K)  Etot = -129220.738eV
Step 3872:  Epot = -129906.370eV  Ekin = 686.066eV (T = 287K)  Etot = -129220.304eV
Step 3873:  Epot = -129902.802eV  Ekin = 682.987eV (T = 286K)  Etot = -129219.815eV
Step 3874:  Epot = -129905.226eV  Ekin = 685.196eV (T = 287K)  Etot = -129220.030eV
Step 3875:  Epot = -129910.679eV  Ekin = 690.416eV (T = 289K)  Etot = -129220.263eV
Step 3876:  Epot = -129911.688eV  Ekin = 691.487eV (T = 289K)  Etot = -129220.201eV
Step 3877:  Epot = -129907.560eV  Ekin = 687.922eV (T = 288K)  Etot = -129219.638eV
Step 3878:  Epot = -129904.212eV  Ekin = 684.422eV (T = 286K)  Etot = -129219.790eV
Step 3879:  Epot = -129906.534eV  Ekin = 686.318eV (T = 287K)  Etot = -129220.216eV
Step 3880:  Epot = -129909.911eV  Ekin = 689.789eV (T = 288K)  Etot = -129220.121eV
Step 3881:  Epot = -129908.227eV  Ekin = 688.519eV (T = 288K)  Etot = -129219.708eV
Step 3882:  Epot = -129904.507eV  Ekin = 684.901eV (T = 286K)  Etot = -129219.607eV
Step 3883:  Epot = -129904.805eV  Ekin = 685.118eV (T = 286K)  Etot = -129219.687eV
Step 3884:  Epot = -129909.311eV  Ekin = 689.257eV (T = 288K)  Etot = -129220.053eV
Step 3885:  Epot = -129911.309eV  Ekin = 691.350eV (T = 289K)  Etot = -129219.959eV
Step 3886:  Epot = -129907.524eV  Ekin = 688.176eV (T = 288K)  Etot = -129219.348eV
Step 3887:  Epot = -129903.213eV  Ekin = 684.248eV (T = 286K)  Etot = -129218.965eV
Step 3888:  Epot = -129904.195eV  Ekin = 684.842eV (T = 286K)  Etot = -129219.353eV
Step 3889:  Epot = -129907.058eV  Ekin = 687.324eV (T = 287K)  Etot = -129219.734eV
Step 3890:  Epot = -129906.122eV  Ekin = 686.745eV (T = 287K)  Etot = -129219.377eV
Step 3891:  Epot = -129903.179eV  Ekin = 684.323eV (T = 286K)  Etot = -129218.856eV
Step 3892:  Epot = -129903.175eV  Ekin = 684.422eV (T = 286K)  Etot = -129218.753eV
Step 3893:  Epot = -129907.137eV  Ekin = 687.712eV (T = 288K)  Etot = -129219.425eV
Step 3894:  Epot = -129909.595eV  Ekin = 689.757eV (T = 288K)  Etot = -129219.839eV
Step 3895:  Epot = -129906.224eV  Ekin = 687.215eV (T = 287K)  Etot = -129219.009eV
Step 3896:  Epot = -129901.175eV  Ekin = 682.573eV (T = 285K)  Etot = -129218.602eV
Step 3897:  Epot = -129900.857eV  Ekin = 682.140eV (T = 285K)  Etot = -129218.717eV
Step 3898:  Epot = -129903.533eV  Ekin = 685.045eV (T = 286K)  Etot = -129218.488eV
Step 3899:  Epot = -129904.428eV  Ekin = 685.535eV (T = 287K)  Etot = -129218.893eV
Step 3900:  Epot = -129901.914eV  Ekin = 683.712eV (T = 286K)  Etot = -129218.202eV
Step 3901:  Epot = -129899.701eV  Ekin = 681.635eV (T = 285K)  Etot = -129218.066eV
Step 3902:  Epot = -129901.760eV  Ekin = 683.406eV (T = 286K)  Etot = -129218.354eV
Step 3903:  Epot = -129905.415eV  Ekin = 686.882eV (T = 287K)  Etot = -129218.532eV
Step 3904:  Epot = -129904.832eV  Ekin = 685.846eV (T = 287K)  Etot = -129218.986eV
Step 3905:  Epot = -129900.909eV  Ekin = 682.641eV (T = 285K)  Etot = -129218.267eV
Step 3906:  Epot = -129898.694eV  Ekin = 680.567eV (T = 285K)  Etot = -129218.127eV
Step 3907:  Epot = -129900.537eV  Ekin = 682.303eV (T = 285K)  Etot = -129218.234eV
Step 3908:  Epot = -129902.875eV  Ekin = 684.249eV (T = 286K)  Etot = -129218.626eV
Step 3909:  Epot = -129902.109eV  Ekin = 683.424eV (T = 286K)  Etot = -129218.685eV
Step 3910:  Epot = -129899.476eV  Ekin = 681.170eV (T = 285K)  Etot = -129218.306eV
Step 3911:  Epot = -129899.898eV  Ekin = 681.694eV (T = 285K)  Etot = -129218.204eV
Step 3912:  Epot = -129903.553eV  Ekin = 684.970eV (T = 286K)  Etot = -129218.583eV
Step 3913:  Epot = -129905.214eV  Ekin = 686.587eV (T = 287K)  Etot = -129218.626eV
Step 3914:  Epot = -129902.082eV  Ekin = 683.482eV (T = 286K)  Etot = -129218.599eV
Step 3915:  Epot = -129898.144eV  Ekin = 679.880eV (T = 284K)  Etot = -129218.264eV
Step 3916:  Epot = -129897.927eV  Ekin = 679.642eV (T = 284K)  Etot = -129218.285eV
Step 3917:  Epot = -129900.647eV  Ekin = 682.210eV (T = 285K)  Etot = -129218.436eV
Step 3918:  Epot = -129902.197eV  Ekin = 684.204eV (T = 286K)  Etot = -129217.993eV
Step 3919:  Epot = -129899.862eV  Ekin = 682.373eV (T = 285K)  Etot = -129217.489eV
Step 3920:  Epot = -129897.940eV  Ekin = 680.564eV (T = 285K)  Etot = -129217.376eV
Step 3921:  Epot = -129900.235eV  Ekin = 682.684eV (T = 285K)  Etot = -129217.552eV
Step 3922:  Epot = -129903.824eV  Ekin = 685.750eV (T = 287K)  Etot = -129218.074eV
Step 3923:  Epot = -129903.386eV  Ekin = 685.458eV (T = 287K)  Etot = -129217.928eV
Step 3924:  Epot = -129899.765eV  Ekin = 682.491eV (T = 285K)  Etot = -129217.273eV
Step 3925:  Epot = -129898.377eV  Ekin = 681.278eV (T = 285K)  Etot = -129217.099eV
Step 3926:  Epot = -129901.485eV  Ekin = 684.219eV (T = 286K)  Etot = -129217.266eV
Step 3927:  Epot = -129904.750eV  Ekin = 687.525eV (T = 287K)  Etot = -129217.225eV
Step 3928:  Epot = -129903.622eV  Ekin = 686.531eV (T = 287K)  Etot = -129217.091eV
Step 3929:  Epot = -129901.984eV  Ekin = 685.638eV (T = 287K)  Etot = -129216.346eV
Step 3930:  Epot = -129904.214eV  Ekin = 687.698eV (T = 288K)  Etot = -129216.515eV
Step 3931:  Epot = -129908.515eV  Ekin = 691.943eV (T = 289K)  Etot = -129216.571eV
Step 3932:  Epot = -129909.574eV  Ekin = 692.987eV (T = 290K)  Etot = -129216.587eV
Step 3933:  Epot = -129906.789eV  Ekin = 690.187eV (T = 289K)  Etot = -129216.602eV
Step 3934:  Epot = -129905.085eV  Ekin = 688.873eV (T = 288K)  Etot = -129216.212eV
Step 3935:  Epot = -129906.792eV  Ekin = 690.453eV (T = 289K)  Etot = -129216.339eV
Step 3936:  Epot = -129909.268eV  Ekin = 692.803eV (T = 290K)  Etot = -129216.464eV
Step 3937:  Epot = -129908.042eV  Ekin = 691.721eV (T = 289K)  Etot = -129216.321eV
Step 3938:  Epot = -129905.258eV  Ekin = 689.027eV (T = 288K)  Etot = -129216.232eV
Step 3939:  Epot = -129905.031eV  Ekin = 688.235eV (T = 288K)  Etot = -129216.797eV
Step 3940:  Epot = -129906.320eV  Ekin = 689.277eV (T = 288K)  Etot = -129217.043eV
Step 3941:  Epot = -129905.928eV  Ekin = 688.767eV (T = 288K)  Etot = -129217.160eV
Step 3942:  Epot = -129903.818eV  Ekin = 686.900eV (T = 287K)  Etot = -129216.918eV
Step 3943:  Epot = -129902.462eV  Ekin = 685.604eV (T = 287K)  Etot = -129216.858eV
Step 3944:  Epot = -129901.841eV  Ekin = 685.135eV (T = 286K)  Etot = -129216.706eV
Step 3945:  Epot = -129901.559eV  Ekin = 684.767eV (T = 286K)  Etot = -129216.792eV
Step 3946:  Epot = -129899.318eV  Ekin = 682.858eV (T = 286K)  Etot = -129216.460eV
Step 3947:  Epot = -129897.033eV  Ekin = 680.761eV (T = 285K)  Etot = -129216.272eV
Step 3948:  Epot = -129898.032eV  Ekin = 681.838eV (T = 285K)  Etot = -129216.194eV
Step 3949:  Epot = -129900.416eV  Ekin = 684.317eV (T = 286K)  Etot = -129216.099eV
Step 3950:  Epot = -129900.662eV  Ekin = 684.640eV (T = 286K)  Etot = -129216.021eV
Step 3951:  Epot = -129899.217eV  Ekin = 683.560eV (T = 286K)  Etot = -129215.658eV
Step 3952:  Epot = -129899.390eV  Ekin = 683.559eV (T = 286K)  Etot = -129215.831eV
Step 3953:  Epot = -129900.844eV  Ekin = 685.253eV (T = 287K)  Etot = -129215.591eV
Step 3954:  Epot = -129901.234eV  Ekin = 685.643eV (T = 287K)  Etot = -129215.591eV
Step 3955:  Epot = -129899.208eV  Ekin = 684.200eV (T = 286K)  Etot = -129215.008eV
Step 3956:  Epot = -129897.347eV  Ekin = 682.941eV (T = 286K)  Etot = -129214.405eV
Step 3957:  Epot = -129898.686eV  Ekin = 684.513eV (T = 286K)  Etot = -129214.173eV
Step 3958:  Epot = -129901.027eV  Ekin = 686.873eV (T = 287K)  Etot = -129214.154eV
Step 3959:  Epot = -129901.520eV  Ekin = 687.504eV (T = 287K)  Etot = -129214.016eV
Step 3960:  Epot = -129900.346eV  Ekin = 686.728eV (T = 287K)  Etot = -129213.618eV
Step 3961:  Epot = -129900.514eV  Ekin = 686.645eV (T = 287K)  Etot = -129213.868eV
Step 3962:  Epot = -129902.209eV  Ekin = 687.872eV (T = 288K)  Etot = -129214.337eV
Step 3963:  Epot = -129902.241eV  Ekin = 687.476eV (T = 287K)  Etot = -129214.765eV
Step 3964:  Epot = -129899.748eV  Ekin = 684.917eV (T = 286K)  Etot = -129214.831eV
Step 3965:  Epot = -129897.538eV  Ekin = 682.934eV (T = 286K)  Etot = -129214.604eV
Step 3966:  Epot = -129898.394eV  Ekin = 683.627eV (T = 286K)  Etot = -129214.767eV
Step 3967:  Epot = -129900.661eV  Ekin = 685.467eV (T = 287K)  Etot = -129215.194eV
Step 3968:  Epot = -129902.367eV  Ekin = 687.287eV (T = 287K)  Etot = -129215.080eV
Step 3969:  Epot = -129902.535eV  Ekin = 687.507eV (T = 287K)  Etot = -129215.027eV
Step 3970:  Epot = -129903.064eV  Ekin = 687.888eV (T = 288K)  Etot = -129215.176eV
Step 3971:  Epot = -129905.139eV  Ekin = 690.057eV (T = 289K)  Etot = -129215.082eV
Step 3972:  Epot = -129906.183eV  Ekin = 691.016eV (T = 289K)  Etot = -129215.167eV
Step 3973:  Epot = -129904.073eV  Ekin = 688.988eV (T = 288K)  Etot = -129215.084eV
Step 3974:  Epot = -129900.680eV  Ekin = 685.926eV (T = 287K)  Etot = -129214.754eV
Step 3975:  Epot = -129900.412eV  Ekin = 685.559eV (T = 287K)  Etot = -129214.853eV
Step 3976:  Epot = -129903.211eV  Ekin = 688.098eV (T = 288K)  Etot = -129215.112eV
Step 3977:  Epot = -129905.866eV  Ekin = 690.183eV (T = 289K)  Etot = -129215.683eV
Step 3978:  Epot = -129906.119eV  Ekin = 690.333eV (T = 289K)  Etot = -129215.786eV
Step 3979:  Epot = -129904.814eV  Ekin = 689.224eV (T = 288K)  Etot = -129215.589eV
Step 3980:  Epot = -129905.588eV  Ekin = 689.997eV (T = 289K)  Etot = -129215.591eV
Step 3981:  Epot = -129908.330eV  Ekin = 692.482eV (T = 290K)  Etot = -129215.848eV
Step 3982:  Epot = -129907.848eV  Ekin = 692.072eV (T = 289K)  Etot = -129215.775eV
Step 3983:  Epot = -129903.447eV  Ekin = 688.028eV (T = 288K)  Etot = -129215.419eV
Step 3984:  Epot = -129900.958eV  Ekin = 685.608eV (T = 287K)  Etot = -129215.350eV
Step 3985:  Epot = -129901.832eV  Ekin = 686.523eV (T = 287K)  Etot = -129215.309eV
Step 3986:  Epot = -129904.645eV  Ekin = 688.868eV (T = 288K)  Etot = -129215.777eV
Step 3987:  Epot = -129905.772eV  Ekin = 689.933eV (T = 288K)  Etot = -129215.839eV
Step 3988:  Epot = -129903.467eV  Ekin = 687.818eV (T = 288K)  Etot = -129215.649eV
Step 3989:  Epot = -129903.132eV  Ekin = 687.631eV (T = 288K)  Etot = -129215.501eV
Step 3990:  Epot = -129907.453eV  Ekin = 691.738eV (T = 289K)  Etot = -129215.715eV
Step 3991:  Epot = -129909.531eV  Ekin = 693.267eV (T = 290K)  Etot = -129216.264eV
Step 3992:  Epot = -129906.153eV  Ekin = 690.302eV (T = 289K)  Etot = -129215.851eV
Step 3993:  Epot = -129903.264eV  Ekin = 687.389eV (T = 287K)  Etot = -129215.875eV
Step 3994:  Epot = -129903.750eV  Ekin = 687.982eV (T = 288K)  Etot = -129215.768eV
Step 3995:  Epot = -129906.085eV  Ekin = 690.466eV (T = 289K)  Etot = -129215.619eV
Step 3996:  Epot = -129907.391eV  Ekin = 691.836eV (T = 289K)  Etot = -129215.554eV
Step 3997:  Epot = -129905.233eV  Ekin = 689.954eV (T = 288K)  Etot = -129215.279eV
Step 3998:  Epot = -129903.746eV  Ekin = 689.585eV (T = 288K)  Etot = -129214.161eV
Step 3999:  Epot = -129907.145eV  Ekin = 692.770eV (T = 290K)  Etot = -129214.375eV
Step 4000:  Epot = -129909.663eV  Ekin = 694.818eV (T = 291K)  Etot = -129214.844eV
Step 4001:  Epot = -129906.564eV  Ekin = 692.509eV (T = 290K)  Etot = -129214.055eV
Step 4002:  Epot = -129902.897eV  Ekin = 688.893eV (T = 288K)  Etot = -129214.003eV
Step 4003:  Epot = -129903.195eV  Ekin = 688.725eV (T = 288K)  Etot = -129214.470eV
Step 4004:  Epot = -129904.690eV  Ekin = 690.208eV (T = 289K)  Etot = -129214.482eV
Step 4005:  Epot = -129905.081eV  Ekin = 690.605eV (T = 289K)  Etot = -129214.476eV
Step 4006:  Epot = -129902.878eV  Ekin = 688.359eV (T = 288K)  Etot = -129214.519eV
Step 4007:  Epot = -129899.550eV  Ekin = 685.384eV (T = 287K)  Etot = -129214.166eV
Step 4008:  Epot = -129900.361eV  Ekin = 685.590eV (T = 287K)  Etot = -129214.770eV
Step 4009:  Epot = -129902.754eV  Ekin = 687.424eV (T = 287K)  Etot = -129215.329eV
Step 4010:  Epot = -129901.368eV  Ekin = 686.347eV (T = 287K)  Etot = -129215.021eV
Step 4011:  Epot = -129898.272eV  Ekin = 682.865eV (T = 286K)  Etot = -129215.408eV
Step 4012:  Epot = -129897.996eV  Ekin = 682.596eV (T = 285K)  Etot = -129215.400eV
Step 4013:  Epot = -129899.428eV  Ekin = 684.439eV (T = 286K)  Etot = -129214.989eV
Step 4014:  Epot = -129901.213eV  Ekin = 685.468eV (T = 287K)  Etot = -129215.746eV
Step 4015:  Epot = -129902.060eV  Ekin = 685.839eV (T = 287K)  Etot = -129216.221eV
Step 4016:  Epot = -129900.732eV  Ekin = 684.923eV (T = 286K)  Etot = -129215.809eV
Step 4017:  Epot = -129900.716eV  Ekin = 685.247eV (T = 287K)  Etot = -129215.468eV
Step 4018:  Epot = -129902.776eV  Ekin = 686.692eV (T = 287K)  Etot = -129216.084eV
Step 4019:  Epot = -129902.989eV  Ekin = 687.423eV (T = 287K)  Etot = -129215.566eV
Step 4020:  Epot = -129902.832eV  Ekin = 687.713eV (T = 288K)  Etot = -129215.118eV
Step 4021:  Epot = -129904.185eV  Ekin = 688.253eV (T = 288K)  Etot = -129215.932eV
Step 4022:  Epot = -129904.298eV  Ekin = 688.893eV (T = 288K)  Etot = -129215.404eV
Step 4023:  Epot = -129903.875eV  Ekin = 688.268eV (T = 288K)  Etot = -129215.606eV
Step 4024:  Epot = -129905.204eV  Ekin = 689.787eV (T = 288K)  Etot = -129215.416eV
Step 4025:  Epot = -129905.962eV  Ekin = 690.678eV (T = 289K)  Etot = -129215.284eV
Step 4026:  Epot = -129904.551eV  Ekin = 689.772eV (T = 288K)  Etot = -129214.779eV
Step 4027:  Epot = -129903.056eV  Ekin = 688.498eV (T = 288K)  Etot = -129214.558eV
Step 4028:  Epot = -129901.566eV  Ekin = 686.996eV (T = 287K)  Etot = -129214.570eV
Step 4029:  Epot = -129901.098eV  Ekin = 686.826eV (T = 287K)  Etot = -129214.272eV
Step 4030:  Epot = -129901.587eV  Ekin = 687.147eV (T = 287K)  Etot = -129214.440eV
Step 4031:  Epot = -129900.234eV  Ekin = 686.232eV (T = 287K)  Etot = -129214.002eV
Step 4032:  Epot = -129897.801eV  Ekin = 684.152eV (T = 286K)  Etot = -129213.649eV
Step 4033:  Epot = -129898.395eV  Ekin = 684.286eV (T = 286K)  Etot = -129214.110eV
Step 4034:  Epot = -129900.466eV  Ekin = 686.094eV (T = 287K)  Etot = -129214.372eV
Step 4035:  Epot = -129899.205eV  Ekin = 685.059eV (T = 286K)  Etot = -129214.147eV
Step 4036:  Epot = -129896.298eV  Ekin = 682.129eV (T = 285K)  Etot = -129214.169eV
Step 4037:  Epot = -129894.928eV  Ekin = 680.728eV (T = 285K)  Etot = -129214.200eV
Step 4038:  Epot = -129895.414eV  Ekin = 680.974eV (T = 285K)  Etot = -129214.439eV
Step 4039:  Epot = -129896.801eV  Ekin = 682.216eV (T = 285K)  Etot = -129214.585eV
Step 4040:  Epot = -129896.886eV  Ekin = 682.381eV (T = 285K)  Etot = -129214.505eV
Step 4041:  Epot = -129895.687eV  Ekin = 681.656eV (T = 285K)  Etot = -129214.031eV
Step 4042:  Epot = -129896.969eV  Ekin = 683.087eV (T = 286K)  Etot = -129213.882eV
Step 4043:  Epot = -129901.162eV  Ekin = 687.211eV (T = 287K)  Etot = -129213.951eV
Step 4044:  Epot = -129902.889eV  Ekin = 688.799eV (T = 288K)  Etot = -129214.089eV
Step 4045:  Epot = -129901.176eV  Ekin = 687.790eV (T = 288K)  Etot = -129213.385eV
Step 4046:  Epot = -129899.630eV  Ekin = 686.571eV (T = 287K)  Etot = -129213.059eV
Step 4047:  Epot = -129900.279eV  Ekin = 687.265eV (T = 287K)  Etot = -129213.014eV
Step 4048:  Epot = -129902.180eV  Ekin = 688.984eV (T = 288K)  Etot = -129213.196eV
Step 4049:  Epot = -129902.678eV  Ekin = 689.542eV (T = 288K)  Etot = -129213.136eV
Step 4050:  Epot = -129900.319eV  Ekin = 687.415eV (T = 287K)  Etot = -129212.903eV
Step 4051:  Epot = -129898.866eV  Ekin = 686.105eV (T = 287K)  Etot = -129212.760eV
Step 4052:  Epot = -129901.338eV  Ekin = 688.365eV (T = 288K)  Etot = -129212.974eV
Step 4053:  Epot = -129903.500eV  Ekin = 689.614eV (T = 288K)  Etot = -129213.887eV
Step 4054:  Epot = -129902.193eV  Ekin = 688.249eV (T = 288K)  Etot = -129213.944eV
Step 4055:  Epot = -129899.442eV  Ekin = 685.988eV (T = 287K)  Etot = -129213.454eV
Step 4056:  Epot = -129898.561eV  Ekin = 685.778eV (T = 287K)  Etot = -129212.784eV
Step 4057:  Epot = -129900.585eV  Ekin = 687.971eV (T = 288K)  Etot = -129212.614eV
Step 4058:  Epot = -129902.253eV  Ekin = 690.144eV (T = 289K)  Etot = -129212.109eV
Step 4059:  Epot = -129900.680eV  Ekin = 689.117eV (T = 288K)  Etot = -129211.563eV
Step 4060:  Epot = -129898.815eV  Ekin = 687.739eV (T = 288K)  Etot = -129211.076eV
Step 4061:  Epot = -129901.354eV  Ekin = 689.879eV (T = 288K)  Etot = -129211.475eV
Step 4062:  Epot = -129905.171eV  Ekin = 693.513eV (T = 290K)  Etot = -129211.658eV
Step 4063:  Epot = -129905.287eV  Ekin = 694.065eV (T = 290K)  Etot = -129211.223eV
Step 4064:  Epot = -129903.348eV  Ekin = 692.274eV (T = 289K)  Etot = -129211.073eV
Step 4065:  Epot = -129902.583eV  Ekin = 691.477eV (T = 289K)  Etot = -129211.106eV
Step 4066:  Epot = -129904.419eV  Ekin = 692.726eV (T = 290K)  Etot = -129211.693eV
Step 4067:  Epot = -129906.124eV  Ekin = 694.109eV (T = 290K)  Etot = -129212.016eV
Step 4068:  Epot = -129903.782eV  Ekin = 691.765eV (T = 289K)  Etot = -129212.018eV
Step 4069:  Epot = -129900.334eV  Ekin = 688.994eV (T = 288K)  Etot = -129211.340eV
Step 4070:  Epot = -129901.697eV  Ekin = 690.125eV (T = 289K)  Etot = -129211.572eV
Step 4071:  Epot = -129905.335eV  Ekin = 693.300eV (T = 290K)  Etot = -129212.034eV
Step 4072:  Epot = -129905.542eV  Ekin = 693.716eV (T = 290K)  Etot = -129211.825eV
Step 4073:  Epot = -129903.002eV  Ekin = 690.924eV (T = 289K)  Etot = -129212.079eV
Step 4074:  Epot = -129901.616eV  Ekin = 689.692eV (T = 288K)  Etot = -129211.924eV
Step 4075:  Epot = -129902.787eV  Ekin = 690.485eV (T = 289K)  Etot = -129212.301eV
Step 4076:  Epot = -129903.441eV  Ekin = 690.563eV (T = 289K)  Etot = -129212.878eV
Step 4077:  Epot = -129900.852eV  Ekin = 688.397eV (T = 288K)  Etot = -129212.455eV
Step 4078:  Epot = -129898.008eV  Ekin = 686.310eV (T = 287K)  Etot = -129211.698eV
Step 4079:  Epot = -129899.546eV  Ekin = 688.021eV (T = 288K)  Etot = -129211.524eV
Step 4080:  Epot = -129903.393eV  Ekin = 691.718eV (T = 289K)  Etot = -129211.676eV
Step 4081:  Epot = -129904.113eV  Ekin = 692.679eV (T = 290K)  Etot = -129211.434eV
Step 4082:  Epot = -129902.441eV  Ekin = 691.399eV (T = 289K)  Etot = -129211.043eV
Step 4083:  Epot = -129901.621eV  Ekin = 690.377eV (T = 289K)  Etot = -129211.243eV
Step 4084:  Epot = -129902.989eV  Ekin = 691.678eV (T = 289K)  Etot = -129211.310eV
Step 4085:  Epot = -129904.397eV  Ekin = 692.095eV (T = 289K)  Etot = -129212.302eV
Step 4086:  Epot = -129902.375eV  Ekin = 689.933eV (T = 288K)  Etot = -129212.442eV
Step 4087:  Epot = -129898.887eV  Ekin = 687.052eV (T = 287K)  Etot = -129211.835eV
Step 4088:  Epot = -129898.631eV  Ekin = 687.434eV (T = 287K)  Etot = -129211.197eV
Step 4089:  Epot = -129901.297eV  Ekin = 689.468eV (T = 288K)  Etot = -129211.829eV
Step 4090:  Epot = -129901.944eV  Ekin = 690.372eV (T = 289K)  Etot = -129211.572eV
Step 4091:  Epot = -129899.931eV  Ekin = 688.615eV (T = 288K)  Etot = -129211.316eV
Step 4092:  Epot = -129898.862eV  Ekin = 687.438eV (T = 287K)  Etot = -129211.423eV
Step 4093:  Epot = -129900.195eV  Ekin = 688.455eV (T = 288K)  Etot = -129211.739eV
Step 4094:  Epot = -129901.162eV  Ekin = 689.641eV (T = 288K)  Etot = -129211.521eV
Step 4095:  Epot = -129898.776eV  Ekin = 687.138eV (T = 287K)  Etot = -129211.638eV
Step 4096:  Epot = -129895.233eV  Ekin = 683.805eV (T = 286K)  Etot = -129211.429eV
Step 4097:  Epot = -129894.550eV  Ekin = 682.581eV (T = 285K)  Etot = -129211.969eV
Step 4098:  Epot = -129897.041eV  Ekin = 685.209eV (T = 287K)  Etot = -129211.831eV
Step 4099:  Epot = -129898.619eV  Ekin = 686.752eV (T = 287K)  Etot = -129211.867eV
Step 4100:  Epot = -129897.116eV  Ekin = 685.764eV (T = 287K)  Etot = -129211.353eV
Step 4101:  Epot = -129896.494eV  Ekin = 685.235eV (T = 287K)  Etot = -129211.259eV
Step 4102:  Epot = -129898.887eV  Ekin = 686.933eV (T = 287K)  Etot = -129211.954eV
Step 4103:  Epot = -129900.802eV  Ekin = 688.397eV (T = 288K)  Etot = -129212.406eV
Step 4104:  Epot = -129898.547eV  Ekin = 686.174eV (T = 287K)  Etot = -129212.373eV
Step 4105:  Epot = -129895.350eV  Ekin = 683.543eV (T = 286K)  Etot = -129211.807eV
Step 4106:  Epot = -129895.450eV  Ekin = 684.140eV (T = 286K)  Etot = -129211.310eV
Step 4107:  Epot = -129899.228eV  Ekin = 687.703eV (T = 288K)  Etot = -129211.525eV
Step 4108:  Epot = -129901.910eV  Ekin = 689.968eV (T = 289K)  Etot = -129211.941eV
Step 4109:  Epot = -129900.464eV  Ekin = 688.904eV (T = 288K)  Etot = -129211.560eV
Step 4110:  Epot = -129899.852eV  Ekin = 688.475eV (T = 288K)  Etot = -129211.378eV
Step 4111:  Epot = -129903.620eV  Ekin = 691.422eV (T = 289K)  Etot = -129212.198eV
Step 4112:  Epot = -129906.859eV  Ekin = 693.988eV (T = 290K)  Etot = -129212.871eV
Step 4113:  Epot = -129905.403eV  Ekin = 692.959eV (T = 290K)  Etot = -129212.444eV
Step 4114:  Epot = -129902.426eV  Ekin = 689.832eV (T = 288K)  Etot = -129212.594eV
Step 4115:  Epot = -129901.907eV  Ekin = 689.202eV (T = 288K)  Etot = -129212.706eV
Step 4116:  Epot = -129904.480eV  Ekin = 691.437eV (T = 289K)  Etot = -129213.043eV
Step 4117:  Epot = -129906.597eV  Ekin = 693.657eV (T = 290K)  Etot = -129212.941eV
Step 4118:  Epot = -129904.575eV  Ekin = 692.196eV (T = 289K)  Etot = -129212.379eV
Step 4119:  Epot = -129903.572eV  Ekin = 691.978eV (T = 289K)  Etot = -129211.594eV
Step 4120:  Epot = -129907.249eV  Ekin = 695.122eV (T = 291K)  Etot = -129212.127eV
Step 4121:  Epot = -129909.445eV  Ekin = 697.063eV (T = 291K)  Etot = -129212.382eV
Step 4122:  Epot = -129905.848eV  Ekin = 694.254eV (T = 290K)  Etot = -129211.594eV
Step 4123:  Epot = -129900.740eV  Ekin = 688.939eV (T = 288K)  Etot = -129211.801eV
Step 4124:  Epot = -129899.242eV  Ekin = 687.850eV (T = 288K)  Etot = -129211.392eV
Step 4125:  Epot = -129900.331eV  Ekin = 688.867eV (T = 288K)  Etot = -129211.464eV
Step 4126:  Epot = -129900.209eV  Ekin = 688.687eV (T = 288K)  Etot = -129211.522eV
Step 4127:  Epot = -129896.891eV  Ekin = 685.836eV (T = 287K)  Etot = -129211.055eV
Step 4128:  Epot = -129895.753eV  Ekin = 685.074eV (T = 286K)  Etot = -129210.679eV
Step 4129:  Epot = -129898.864eV  Ekin = 687.675eV (T = 288K)  Etot = -129211.190eV
Step 4130:  Epot = -129900.286eV  Ekin = 688.901eV (T = 288K)  Etot = -129211.385eV
Step 4131:  Epot = -129897.979eV  Ekin = 686.893eV (T = 287K)  Etot = -129211.085eV
Step 4132:  Epot = -129895.031eV  Ekin = 684.101eV (T = 286K)  Etot = -129210.931eV
Step 4133:  Epot = -129895.230eV  Ekin = 684.101eV (T = 286K)  Etot = -129211.129eV
Step 4134:  Epot = -129897.312eV  Ekin = 685.722eV (T = 287K)  Etot = -129211.590eV
Step 4135:  Epot = -129898.585eV  Ekin = 686.961eV (T = 287K)  Etot = -129211.624eV
Step 4136:  Epot = -129897.567eV  Ekin = 685.913eV (T = 287K)  Etot = -129211.653eV
Step 4137:  Epot = -129897.401eV  Ekin = 685.902eV (T = 287K)  Etot = -129211.500eV
Step 4138:  Epot = -129900.743eV  Ekin = 688.997eV (T = 288K)  Etot = -129211.746eV
Step 4139:  Epot = -129903.478eV  Ekin = 691.763eV (T = 289K)  Etot = -129211.715eV
Step 4140:  Epot = -129903.115eV  Ekin = 691.544eV (T = 289K)  Etot = -129211.571eV
Step 4141:  Epot = -129901.470eV  Ekin = 689.965eV (T = 288K)  Etot = -129211.505eV
Step 4142:  Epot = -129901.680eV  Ekin = 690.405eV (T = 289K)  Etot = -129211.276eV
Step 4143:  Epot = -129903.028eV  Ekin = 691.834eV (T = 289K)  Etot = -129211.195eV
Step 4144:  Epot = -129903.349eV  Ekin = 691.777eV (T = 289K)  Etot = -129211.572eV
Step 4145:  Epot = -129901.132eV  Ekin = 690.235eV (T = 289K)  Etot = -129210.897eV
Step 4146:  Epot = -129899.109eV  Ekin = 688.632eV (T = 288K)  Etot = -129210.477eV
Step 4147:  Epot = -129900.518eV  Ekin = 689.749eV (T = 288K)  Etot = -129210.769eV
Step 4148:  Epot = -129902.733eV  Ekin = 691.792eV (T = 289K)  Etot = -129210.941eV
Step 4149:  Epot = -129902.344eV  Ekin = 691.524eV (T = 289K)  Etot = -129210.819eV
Step 4150:  Epot = -129899.455eV  Ekin = 689.032eV (T = 288K)  Etot = -129210.423eV
Step 4151:  Epot = -129898.121eV  Ekin = 688.056eV (T = 288K)  Etot = -129210.066eV
Step 4152:  Epot = -129899.284eV  Ekin = 689.235eV (T = 288K)  Etot = -129210.050eV
Step 4153:  Epot = -129900.208eV  Ekin = 690.333eV (T = 289K)  Etot = -129209.875eV
Step 4154:  Epot = -129899.102eV  Ekin = 689.096eV (T = 288K)  Etot = -129210.006eV
Step 4155:  Epot = -129897.399eV  Ekin = 687.643eV (T = 288K)  Etot = -129209.756eV
Step 4156:  Epot = -129897.377eV  Ekin = 687.662eV (T = 288K)  Etot = -129209.715eV
Step 4157:  Epot = -129898.381eV  Ekin = 688.273eV (T = 288K)  Etot = -129210.108eV
Step 4158:  Epot = -129898.796eV  Ekin = 688.368eV (T = 288K)  Etot = -129210.428eV
Step 4159:  Epot = -129897.347eV  Ekin = 687.163eV (T = 287K)  Etot = -129210.185eV
Step 4160:  Epot = -129896.681eV  Ekin = 686.936eV (T = 287K)  Etot = -129209.745eV
Step 4161:  Epot = -129898.093eV  Ekin = 688.175eV (T = 288K)  Etot = -129209.919eV
Step 4162:  Epot = -129899.357eV  Ekin = 689.511eV (T = 288K)  Etot = -129209.846eV
Step 4163:  Epot = -129898.348eV  Ekin = 688.052eV (T = 288K)  Etot = -129210.296eV
Step 4164:  Epot = -129896.509eV  Ekin = 686.609eV (T = 287K)  Etot = -129209.900eV
Step 4165:  Epot = -129896.686eV  Ekin = 686.573eV (T = 287K)  Etot = -129210.113eV
Step 4166:  Epot = -129897.788eV  Ekin = 688.211eV (T = 288K)  Etot = -129209.578eV
Step 4167:  Epot = -129897.981eV  Ekin = 687.878eV (T = 288K)  Etot = -129210.102eV
Step 4168:  Epot = -129896.799eV  Ekin = 687.040eV (T = 287K)  Etot = -129209.759eV
Step 4169:  Epot = -129896.069eV  Ekin = 686.309eV (T = 287K)  Etot = -129209.760eV
Step 4170:  Epot = -129897.059eV  Ekin = 687.595eV (T = 288K)  Etot = -129209.463eV
Step 4171:  Epot = -129898.202eV  Ekin = 688.462eV (T = 288K)  Etot = -129209.740eV
Step 4172:  Epot = -129898.256eV  Ekin = 688.798eV (T = 288K)  Etot = -129209.457eV
Step 4173:  Epot = -129897.836eV  Ekin = 688.466eV (T = 288K)  Etot = -129209.370eV
Step 4174:  Epot = -129899.065eV  Ekin = 689.511eV (T = 288K)  Etot = -129209.553eV
Step 4175:  Epot = -129900.835eV  Ekin = 691.240eV (T = 289K)  Etot = -129209.595eV
Step 4176:  Epot = -129901.165eV  Ekin = 691.514eV (T = 289K)  Etot = -129209.650eV
Step 4177:  Epot = -129899.942eV  Ekin = 690.572eV (T = 289K)  Etot = -129209.370eV
Step 4178:  Epot = -129898.805eV  Ekin = 690.220eV (T = 289K)  Etot = -129208.584eV
Step 4179:  Epot = -129899.305eV  Ekin = 691.161eV (T = 289K)  Etot = -129208.145eV
Step 4180:  Epot = -129901.045eV  Ekin = 692.873eV (T = 290K)  Etot = -129208.173eV
Step 4181:  Epot = -129901.897eV  Ekin = 694.032eV (T = 290K)  Etot = -129207.865eV
Step 4182:  Epot = -129900.964eV  Ekin = 693.263eV (T = 290K)  Etot = -129207.701eV
Step 4183:  Epot = -129900.279eV  Ekin = 692.512eV (T = 290K)  Etot = -129207.766eV
Step 4184:  Epot = -129900.550eV  Ekin = 693.033eV (T = 290K)  Etot = -129207.517eV
Step 4185:  Epot = -129899.822eV  Ekin = 692.452eV (T = 290K)  Etot = -129207.370eV
Step 4186:  Epot = -129898.397eV  Ekin = 690.929eV (T = 289K)  Etot = -129207.467eV
Step 4187:  Epot = -129898.280eV  Ekin = 690.331eV (T = 289K)  Etot = -129207.949eV
Step 4188:  Epot = -129898.389eV  Ekin = 690.512eV (T = 289K)  Etot = -129207.877eV
Step 4189:  Epot = -129897.947eV  Ekin = 690.049eV (T = 289K)  Etot = -129207.899eV
Step 4190:  Epot = -129897.710eV  Ekin = 689.354eV (T = 288K)  Etot = -129208.356eV
Step 4191:  Epot = -129897.329eV  Ekin = 689.492eV (T = 288K)  Etot = -129207.837eV
Step 4192:  Epot = -129896.699eV  Ekin = 688.969eV (T = 288K)  Etot = -129207.730eV
Step 4193:  Epot = -129896.831eV  Ekin = 689.173eV (T = 288K)  Etot = -129207.658eV
Step 4194:  Epot = -129895.876eV  Ekin = 688.487eV (T = 288K)  Etot = -129207.389eV
Step 4195:  Epot = -129893.691eV  Ekin = 686.811eV (T = 287K)  Etot = -129206.879eV
Step 4196:  Epot = -129893.822eV  Ekin = 686.847eV (T = 287K)  Etot = -129206.975eV
Step 4197:  Epot = -129893.955eV  Ekin = 687.279eV (T = 287K)  Etot = -129206.677eV
Step 4198:  Epot = -129892.367eV  Ekin = 685.939eV (T = 287K)  Etot = -129206.428eV
Step 4199:  Epot = -129892.274eV  Ekin = 685.629eV (T = 287K)  Etot = -129206.645eV
Step 4200:  Epot = -129894.258eV  Ekin = 687.356eV (T = 287K)  Etot = -129206.901eV
Step 4201:  Epot = -129895.218eV  Ekin = 688.194eV (T = 288K)  Etot = -129207.024eV
Step 4202:  Epot = -129895.030eV  Ekin = 688.033eV (T = 288K)  Etot = -129206.998eV
Step 4203:  Epot = -129894.403eV  Ekin = 687.074eV (T = 287K)  Etot = -129207.329eV
Step 4204:  Epot = -129893.642eV  Ekin = 686.610eV (T = 287K)  Etot = -129207.032eV
Step 4205:  Epot = -129894.653eV  Ekin = 687.400eV (T = 287K)  Etot = -129207.253eV
Step 4206:  Epot = -129894.810eV  Ekin = 687.323eV (T = 287K)  Etot = -129207.486eV
Step 4207:  Epot = -129892.505eV  Ekin = 685.502eV (T = 287K)  Etot = -129207.003eV
Step 4208:  Epot = -129892.602eV  Ekin = 685.511eV (T = 287K)  Etot = -129207.091eV
Step 4209:  Epot = -129896.398eV  Ekin = 688.946eV (T = 288K)  Etot = -129207.452eV
Step 4210:  Epot = -129898.604eV  Ekin = 691.123eV (T = 289K)  Etot = -129207.481eV
Step 4211:  Epot = -129898.240eV  Ekin = 691.176eV (T = 289K)  Etot = -129207.064eV
Step 4212:  Epot = -129898.249eV  Ekin = 691.618eV (T = 289K)  Etot = -129206.631eV
Step 4213:  Epot = -129899.211eV  Ekin = 692.507eV (T = 290K)  Etot = -129206.704eV
Step 4214:  Epot = -129900.869eV  Ekin = 694.009eV (T = 290K)  Etot = -129206.860eV
Step 4215:  Epot = -129900.887eV  Ekin = 693.728eV (T = 290K)  Etot = -129207.159eV
Step 4216:  Epot = -129898.068eV  Ekin = 691.241eV (T = 289K)  Etot = -129206.827eV
Step 4217:  Epot = -129897.263eV  Ekin = 690.610eV (T = 289K)  Etot = -129206.653eV
Step 4218:  Epot = -129900.081eV  Ekin = 693.437eV (T = 290K)  Etot = -129206.644eV
Step 4219:  Epot = -129901.210eV  Ekin = 694.579eV (T = 290K)  Etot = -129206.631eV
Step 4220:  Epot = -129899.840eV  Ekin = 693.330eV (T = 290K)  Etot = -129206.510eV
Step 4221:  Epot = -129899.449eV  Ekin = 693.126eV (T = 290K)  Etot = -129206.322eV
Step 4222:  Epot = -129900.184eV  Ekin = 693.413eV (T = 290K)  Etot = -129206.771eV
Step 4223:  Epot = -129901.543eV  Ekin = 694.481eV (T = 290K)  Etot = -129207.062eV
Step 4224:  Epot = -129901.130eV  Ekin = 694.171eV (T = 290K)  Etot = -129206.960eV
Step 4225:  Epot = -129898.124eV  Ekin = 691.255eV (T = 289K)  Etot = -129206.869eV
Step 4226:  Epot = -129896.689eV  Ekin = 689.448eV (T = 288K)  Etot = -129207.241eV
Step 4227:  Epot = -129899.325eV  Ekin = 691.496eV (T = 289K)  Etot = -129207.830eV
Step 4228:  Epot = -129901.152eV  Ekin = 693.143eV (T = 290K)  Etot = -129208.009eV
Step 4229:  Epot = -129899.813eV  Ekin = 691.903eV (T = 289K)  Etot = -129207.910eV
Step 4230:  Epot = -129899.514eV  Ekin = 692.084eV (T = 289K)  Etot = -129207.430eV
Step 4231:  Epot = -129900.959eV  Ekin = 693.312eV (T = 290K)  Etot = -129207.646eV
Step 4232:  Epot = -129902.403eV  Ekin = 694.610eV (T = 290K)  Etot = -129207.793eV
Step 4233:  Epot = -129901.413eV  Ekin = 693.652eV (T = 290K)  Etot = -129207.761eV
Step 4234:  Epot = -129898.317eV  Ekin = 690.803eV (T = 289K)  Etot = -129207.514eV
Step 4235:  Epot = -129897.069eV  Ekin = 690.040eV (T = 289K)  Etot = -129207.029eV
Step 4236:  Epot = -129899.270eV  Ekin = 692.180eV (T = 289K)  Etot = -129207.090eV
Step 4237:  Epot = -129901.294eV  Ekin = 693.934eV (T = 290K)  Etot = -129207.360eV
Step 4238:  Epot = -129899.873eV  Ekin = 693.399eV (T = 290K)  Etot = -129206.475eV
Step 4239:  Epot = -129898.950eV  Ekin = 692.624eV (T = 290K)  Etot = -129206.326eV
Step 4240:  Epot = -129900.716eV  Ekin = 693.931eV (T = 290K)  Etot = -129206.785eV
Step 4241:  Epot = -129902.973eV  Ekin = 695.868eV (T = 291K)  Etot = -129207.105eV
Step 4242:  Epot = -129902.918eV  Ekin = 695.833eV (T = 291K)  Etot = -129207.085eV
Step 4243:  Epot = -129901.193eV  Ekin = 694.129eV (T = 290K)  Etot = -129207.063eV
Step 4244:  Epot = -129899.440eV  Ekin = 692.505eV (T = 290K)  Etot = -129206.935eV
Step 4245:  Epot = -129899.873eV  Ekin = 692.764eV (T = 290K)  Etot = -129207.109eV
Step 4246:  Epot = -129901.767eV  Ekin = 694.153eV (T = 290K)  Etot = -129207.614eV
Step 4247:  Epot = -129901.460eV  Ekin = 694.037eV (T = 290K)  Etot = -129207.422eV
Step 4248:  Epot = -129900.082eV  Ekin = 692.369eV (T = 290K)  Etot = -129207.713eV
Step 4249:  Epot = -129900.494eV  Ekin = 692.887eV (T = 290K)  Etot = -129207.607eV
Step 4250:  Epot = -129901.924eV  Ekin = 694.021eV (T = 290K)  Etot = -129207.903eV
Step 4251:  Epot = -129901.308eV  Ekin = 693.474eV (T = 290K)  Etot = -129207.834eV
Step 4252:  Epot = -129900.032eV  Ekin = 692.260eV (T = 289K)  Etot = -129207.772eV
Step 4253:  Epot = -129898.817eV  Ekin = 690.826eV (T = 289K)  Etot = -129207.992eV
Step 4254:  Epot = -129897.895eV  Ekin = 689.948eV (T = 288K)  Etot = -129207.947eV
Step 4255:  Epot = -129899.217eV  Ekin = 690.588eV (T = 289K)  Etot = -129208.630eV
Step 4256:  Epot = -129900.446eV  Ekin = 691.989eV (T = 289K)  Etot = -129208.457eV
Step 4257:  Epot = -129899.774eV  Ekin = 691.254eV (T = 289K)  Etot = -129208.520eV
Step 4258:  Epot = -129899.143eV  Ekin = 690.549eV (T = 289K)  Etot = -129208.594eV
Step 4259:  Epot = -129898.945eV  Ekin = 689.936eV (T = 288K)  Etot = -129209.008eV
Step 4260:  Epot = -129897.892eV  Ekin = 688.925eV (T = 288K)  Etot = -129208.967eV
Step 4261:  Epot = -129897.238eV  Ekin = 688.524eV (T = 288K)  Etot = -129208.714eV
Step 4262:  Epot = -129896.578eV  Ekin = 687.402eV (T = 287K)  Etot = -129209.176eV
Step 4263:  Epot = -129894.484eV  Ekin = 685.883eV (T = 287K)  Etot = -129208.602eV
Step 4264:  Epot = -129894.897eV  Ekin = 686.589eV (T = 287K)  Etot = -129208.308eV
Step 4265:  Epot = -129897.284eV  Ekin = 688.742eV (T = 288K)  Etot = -129208.542eV
Step 4266:  Epot = -129897.687eV  Ekin = 689.173eV (T = 288K)  Etot = -129208.514eV
Step 4267:  Epot = -129897.185eV  Ekin = 688.649eV (T = 288K)  Etot = -129208.536eV
Step 4268:  Epot = -129897.715eV  Ekin = 689.071eV (T = 288K)  Etot = -129208.643eV
Step 4269:  Epot = -129898.599eV  Ekin = 689.781eV (T = 288K)  Etot = -129208.818eV
Step 4270:  Epot = -129899.642eV  Ekin = 690.407eV (T = 289K)  Etot = -129209.235eV
Step 4271:  Epot = -129899.846eV  Ekin = 690.354eV (T = 289K)  Etot = -129209.493eV
Step 4272:  Epot = -129897.745eV  Ekin = 688.588eV (T = 288K)  Etot = -129209.157eV
Step 4273:  Epot = -129897.734eV  Ekin = 688.226eV (T = 288K)  Etot = -129209.508eV
Step 4274:  Epot = -129901.243eV  Ekin = 691.519eV (T = 289K)  Etot = -129209.725eV
Step 4275:  Epot = -129903.411eV  Ekin = 694.097eV (T = 290K)  Etot = -129209.313eV
Step 4276:  Epot = -129903.506eV  Ekin = 694.066eV (T = 290K)  Etot = -129209.440eV
Step 4277:  Epot = -129903.592eV  Ekin = 694.097eV (T = 290K)  Etot = -129209.495eV
Step 4278:  Epot = -129903.972eV  Ekin = 693.724eV (T = 290K)  Etot = -129210.248eV
Step 4279:  Epot = -129904.549eV  Ekin = 694.716eV (T = 290K)  Etot = -129209.834eV
Step 4280:  Epot = -129905.336eV  Ekin = 695.232eV (T = 291K)  Etot = -129210.104eV
Step 4281:  Epot = -129904.244eV  Ekin = 693.913eV (T = 290K)  Etot = -129210.331eV
Step 4282:  Epot = -129902.516eV  Ekin = 692.399eV (T = 290K)  Etot = -129210.117eV
Step 4283:  Epot = -129904.244eV  Ekin = 693.830eV (T = 290K)  Etot = -129210.414eV
Step 4284:  Epot = -129906.830eV  Ekin = 696.259eV (T = 291K)  Etot = -129210.571eV
Step 4285:  Epot = -129906.773eV  Ekin = 696.017eV (T = 291K)  Etot = -129210.756eV
Step 4286:  Epot = -129905.179eV  Ekin = 694.345eV (T = 290K)  Etot = -129210.834eV
Step 4287:  Epot = -129904.215eV  Ekin = 693.311eV (T = 290K)  Etot = -129210.904eV
Step 4288:  Epot = -129903.766eV  Ekin = 693.200eV (T = 290K)  Etot = -129210.566eV
Step 4289:  Epot = -129903.281eV  Ekin = 692.788eV (T = 290K)  Etot = -129210.493eV
Step 4290:  Epot = -129901.080eV  Ekin = 690.797eV (T = 289K)  Etot = -129210.282eV
Step 4291:  Epot = -129898.375eV  Ekin = 688.295eV (T = 288K)  Etot = -129210.080eV
Step 4292:  Epot = -129898.570eV  Ekin = 688.257eV (T = 288K)  Etot = -129210.313eV
Step 4293:  Epot = -129901.141eV  Ekin = 690.767eV (T = 289K)  Etot = -129210.375eV
Step 4294:  Epot = -129902.438eV  Ekin = 691.921eV (T = 289K)  Etot = -129210.517eV
Step 4295:  Epot = -129901.453eV  Ekin = 690.860eV (T = 289K)  Etot = -129210.593eV
Step 4296:  Epot = -129899.788eV  Ekin = 689.160eV (T = 288K)  Etot = -129210.628eV
Step 4297:  Epot = -129899.519eV  Ekin = 689.398eV (T = 288K)  Etot = -129210.121eV
Step 4298:  Epot = -129900.402eV  Ekin = 689.886eV (T = 288K)  Etot = -129210.516eV
Step 4299:  Epot = -129899.081eV  Ekin = 688.964eV (T = 288K)  Etot = -129210.117eV
Step 4300:  Epot = -129895.333eV  Ekin = 685.962eV (T = 287K)  Etot = -129209.371eV
Step 4301:  Epot = -129893.885eV  Ekin = 684.841eV (T = 286K)  Etot = -129209.044eV
Step 4302:  Epot = -129896.020eV  Ekin = 686.670eV (T = 287K)  Etot = -129209.350eV
Step 4303:  Epot = -129897.556eV  Ekin = 688.019eV (T = 288K)  Etot = -129209.537eV
Step 4304:  Epot = -129896.968eV  Ekin = 687.773eV (T = 288K)  Etot = -129209.196eV
Step 4305:  Epot = -129895.933eV  Ekin = 687.370eV (T = 287K)  Etot = -129208.563eV
Step 4306:  Epot = -129896.009eV  Ekin = 687.002eV (T = 287K)  Etot = -129209.007eV
Step 4307:  Epot = -129897.193eV  Ekin = 688.515eV (T = 288K)  Etot = -129208.678eV
Step 4308:  Epot = -129896.348eV  Ekin = 688.099eV (T = 288K)  Etot = -129208.248eV
Step 4309:  Epot = -129892.999eV  Ekin = 685.334eV (T = 287K)  Etot = -129207.666eV
Step 4310:  Epot = -129891.920eV  Ekin = 684.399eV (T = 286K)  Etot = -129207.521eV
Step 4311:  Epot = -129894.218eV  Ekin = 686.436eV (T = 287K)  Etot = -129207.782eV
Step 4312:  Epot = -129897.121eV  Ekin = 689.032eV (T = 288K)  Etot = -129208.089eV
Step 4313:  Epot = -129898.400eV  Ekin = 690.838eV (T = 289K)  Etot = -129207.562eV
Step 4314:  Epot = -129898.436eV  Ekin = 691.005eV (T = 289K)  Etot = -129207.431eV
Step 4315:  Epot = -129898.847eV  Ekin = 692.220eV (T = 289K)  Etot = -129206.627eV
Step 4316:  Epot = -129900.676eV  Ekin = 694.208eV (T = 290K)  Etot = -129206.468eV
Step 4317:  Epot = -129901.406eV  Ekin = 694.642eV (T = 290K)  Etot = -129206.763eV
Step 4318:  Epot = -129899.616eV  Ekin = 693.637eV (T = 290K)  Etot = -129205.979eV
Step 4319:  Epot = -129899.014eV  Ekin = 692.756eV (T = 290K)  Etot = -129206.258eV
Step 4320:  Epot = -129900.753eV  Ekin = 694.784eV (T = 291K)  Etot = -129205.969eV
Step 4321:  Epot = -129902.586eV  Ekin = 695.963eV (T = 291K)  Etot = -129206.623eV
Step 4322:  Epot = -129902.175eV  Ekin = 695.605eV (T = 291K)  Etot = -129206.570eV
Step 4323:  Epot = -129899.685eV  Ekin = 693.571eV (T = 290K)  Etot = -129206.113eV
Step 4324:  Epot = -129897.559eV  Ekin = 691.881eV (T = 289K)  Etot = -129205.679eV
Step 4325:  Epot = -129897.734eV  Ekin = 691.834eV (T = 289K)  Etot = -129205.900eV
Step 4326:  Epot = -129898.268eV  Ekin = 692.432eV (T = 290K)  Etot = -129205.836eV
Step 4327:  Epot = -129895.946eV  Ekin = 689.853eV (T = 288K)  Etot = -129206.093eV
Step 4328:  Epot = -129892.868eV  Ekin = 686.942eV (T = 287K)  Etot = -129205.925eV
Step 4329:  Epot = -129891.988eV  Ekin = 685.886eV (T = 287K)  Etot = -129206.102eV
Step 4330:  Epot = -129893.619eV  Ekin = 687.129eV (T = 287K)  Etot = -129206.490eV
Step 4331:  Epot = -129894.877eV  Ekin = 687.850eV (T = 288K)  Etot = -129207.027eV
Step 4332:  Epot = -129894.027eV  Ekin = 686.874eV (T = 287K)  Etot = -129207.153eV
Step 4333:  Epot = -129893.193eV  Ekin = 686.346eV (T = 287K)  Etot = -129206.847eV
Step 4334:  Epot = -129894.298eV  Ekin = 687.381eV (T = 287K)  Etot = -129206.917eV
Step 4335:  Epot = -129895.637eV  Ekin = 689.003eV (T = 288K)  Etot = -129206.635eV
Step 4336:  Epot = -129895.035eV  Ekin = 688.705eV (T = 288K)  Etot = -129206.330eV
Step 4337:  Epot = -129893.844eV  Ekin = 687.255eV (T = 287K)  Etot = -129206.589eV
Step 4338:  Epot = -129894.550eV  Ekin = 688.014eV (T = 288K)  Etot = -129206.536eV
Step 4339:  Epot = -129897.450eV  Ekin = 690.551eV (T = 289K)  Etot = -129206.898eV
Step 4340:  Epot = -129899.732eV  Ekin = 692.325eV (T = 289K)  Etot = -129207.407eV
Step 4341:  Epot = -129898.435eV  Ekin = 690.768eV (T = 289K)  Etot = -129207.667eV
Step 4342:  Epot = -129896.795eV  Ekin = 689.237eV (T = 288K)  Etot = -129207.557eV
Step 4343:  Epot = -129898.614eV  Ekin = 691.108eV (T = 289K)  Etot = -129207.505eV
Step 4344:  Epot = -129900.587eV  Ekin = 693.033eV (T = 290K)  Etot = -129207.554eV
Step 4345:  Epot = -129899.112eV  Ekin = 691.630eV (T = 289K)  Etot = -129207.482eV
Step 4346:  Epot = -129896.589eV  Ekin = 689.790eV (T = 288K)  Etot = -129206.800eV
Step 4347:  Epot = -129896.003eV  Ekin = 689.559eV (T = 288K)  Etot = -129206.444eV
Step 4348:  Epot = -129897.957eV  Ekin = 691.537eV (T = 289K)  Etot = -129206.420eV
Step 4349:  Epot = -129899.689eV  Ekin = 692.551eV (T = 290K)  Etot = -129207.138eV
Step 4350:  Epot = -129898.314eV  Ekin = 691.616eV (T = 289K)  Etot = -129206.698eV
Step 4351:  Epot = -129896.691eV  Ekin = 690.088eV (T = 289K)  Etot = -129206.603eV
Step 4352:  Epot = -129898.840eV  Ekin = 692.242eV (T = 289K)  Etot = -129206.598eV
Step 4353:  Epot = -129901.451eV  Ekin = 694.371eV (T = 290K)  Etot = -129207.080eV
Step 4354:  Epot = -129900.608eV  Ekin = 694.126eV (T = 290K)  Etot = -129206.482eV
Step 4355:  Epot = -129898.262eV  Ekin = 691.833eV (T = 289K)  Etot = -129206.429eV
Step 4356:  Epot = -129897.857eV  Ekin = 691.639eV (T = 289K)  Etot = -129206.218eV
Step 4357:  Epot = -129901.053eV  Ekin = 694.255eV (T = 290K)  Etot = -129206.798eV
Step 4358:  Epot = -129904.118eV  Ekin = 696.881eV (T = 291K)  Etot = -129207.237eV
Step 4359:  Epot = -129902.917eV  Ekin = 695.492eV (T = 291K)  Etot = -129207.424eV
Step 4360:  Epot = -129900.912eV  Ekin = 693.779eV (T = 290K)  Etot = -129207.133eV
Step 4361:  Epot = -129903.370eV  Ekin = 696.158eV (T = 291K)  Etot = -129207.211eV
Step 4362:  Epot = -129907.432eV  Ekin = 699.923eV (T = 293K)  Etot = -129207.509eV
Step 4363:  Epot = -129907.202eV  Ekin = 699.934eV (T = 293K)  Etot = -129207.268eV
Step 4364:  Epot = -129903.435eV  Ekin = 696.281eV (T = 291K)  Etot = -129207.154eV
Step 4365:  Epot = -129901.363eV  Ekin = 694.418eV (T = 290K)  Etot = -129206.945eV
Step 4366:  Epot = -129903.578eV  Ekin = 696.614eV (T = 291K)  Etot = -129206.964eV
Step 4367:  Epot = -129906.006eV  Ekin = 698.647eV (T = 292K)  Etot = -129207.359eV
Step 4368:  Epot = -129904.028eV  Ekin = 697.071eV (T = 291K)  Etot = -129206.957eV
Step 4369:  Epot = -129899.460eV  Ekin = 693.178eV (T = 290K)  Etot = -129206.282eV
Step 4370:  Epot = -129899.154eV  Ekin = 693.222eV (T = 290K)  Etot = -129205.932eV
Step 4371:  Epot = -129903.023eV  Ekin = 696.107eV (T = 291K)  Etot = -129206.916eV
Step 4372:  Epot = -129904.009eV  Ekin = 696.851eV (T = 291K)  Etot = -129207.159eV
Step 4373:  Epot = -129899.745eV  Ekin = 692.407eV (T = 290K)  Etot = -129207.338eV
Step 4374:  Epot = -129895.590eV  Ekin = 689.144eV (T = 288K)  Etot = -129206.447eV
Step 4375:  Epot = -129896.674eV  Ekin = 689.925eV (T = 288K)  Etot = -129206.749eV
Step 4376:  Epot = -129900.373eV  Ekin = 693.145eV (T = 290K)  Etot = -129207.229eV
Step 4377:  Epot = -129900.593eV  Ekin = 693.189eV (T = 290K)  Etot = -129207.403eV
Step 4378:  Epot = -129897.036eV  Ekin = 690.126eV (T = 289K)  Etot = -129206.910eV
Step 4379:  Epot = -129895.973eV  Ekin = 689.525eV (T = 288K)  Etot = -129206.447eV
Step 4380:  Epot = -129899.567eV  Ekin = 692.560eV (T = 290K)  Etot = -129207.007eV
Step 4381:  Epot = -129902.435eV  Ekin = 695.155eV (T = 291K)  Etot = -129207.280eV
Step 4382:  Epot = -129900.492eV  Ekin = 693.471eV (T = 290K)  Etot = -129207.021eV
Step 4383:  Epot = -129896.769eV  Ekin = 690.248eV (T = 289K)  Etot = -129206.521eV
Step 4384:  Epot = -129897.563eV  Ekin = 691.151eV (T = 289K)  Etot = -129206.411eV
Step 4385:  Epot = -129901.259eV  Ekin = 694.513eV (T = 290K)  Etot = -129206.746eV
Step 4386:  Epot = -129902.261eV  Ekin = 695.581eV (T = 291K)  Etot = -129206.680eV
Step 4387:  Epot = -129899.239eV  Ekin = 692.748eV (T = 290K)  Etot = -129206.491eV
Step 4388:  Epot = -129896.633eV  Ekin = 690.352eV (T = 289K)  Etot = -129206.281eV
Step 4389:  Epot = -129898.079eV  Ekin = 691.687eV (T = 289K)  Etot = -129206.392eV
Step 4390:  Epot = -129900.013eV  Ekin = 693.464eV (T = 290K)  Etot = -129206.549eV
Step 4391:  Epot = -129898.123eV  Ekin = 691.951eV (T = 289K)  Etot = -129206.172eV
Step 4392:  Epot = -129893.906eV  Ekin = 688.530eV (T = 288K)  Etot = -129205.376eV
Step 4393:  Epot = -129893.655eV  Ekin = 688.289eV (T = 288K)  Etot = -129205.366eV
Step 4394:  Epot = -129897.032eV  Ekin = 691.222eV (T = 289K)  Etot = -129205.810eV
Step 4395:  Epot = -129899.238eV  Ekin = 693.123eV (T = 290K)  Etot = -129206.115eV
Step 4396:  Epot = -129897.614eV  Ekin = 692.180eV (T = 289K)  Etot = -129205.434eV
Step 4397:  Epot = -129895.305eV  Ekin = 690.052eV (T = 289K)  Etot = -129205.253eV
Step 4398:  Epot = -129895.826eV  Ekin = 690.376eV (T = 289K)  Etot = -129205.451eV
Step 4399:  Epot = -129897.792eV  Ekin = 692.284eV (T = 289K)  Etot = -129205.507eV
Step 4400:  Epot = -129896.545eV  Ekin = 691.447eV (T = 289K)  Etot = -129205.098eV
Step 4401:  Epot = -129892.081eV  Ekin = 687.591eV (T = 288K)  Etot = -129204.490eV
Step 4402:  Epot = -129890.765eV  Ekin = 686.221eV (T = 287K)  Etot = -129204.544eV
Step 4403:  Epot = -129894.556eV  Ekin = 689.647eV (T = 288K)  Etot = -129204.909eV
Step 4404:  Epot = -129898.029eV  Ekin = 692.804eV (T = 290K)  Etot = -129205.224eV
Step 4405:  Epot = -129898.248eV  Ekin = 693.252eV (T = 290K)  Etot = -129204.996eV
Step 4406:  Epot = -129897.132eV  Ekin = 692.237eV (T = 289K)  Etot = -129204.895eV
Step 4407:  Epot = -129897.122eV  Ekin = 692.589eV (T = 290K)  Etot = -129204.533eV
Step 4408:  Epot = -129898.097eV  Ekin = 693.563eV (T = 290K)  Etot = -129204.534eV
Step 4409:  Epot = -129896.957eV  Ekin = 692.098eV (T = 289K)  Etot = -129204.859eV
Step 4410:  Epot = -129892.689eV  Ekin = 687.984eV (T = 288K)  Etot = -129204.704eV
Step 4411:  Epot = -129889.876eV  Ekin = 685.277eV (T = 287K)  Etot = -129204.599eV
Step 4412:  Epot = -129890.884eV  Ekin = 685.867eV (T = 287K)  Etot = -129205.017eV
Step 4413:  Epot = -129892.871eV  Ekin = 687.408eV (T = 287K)  Etot = -129205.462eV
Step 4414:  Epot = -129893.924eV  Ekin = 688.324eV (T = 288K)  Etot = -129205.601eV
Step 4415:  Epot = -129894.435eV  Ekin = 689.316eV (T = 288K)  Etot = -129205.119eV
Step 4416:  Epot = -129894.442eV  Ekin = 689.976eV (T = 289K)  Etot = -129204.466eV
Step 4417:  Epot = -129895.686eV  Ekin = 691.071eV (T = 289K)  Etot = -129204.615eV
Step 4418:  Epot = -129896.788eV  Ekin = 691.997eV (T = 289K)  Etot = -129204.791eV
Step 4419:  Epot = -129894.962eV  Ekin = 690.629eV (T = 289K)  Etot = -129204.333eV
Step 4420:  Epot = -129892.929eV  Ekin = 689.181eV (T = 288K)  Etot = -129203.748eV
Step 4421:  Epot = -129893.898eV  Ekin = 690.114eV (T = 289K)  Etot = -129203.784eV
Step 4422:  Epot = -129895.889eV  Ekin = 691.879eV (T = 289K)  Etot = -129204.010eV
Step 4423:  Epot = -129897.828eV  Ekin = 693.389eV (T = 290K)  Etot = -129204.439eV
Step 4424:  Epot = -129899.360eV  Ekin = 694.766eV (T = 291K)  Etot = -129204.593eV
Step 4425:  Epot = -129899.771eV  Ekin = 695.402eV (T = 291K)  Etot = -129204.369eV
Step 4426:  Epot = -129900.673eV  Ekin = 696.281eV (T = 291K)  Etot = -129204.391eV
Step 4427:  Epot = -129902.381eV  Ekin = 697.839eV (T = 292K)  Etot = -129204.542eV
Step 4428:  Epot = -129901.518eV  Ekin = 696.822eV (T = 291K)  Etot = -129204.697eV
Step 4429:  Epot = -129898.522eV  Ekin = 693.915eV (T = 290K)  Etot = -129204.606eV
Step 4430:  Epot = -129897.511eV  Ekin = 692.979eV (T = 290K)  Etot = -129204.532eV
Step 4431:  Epot = -129898.140eV  Ekin = 693.684eV (T = 290K)  Etot = -129204.456eV
Step 4432:  Epot = -129899.287eV  Ekin = 694.807eV (T = 291K)  Etot = -129204.481eV
Step 4433:  Epot = -129899.091eV  Ekin = 694.331eV (T = 290K)  Etot = -129204.761eV
Step 4434:  Epot = -129897.603eV  Ekin = 692.884eV (T = 290K)  Etot = -129204.719eV
Step 4435:  Epot = -129897.463eV  Ekin = 692.583eV (T = 290K)  Etot = -129204.879eV
Step 4436:  Epot = -129899.915eV  Ekin = 694.378eV (T = 290K)  Etot = -129205.537eV
Step 4437:  Epot = -129900.786eV  Ekin = 694.707eV (T = 290K)  Etot = -129206.078eV
Step 4438:  Epot = -129898.226eV  Ekin = 692.503eV (T = 290K)  Etot = -129205.723eV
Step 4439:  Epot = -129895.422eV  Ekin = 689.725eV (T = 288K)  Etot = -129205.696eV
Step 4440:  Epot = -129895.024eV  Ekin = 689.502eV (T = 288K)  Etot = -129205.523eV
Step 4441:  Epot = -129897.181eV  Ekin = 690.936eV (T = 289K)  Etot = -129206.245eV
Step 4442:  Epot = -129898.482eV  Ekin = 691.695eV (T = 289K)  Etot = -129206.787eV
Step 4443:  Epot = -129896.871eV  Ekin = 690.333eV (T = 289K)  Etot = -129206.538eV
Step 4444:  Epot = -129895.659eV  Ekin = 689.018eV (T = 288K)  Etot = -129206.641eV
Step 4445:  Epot = -129898.360eV  Ekin = 691.488eV (T = 289K)  Etot = -129206.872eV
Step 4446:  Epot = -129901.596eV  Ekin = 694.563eV (T = 290K)  Etot = -129207.033eV
Step 4447:  Epot = -129900.394eV  Ekin = 694.031eV (T = 290K)  Etot = -129206.364eV
Step 4448:  Epot = -129897.219eV  Ekin = 691.080eV (T = 289K)  Etot = -129206.140eV
Step 4449:  Epot = -129896.746eV  Ekin = 691.160eV (T = 289K)  Etot = -129205.586eV
Step 4450:  Epot = -129899.512eV  Ekin = 693.215eV (T = 290K)  Etot = -129206.297eV
Step 4451:  Epot = -129901.003eV  Ekin = 694.776eV (T = 291K)  Etot = -129206.227eV
Step 4452:  Epot = -129898.561eV  Ekin = 692.520eV (T = 290K)  Etot = -129206.041eV
Step 4453:  Epot = -129895.258eV  Ekin = 689.828eV (T = 288K)  Etot = -129205.430eV
Step 4454:  Epot = -129896.952eV  Ekin = 691.905eV (T = 289K)  Etot = -129205.046eV
Step 4455:  Epot = -129900.928eV  Ekin = 695.419eV (T = 291K)  Etot = -129205.509eV
Step 4456:  Epot = -129900.324eV  Ekin = 694.897eV (T = 291K)  Etot = -129205.427eV
Step 4457:  Epot = -129897.416eV  Ekin = 692.451eV (T = 290K)  Etot = -129204.965eV
Step 4458:  Epot = -129896.402eV  Ekin = 691.613eV (T = 289K)  Etot = -129204.790eV
Step 4459:  Epot = -129897.797eV  Ekin = 692.973eV (T = 290K)  Etot = -129204.825eV
Step 4460:  Epot = -129898.645eV  Ekin = 694.041eV (T = 290K)  Etot = -129204.603eV
Step 4461:  Epot = -129895.704eV  Ekin = 690.930eV (T = 289K)  Etot = -129204.774eV
Step 4462:  Epot = -129891.104eV  Ekin = 686.594eV (T = 287K)  Etot = -129204.510eV
Step 4463:  Epot = -129891.599eV  Ekin = 686.944eV (T = 287K)  Etot = -129204.655eV
Step 4464:  Epot = -129896.461eV  Ekin = 691.168eV (T = 289K)  Etot = -129205.293eV
Step 4465:  Epot = -129897.235eV  Ekin = 691.757eV (T = 289K)  Etot = -129205.478eV
Step 4466:  Epot = -129893.932eV  Ekin = 689.261eV (T = 288K)  Etot = -129204.671eV
Step 4467:  Epot = -129892.276eV  Ekin = 687.639eV (T = 288K)  Etot = -129204.637eV
Step 4468:  Epot = -129894.145eV  Ekin = 688.939eV (T = 288K)  Etot = -129205.205eV
Step 4469:  Epot = -129896.333eV  Ekin = 690.850eV (T = 289K)  Etot = -129205.483eV
Step 4470:  Epot = -129895.073eV  Ekin = 689.067eV (T = 288K)  Etot = -129206.006eV
Step 4471:  Epot = -129890.641eV  Ekin = 685.175eV (T = 286K)  Etot = -129205.466eV
Step 4472:  Epot = -129889.655eV  Ekin = 684.491eV (T = 286K)  Etot = -129205.164eV
Step 4473:  Epot = -129894.872eV  Ekin = 688.919eV (T = 288K)  Etot = -129205.953eV
Step 4474:  Epot = -129897.405eV  Ekin = 691.381eV (T = 289K)  Etot = -129206.024eV
Step 4475:  Epot = -129894.807eV  Ekin = 689.116eV (T = 288K)  Etot = -129205.691eV
Step 4476:  Epot = -129893.824eV  Ekin = 688.264eV (T = 288K)  Etot = -129205.559eV
Step 4477:  Epot = -129896.579eV  Ekin = 690.829eV (T = 289K)  Etot = -129205.750eV
Step 4478:  Epot = -129899.475eV  Ekin = 693.470eV (T = 290K)  Etot = -129206.005eV
Step 4479:  Epot = -129898.675eV  Ekin = 693.091eV (T = 290K)  Etot = -129205.584eV
Step 4480:  Epot = -129894.386eV  Ekin = 688.893eV (T = 288K)  Etot = -129205.493eV
Step 4481:  Epot = -129892.104eV  Ekin = 686.804eV (T = 287K)  Etot = -129205.301eV
Step 4482:  Epot = -129896.089eV  Ekin = 690.218eV (T = 289K)  Etot = -129205.872eV
Step 4483:  Epot = -129899.417eV  Ekin = 692.638eV (T = 290K)  Etot = -129206.779eV
Step 4484:  Epot = -129896.566eV  Ekin = 689.862eV (T = 288K)  Etot = -129206.705eV
Step 4485:  Epot = -129894.025eV  Ekin = 687.717eV (T = 288K)  Etot = -129206.308eV
Step 4486:  Epot = -129896.302eV  Ekin = 689.815eV (T = 288K)  Etot = -129206.487eV
Step 4487:  Epot = -129900.216eV  Ekin = 693.599eV (T = 290K)  Etot = -129206.618eV
Step 4488:  Epot = -129900.086eV  Ekin = 693.325eV (T = 290K)  Etot = -129206.762eV
Step 4489:  Epot = -129894.930eV  Ekin = 688.268eV (T = 288K)  Etot = -129206.662eV
Step 4490:  Epot = -129891.394eV  Ekin = 684.896eV (T = 286K)  Etot = -129206.498eV
Step 4491:  Epot = -129894.263eV  Ekin = 687.004eV (T = 287K)  Etot = -129207.259eV
Step 4492:  Epot = -129897.720eV  Ekin = 690.105eV (T = 289K)  Etot = -129207.615eV
Step 4493:  Epot = -129895.337eV  Ekin = 688.429eV (T = 288K)  Etot = -129206.907eV
Step 4494:  Epot = -129892.649eV  Ekin = 686.309eV (T = 287K)  Etot = -129206.340eV
Step 4495:  Epot = -129895.559eV  Ekin = 689.391eV (T = 288K)  Etot = -129206.168eV
Step 4496:  Epot = -129900.105eV  Ekin = 693.456eV (T = 290K)  Etot = -129206.650eV
Step 4497:  Epot = -129900.352eV  Ekin = 693.233eV (T = 290K)  Etot = -129207.119eV
Step 4498:  Epot = -129896.280eV  Ekin = 689.194eV (T = 288K)  Etot = -129207.085eV
Step 4499:  Epot = -129894.103eV  Ekin = 686.931eV (T = 287K)  Etot = -129207.173eV
Step 4500:  Epot = -129896.651eV  Ekin = 689.099eV (T = 288K)  Etot = -129207.552eV
Step 4501:  Epot = -129898.355eV  Ekin = 690.497eV (T = 289K)  Etot = -129207.857eV
Step 4502:  Epot = -129895.571eV  Ekin = 688.259eV (T = 288K)  Etot = -129207.312eV
Step 4503:  Epot = -129893.214eV  Ekin = 686.158eV (T = 287K)  Etot = -129207.056eV
Step 4504:  Epot = -129895.847eV  Ekin = 688.881eV (T = 288K)  Etot = -129206.965eV
Step 4505:  Epot = -129900.822eV  Ekin = 693.350eV (T = 290K)  Etot = -129207.473eV
Step 4506:  Epot = -129901.687eV  Ekin = 693.907eV (T = 290K)  Etot = -129207.779eV
Step 4507:  Epot = -129897.965eV  Ekin = 691.287eV (T = 289K)  Etot = -129206.678eV
Step 4508:  Epot = -129895.912eV  Ekin = 689.462eV (T = 288K)  Etot = -129206.450eV
Step 4509:  Epot = -129898.902eV  Ekin = 692.466eV (T = 290K)  Etot = -129206.437eV
Step 4510:  Epot = -129901.295eV  Ekin = 694.636eV (T = 290K)  Etot = -129206.659eV
Step 4511:  Epot = -129898.509eV  Ekin = 692.474eV (T = 290K)  Etot = -129206.035eV
Step 4512:  Epot = -129895.296eV  Ekin = 689.128eV (T = 288K)  Etot = -129206.168eV
Step 4513:  Epot = -129896.845eV  Ekin = 690.261eV (T = 289K)  Etot = -129206.584eV
Step 4514:  Epot = -129901.466eV  Ekin = 694.491eV (T = 290K)  Etot = -129206.975eV
Step 4515:  Epot = -129902.629eV  Ekin = 695.829eV (T = 291K)  Etot = -129206.801eV
Step 4516:  Epot = -129899.006eV  Ekin = 692.966eV (T = 290K)  Etot = -129206.039eV
Step 4517:  Epot = -129896.722eV  Ekin = 691.091eV (T = 289K)  Etot = -129205.631eV
Step 4518:  Epot = -129898.887eV  Ekin = 692.687eV (T = 290K)  Etot = -129206.200eV
Step 4519:  Epot = -129900.357eV  Ekin = 693.963eV (T = 290K)  Etot = -129206.394eV
Step 4520:  Epot = -129897.464eV  Ekin = 691.134eV (T = 289K)  Etot = -129206.329eV
Step 4521:  Epot = -129893.806eV  Ekin = 687.857eV (T = 288K)  Etot = -129205.949eV
Step 4522:  Epot = -129893.697eV  Ekin = 687.149eV (T = 287K)  Etot = -129206.548eV
Step 4523:  Epot = -129896.535eV  Ekin = 689.592eV (T = 288K)  Etot = -129206.943eV
Step 4524:  Epot = -129897.247eV  Ekin = 689.984eV (T = 289K)  Etot = -129207.263eV
Step 4525:  Epot = -129894.280eV  Ekin = 687.416eV (T = 287K)  Etot = -129206.864eV
Step 4526:  Epot = -129892.238eV  Ekin = 685.796eV (T = 287K)  Etot = -129206.442eV
Step 4527:  Epot = -129894.332eV  Ekin = 687.686eV (T = 288K)  Etot = -129206.646eV
Step 4528:  Epot = -129896.103eV  Ekin = 689.240eV (T = 288K)  Etot = -129206.864eV
Step 4529:  Epot = -129893.227eV  Ekin = 686.754eV (T = 287K)  Etot = -129206.473eV
Step 4530:  Epot = -129889.279eV  Ekin = 682.781eV (T = 285K)  Etot = -129206.498eV
Step 4531:  Epot = -129889.635eV  Ekin = 682.766eV (T = 285K)  Etot = -129206.868eV
Step 4532:  Epot = -129893.109eV  Ekin = 685.679eV (T = 287K)  Etot = -129207.430eV
Step 4533:  Epot = -129894.202eV  Ekin = 686.538eV (T = 287K)  Etot = -129207.663eV
Step 4534:  Epot = -129891.560eV  Ekin = 684.595eV (T = 286K)  Etot = -129206.965eV
Step 4535:  Epot = -129889.874eV  Ekin = 683.474eV (T = 286K)  Etot = -129206.400eV
Step 4536:  Epot = -129893.418eV  Ekin = 687.021eV (T = 287K)  Etot = -129206.397eV
Step 4537:  Epot = -129897.392eV  Ekin = 690.426eV (T = 289K)  Etot = -129206.967eV
Step 4538:  Epot = -129896.371eV  Ekin = 689.757eV (T = 288K)  Etot = -129206.614eV
Step 4539:  Epot = -129894.193eV  Ekin = 687.715eV (T = 288K)  Etot = -129206.477eV
Step 4540:  Epot = -129896.350eV  Ekin = 689.792eV (T = 288K)  Etot = -129206.558eV
Step 4541:  Epot = -129900.266eV  Ekin = 693.657eV (T = 290K)  Etot = -129206.609eV
Step 4542:  Epot = -129901.820eV  Ekin = 695.040eV (T = 291K)  Etot = -129206.781eV
Step 4543:  Epot = -129900.225eV  Ekin = 693.594eV (T = 290K)  Etot = -129206.631eV
Step 4544:  Epot = -129897.842eV  Ekin = 691.316eV (T = 289K)  Etot = -129206.526eV
Step 4545:  Epot = -129899.487eV  Ekin = 693.128eV (T = 290K)  Etot = -129206.359eV
Step 4546:  Epot = -129902.309eV  Ekin = 695.128eV (T = 291K)  Etot = -129207.181eV
Step 4547:  Epot = -129900.339eV  Ekin = 693.793eV (T = 290K)  Etot = -129206.547eV
Step 4548:  Epot = -129895.911eV  Ekin = 690.443eV (T = 289K)  Etot = -129205.467eV
Step 4549:  Epot = -129895.158eV  Ekin = 689.789eV (T = 288K)  Etot = -129205.369eV
Step 4550:  Epot = -129897.081eV  Ekin = 691.766eV (T = 289K)  Etot = -129205.315eV
Step 4551:  Epot = -129897.466eV  Ekin = 692.346eV (T = 289K)  Etot = -129205.120eV
Step 4552:  Epot = -129895.218eV  Ekin = 690.549eV (T = 289K)  Etot = -129204.668eV
Step 4553:  Epot = -129891.725eV  Ekin = 687.426eV (T = 287K)  Etot = -129204.299eV
Step 4554:  Epot = -129892.366eV  Ekin = 688.194eV (T = 288K)  Etot = -129204.172eV
Step 4555:  Epot = -129895.648eV  Ekin = 690.890eV (T = 289K)  Etot = -129204.758eV
Step 4556:  Epot = -129895.508eV  Ekin = 690.575eV (T = 289K)  Etot = -129204.933eV
Step 4557:  Epot = -129892.146eV  Ekin = 687.884eV (T = 288K)  Etot = -129204.262eV
Step 4558:  Epot = -129891.917eV  Ekin = 687.898eV (T = 288K)  Etot = -129204.019eV
Step 4559:  Epot = -129895.056eV  Ekin = 690.731eV (T = 289K)  Etot = -129204.325eV
Step 4560:  Epot = -129896.476eV  Ekin = 692.508eV (T = 290K)  Etot = -129203.968eV
Step 4561:  Epot = -129895.144eV  Ekin = 691.606eV (T = 289K)  Etot = -129203.538eV
Step 4562:  Epot = -129892.679eV  Ekin = 688.918eV (T = 288K)  Etot = -129203.761eV
Step 4563:  Epot = -129893.081eV  Ekin = 689.474eV (T = 288K)  Etot = -129203.606eV
Step 4564:  Epot = -129896.301eV  Ekin = 692.276eV (T = 289K)  Etot = -129204.025eV
Step 4565:  Epot = -129897.555eV  Ekin = 693.331eV (T = 290K)  Etot = -129204.224eV
Step 4566:  Epot = -129895.839eV  Ekin = 691.543eV (T = 289K)  Etot = -129204.296eV
Step 4567:  Epot = -129895.277eV  Ekin = 690.887eV (T = 289K)  Etot = -129204.390eV
Step 4568:  Epot = -129897.342eV  Ekin = 692.853eV (T = 290K)  Etot = -129204.489eV
Step 4569:  Epot = -129898.430eV  Ekin = 693.673eV (T = 290K)  Etot = -129204.756eV
Step 4570:  Epot = -129897.485eV  Ekin = 692.504eV (T = 290K)  Etot = -129204.981eV
Step 4571:  Epot = -129895.370eV  Ekin = 690.405eV (T = 289K)  Etot = -129204.965eV
Step 4572:  Epot = -129894.890eV  Ekin = 689.902eV (T = 288K)  Etot = -129204.989eV
Step 4573:  Epot = -129896.061eV  Ekin = 691.476eV (T = 289K)  Etot = -129204.586eV
Step 4574:  Epot = -129896.082eV  Ekin = 691.247eV (T = 289K)  Etot = -129204.834eV
Step 4575:  Epot = -129894.088eV  Ekin = 689.717eV (T = 288K)  Etot = -129204.371eV
Step 4576:  Epot = -129893.058eV  Ekin = 689.159eV (T = 288K)  Etot = -129203.899eV
Step 4577:  Epot = -129894.159eV  Ekin = 690.208eV (T = 289K)  Etot = -129203.951eV
Step 4578:  Epot = -129894.382eV  Ekin = 690.776eV (T = 289K)  Etot = -129203.607eV
Step 4579:  Epot = -129893.527eV  Ekin = 689.907eV (T = 288K)  Etot = -129203.620eV
Step 4580:  Epot = -129892.404eV  Ekin = 688.873eV (T = 288K)  Etot = -129203.531eV
Step 4581:  Epot = -129892.201eV  Ekin = 688.355eV (T = 288K)  Etot = -129203.846eV
Step 4582:  Epot = -129892.379eV  Ekin = 688.447eV (T = 288K)  Etot = -129203.931eV
Step 4583:  Epot = -129891.129eV  Ekin = 687.244eV (T = 287K)  Etot = -129203.886eV
Step 4584:  Epot = -129888.934eV  Ekin = 685.563eV (T = 287K)  Etot = -129203.372eV
Step 4585:  Epot = -129888.852eV  Ekin = 685.838eV (T = 287K)  Etot = -129203.014eV
Step 4586:  Epot = -129890.739eV  Ekin = 687.646eV (T = 288K)  Etot = -129203.093eV
Step 4587:  Epot = -129890.608eV  Ekin = 687.690eV (T = 288K)  Etot = -129202.917eV
Step 4588:  Epot = -129889.311eV  Ekin = 687.119eV (T = 287K)  Etot = -129202.192eV
Step 4589:  Epot = -129889.086eV  Ekin = 687.275eV (T = 287K)  Etot = -129201.810eV
Step 4590:  Epot = -129890.249eV  Ekin = 688.336eV (T = 288K)  Etot = -129201.913eV
Step 4591:  Epot = -129890.794eV  Ekin = 688.852eV (T = 288K)  Etot = -129201.942eV
Step 4592:  Epot = -129888.921eV  Ekin = 687.172eV (T = 287K)  Etot = -129201.749eV
Step 4593:  Epot = -129887.205eV  Ekin = 685.615eV (T = 287K)  Etot = -129201.590eV
Step 4594:  Epot = -129888.905eV  Ekin = 687.199eV (T = 287K)  Etot = -129201.706eV
Step 4595:  Epot = -129892.105eV  Ekin = 689.969eV (T = 289K)  Etot = -129202.136eV
Step 4596:  Epot = -129892.383eV  Ekin = 690.521eV (T = 289K)  Etot = -129201.862eV
Step 4597:  Epot = -129891.505eV  Ekin = 689.402eV (T = 288K)  Etot = -129202.103eV
Step 4598:  Epot = -129892.871eV  Ekin = 690.675eV (T = 289K)  Etot = -129202.196eV
Step 4599:  Epot = -129895.662eV  Ekin = 693.387eV (T = 290K)  Etot = -129202.274eV
Step 4600:  Epot = -129897.039eV  Ekin = 694.802eV (T = 291K)  Etot = -129202.237eV
Step 4601:  Epot = -129895.296eV  Ekin = 693.094eV (T = 290K)  Etot = -129202.202eV
Step 4602:  Epot = -129892.929eV  Ekin = 691.199eV (T = 289K)  Etot = -129201.731eV
Step 4603:  Epot = -129893.483eV  Ekin = 691.733eV (T = 289K)  Etot = -129201.751eV
Step 4604:  Epot = -129895.658eV  Ekin = 693.124eV (T = 290K)  Etot = -129202.534eV
Step 4605:  Epot = -129895.461eV  Ekin = 692.832eV (T = 290K)  Etot = -129202.629eV
Step 4606:  Epot = -129893.943eV  Ekin = 691.308eV (T = 289K)  Etot = -129202.636eV
Step 4607:  Epot = -129894.263eV  Ekin = 691.441eV (T = 289K)  Etot = -129202.821eV
Step 4608:  Epot = -129896.017eV  Ekin = 692.581eV (T = 290K)  Etot = -129203.436eV
Step 4609:  Epot = -129897.194eV  Ekin = 693.635eV (T = 290K)  Etot = -129203.559eV
Step 4610:  Epot = -129895.437eV  Ekin = 692.608eV (T = 290K)  Etot = -129202.830eV
Step 4611:  Epot = -129892.333eV  Ekin = 689.847eV (T = 288K)  Etot = -129202.486eV
Step 4612:  Epot = -129891.352eV  Ekin = 688.678eV (T = 288K)  Etot = -129202.674eV
Step 4613:  Epot = -129892.298eV  Ekin = 689.864eV (T = 288K)  Etot = -129202.434eV
Step 4614:  Epot = -129891.485eV  Ekin = 689.597eV (T = 288K)  Etot = -129201.888eV
Step 4615:  Epot = -129889.779eV  Ekin = 688.608eV (T = 288K)  Etot = -129201.171eV
Step 4616:  Epot = -129889.830eV  Ekin = 688.892eV (T = 288K)  Etot = -129200.938eV
Step 4617:  Epot = -129891.018eV  Ekin = 689.983eV (T = 289K)  Etot = -129201.035eV
Step 4618:  Epot = -129892.095eV  Ekin = 691.092eV (T = 289K)  Etot = -129201.003eV
Step 4619:  Epot = -129891.704eV  Ekin = 691.454eV (T = 289K)  Etot = -129200.251eV
Step 4620:  Epot = -129889.862eV  Ekin = 689.799eV (T = 288K)  Etot = -129200.062eV
Step 4621:  Epot = -129889.459eV  Ekin = 689.357eV (T = 288K)  Etot = -129200.102eV
Step 4622:  Epot = -129890.057eV  Ekin = 690.054eV (T = 289K)  Etot = -129200.004eV
Step 4623:  Epot = -129889.672eV  Ekin = 689.617eV (T = 288K)  Etot = -129200.056eV
Step 4624:  Epot = -129888.305eV  Ekin = 688.199eV (T = 288K)  Etot = -129200.105eV
Step 4625:  Epot = -129888.423eV  Ekin = 688.299eV (T = 288K)  Etot = -129200.124eV
Step 4626:  Epot = -129889.780eV  Ekin = 690.455eV (T = 289K)  Etot = -129199.325eV
Step 4627:  Epot = -129890.768eV  Ekin = 691.071eV (T = 289K)  Etot = -129199.697eV
Step 4628:  Epot = -129891.093eV  Ekin = 691.396eV (T = 289K)  Etot = -129199.697eV
Step 4629:  Epot = -129890.169eV  Ekin = 690.027eV (T = 289K)  Etot = -129200.142eV
Step 4630:  Epot = -129889.997eV  Ekin = 689.987eV (T = 289K)  Etot = -129200.009eV
Step 4631:  Epot = -129890.625eV  Ekin = 690.506eV (T = 289K)  Etot = -129200.119eV
Step 4632:  Epot = -129889.438eV  Ekin = 689.190eV (T = 288K)  Etot = -129200.248eV
Step 4633:  Epot = -129887.431eV  Ekin = 687.774eV (T = 288K)  Etot = -129199.657eV
Step 4634:  Epot = -129887.049eV  Ekin = 687.428eV (T = 287K)  Etot = -129199.621eV
Step 4635:  Epot = -129888.134eV  Ekin = 688.279eV (T = 288K)  Etot = -129199.855eV
Step 4636:  Epot = -129888.863eV  Ekin = 688.690eV (T = 288K)  Etot = -129200.173eV
Step 4637:  Epot = -129888.892eV  Ekin = 688.538eV (T = 288K)  Etot = -129200.355eV
Step 4638:  Epot = -129888.457eV  Ekin = 688.096eV (T = 288K)  Etot = -129200.360eV
Step 4639:  Epot = -129889.604eV  Ekin = 689.310eV (T = 288K)  Etot = -129200.294eV
Step 4640:  Epot = -129891.631eV  Ekin = 690.867eV (T = 289K)  Etot = -129200.765eV
Step 4641:  Epot = -129891.146eV  Ekin = 690.730eV (T = 289K)  Etot = -129200.416eV
Step 4642:  Epot = -129889.641eV  Ekin = 690.191eV (T = 289K)  Etot = -129199.449eV
Step 4643:  Epot = -129889.711eV  Ekin = 690.316eV (T = 289K)  Etot = -129199.395eV
Step 4644:  Epot = -129891.336eV  Ekin = 691.465eV (T = 289K)  Etot = -129199.871eV
Step 4645:  Epot = -129892.227eV  Ekin = 692.294eV (T = 289K)  Etot = -129199.933eV
Step 4646:  Epot = -129892.158eV  Ekin = 692.254eV (T = 289K)  Etot = -129199.905eV
Step 4647:  Epot = -129891.733eV  Ekin = 692.102eV (T = 289K)  Etot = -129199.630eV
Step 4648:  Epot = -129892.181eV  Ekin = 692.503eV (T = 290K)  Etot = -129199.678eV
Step 4649:  Epot = -129894.029eV  Ekin = 694.352eV (T = 290K)  Etot = -129199.677eV
Step 4650:  Epot = -129894.831eV  Ekin = 695.232eV (T = 291K)  Etot = -129199.599eV
Step 4651:  Epot = -129893.732eV  Ekin = 694.571eV (T = 290K)  Etot = -129199.161eV
Step 4652:  Epot = -129893.006eV  Ekin = 693.749eV (T = 290K)  Etot = -129199.257eV
Step 4653:  Epot = -129893.466eV  Ekin = 694.588eV (T = 290K)  Etot = -129198.878eV
Step 4654:  Epot = -129893.171eV  Ekin = 693.704eV (T = 290K)  Etot = -129199.467eV
Step 4655:  Epot = -129890.915eV  Ekin = 691.254eV (T = 289K)  Etot = -129199.661eV
Step 4656:  Epot = -129888.013eV  Ekin = 688.990eV (T = 288K)  Etot = -129199.023eV
Step 4657:  Epot = -129886.366eV  Ekin = 687.389eV (T = 287K)  Etot = -129198.976eV
Step 4658:  Epot = -129886.908eV  Ekin = 687.929eV (T = 288K)  Etot = -129198.979eV
Step 4659:  Epot = -129887.910eV  Ekin = 688.969eV (T = 288K)  Etot = -129198.941eV
Step 4660:  Epot = -129887.516eV  Ekin = 688.968eV (T = 288K)  Etot = -129198.549eV
Step 4661:  Epot = -129887.372eV  Ekin = 688.506eV (T = 288K)  Etot = -129198.866eV
Step 4662:  Epot = -129888.776eV  Ekin = 689.682eV (T = 288K)  Etot = -129199.093eV
Step 4663:  Epot = -129890.076eV  Ekin = 691.050eV (T = 289K)  Etot = -129199.026eV
Step 4664:  Epot = -129888.969eV  Ekin = 689.865eV (T = 288K)  Etot = -129199.103eV
Step 4665:  Epot = -129886.872eV  Ekin = 687.559eV (T = 287K)  Etot = -129199.313eV
Step 4666:  Epot = -129885.337eV  Ekin = 686.351eV (T = 287K)  Etot = -129198.986eV
Step 4667:  Epot = -129884.817eV  Ekin = 685.772eV (T = 287K)  Etot = -129199.045eV
Step 4668:  Epot = -129886.302eV  Ekin = 687.099eV (T = 287K)  Etot = -129199.203eV
Step 4669:  Epot = -129887.852eV  Ekin = 688.394eV (T = 288K)  Etot = -129199.458eV
Step 4670:  Epot = -129888.136eV  Ekin = 688.828eV (T = 288K)  Etot = -129199.307eV
Step 4671:  Epot = -129889.452eV  Ekin = 689.761eV (T = 288K)  Etot = -129199.691eV
Step 4672:  Epot = -129891.351eV  Ekin = 691.548eV (T = 289K)  Etot = -129199.803eV
Step 4673:  Epot = -129891.517eV  Ekin = 692.218eV (T = 289K)  Etot = -129199.299eV
Step 4674:  Epot = -129890.396eV  Ekin = 691.307eV (T = 289K)  Etot = -129199.089eV
Step 4675:  Epot = -129888.703eV  Ekin = 689.663eV (T = 288K)  Etot = -129199.040eV
Step 4676:  Epot = -129886.551eV  Ekin = 687.746eV (T = 288K)  Etot = -129198.805eV
Step 4677:  Epot = -129886.647eV  Ekin = 687.379eV (T = 287K)  Etot = -129199.268eV
Step 4678:  Epot = -129888.068eV  Ekin = 688.769eV (T = 288K)  Etot = -129199.299eV
Step 4679:  Epot = -129888.414eV  Ekin = 689.250eV (T = 288K)  Etot = -129199.165eV
Step 4680:  Epot = -129888.954eV  Ekin = 690.052eV (T = 289K)  Etot = -129198.901eV
Step 4681:  Epot = -129890.452eV  Ekin = 692.091eV (T = 289K)  Etot = -129198.362eV
Step 4682:  Epot = -129891.919eV  Ekin = 693.582eV (T = 290K)  Etot = -129198.336eV
Step 4683:  Epot = -129892.111eV  Ekin = 693.719eV (T = 290K)  Etot = -129198.392eV
Step 4684:  Epot = -129890.066eV  Ekin = 691.592eV (T = 289K)  Etot = -129198.475eV
Step 4685:  Epot = -129886.945eV  Ekin = 688.416eV (T = 288K)  Etot = -129198.529eV
Step 4686:  Epot = -129886.900eV  Ekin = 688.322eV (T = 288K)  Etot = -129198.579eV
Step 4687:  Epot = -129890.347eV  Ekin = 691.398eV (T = 289K)  Etot = -129198.949eV
Step 4688:  Epot = -129892.557eV  Ekin = 693.431eV (T = 290K)  Etot = -129199.126eV
Step 4689:  Epot = -129892.540eV  Ekin = 693.691eV (T = 290K)  Etot = -129198.849eV
Step 4690:  Epot = -129892.923eV  Ekin = 694.245eV (T = 290K)  Etot = -129198.678eV
Step 4691:  Epot = -129895.230eV  Ekin = 696.595eV (T = 291K)  Etot = -129198.635eV
Step 4692:  Epot = -129897.167eV  Ekin = 698.472eV (T = 292K)  Etot = -129198.696eV
Step 4693:  Epot = -129895.314eV  Ekin = 696.301eV (T = 291K)  Etot = -129199.012eV
Step 4694:  Epot = -129890.858eV  Ekin = 692.198eV (T = 289K)  Etot = -129198.660eV
Step 4695:  Epot = -129889.192eV  Ekin = 690.900eV (T = 289K)  Etot = -129198.292eV
Step 4696:  Epot = -129891.529eV  Ekin = 692.655eV (T = 290K)  Etot = -129198.874eV
Step 4697:  Epot = -129892.610eV  Ekin = 693.758eV (T = 290K)  Etot = -129198.852eV
Step 4698:  Epot = -129890.495eV  Ekin = 691.934eV (T = 289K)  Etot = -129198.560eV
Step 4699:  Epot = -129889.166eV  Ekin = 690.796eV (T = 289K)  Etot = -129198.370eV
Step 4700:  Epot = -129891.239eV  Ekin = 692.744eV (T = 290K)  Etot = -129198.496eV
Step 4701:  Epot = -129893.854eV  Ekin = 694.514eV (T = 290K)  Etot = -129199.340eV
Step 4702:  Epot = -129891.659eV  Ekin = 692.087eV (T = 289K)  Etot = -129199.572eV
Step 4703:  Epot = -129886.472eV  Ekin = 687.771eV (T = 288K)  Etot = -129198.701eV
Step 4704:  Epot = -129884.476eV  Ekin = 686.518eV (T = 287K)  Etot = -129197.958eV
Step 4705:  Epot = -129887.403eV  Ekin = 689.041eV (T = 288K)  Etot = -129198.363eV
Step 4706:  Epot = -129889.777eV  Ekin = 691.146eV (T = 289K)  Etot = -129198.630eV
Step 4707:  Epot = -129888.702eV  Ekin = 690.646eV (T = 289K)  Etot = -129198.055eV
Step 4708:  Epot = -129887.585eV  Ekin = 689.583eV (T = 288K)  Etot = -129198.002eV
Step 4709:  Epot = -129890.266eV  Ekin = 691.827eV (T = 289K)  Etot = -129198.439eV
Step 4710:  Epot = -129894.954eV  Ekin = 696.170eV (T = 291K)  Etot = -129198.785eV
Step 4711:  Epot = -129895.547eV  Ekin = 697.055eV (T = 291K)  Etot = -129198.493eV
Step 4712:  Epot = -129892.010eV  Ekin = 694.029eV (T = 290K)  Etot = -129197.982eV
Step 4713:  Epot = -129889.745eV  Ekin = 692.146eV (T = 289K)  Etot = -129197.599eV
Step 4714:  Epot = -129891.860eV  Ekin = 694.090eV (T = 290K)  Etot = -129197.770eV
Step 4715:  Epot = -129894.974eV  Ekin = 696.985eV (T = 291K)  Etot = -129197.988eV
Step 4716:  Epot = -129894.689eV  Ekin = 697.344eV (T = 292K)  Etot = -129197.345eV
Step 4717:  Epot = -129892.698eV  Ekin = 695.952eV (T = 291K)  Etot = -129196.745eV
Step 4718:  Epot = -129894.059eV  Ekin = 696.874eV (T = 291K)  Etot = -129197.185eV
Step 4719:  Epot = -129898.150eV  Ekin = 700.407eV (T = 293K)  Etot = -129197.744eV
Step 4720:  Epot = -129898.370eV  Ekin = 700.371eV (T = 293K)  Etot = -129198.000eV
Step 4721:  Epot = -129893.501eV  Ekin = 696.233eV (T = 291K)  Etot = -129197.268eV
Step 4722:  Epot = -129888.865eV  Ekin = 692.667eV (T = 290K)  Etot = -129196.198eV
Step 4723:  Epot = -129889.851eV  Ekin = 693.356eV (T = 290K)  Etot = -129196.496eV
Step 4724:  Epot = -129893.413eV  Ekin = 696.829eV (T = 291K)  Etot = -129196.584eV
Step 4725:  Epot = -129892.746eV  Ekin = 696.495eV (T = 291K)  Etot = -129196.251eV
Step 4726:  Epot = -129888.212eV  Ekin = 692.035eV (T = 289K)  Etot = -129196.176eV
Step 4727:  Epot = -129886.766eV  Ekin = 690.638eV (T = 289K)  Etot = -129196.128eV
Step 4728:  Epot = -129890.816eV  Ekin = 694.429eV (T = 290K)  Etot = -129196.388eV
Step 4729:  Epot = -129893.120eV  Ekin = 696.973eV (T = 291K)  Etot = -129196.147eV
Step 4730:  Epot = -129889.949eV  Ekin = 694.192eV (T = 290K)  Etot = -129195.757eV
Step 4731:  Epot = -129885.575eV  Ekin = 690.610eV (T = 289K)  Etot = -129194.965eV
Step 4732:  Epot = -129886.413eV  Ekin = 691.358eV (T = 289K)  Etot = -129195.055eV
Step 4733:  Epot = -129890.620eV  Ekin = 694.811eV (T = 291K)  Etot = -129195.808eV
Step 4734:  Epot = -129892.164eV  Ekin = 696.403eV (T = 291K)  Etot = -129195.760eV
Step 4735:  Epot = -129889.511eV  Ekin = 694.103eV (T = 290K)  Etot = -129195.408eV
Step 4736:  Epot = -129888.007eV  Ekin = 692.506eV (T = 290K)  Etot = -129195.501eV
Step 4737:  Epot = -129891.482eV  Ekin = 696.029eV (T = 291K)  Etot = -129195.452eV
Step 4738:  Epot = -129894.711eV  Ekin = 698.862eV (T = 292K)  Etot = -129195.849eV
Step 4739:  Epot = -129892.385eV  Ekin = 696.974eV (T = 291K)  Etot = -129195.411eV
Step 4740:  Epot = -129888.115eV  Ekin = 693.031eV (T = 290K)  Etot = -129195.084eV
Step 4741:  Epot = -129888.713eV  Ekin = 694.027eV (T = 290K)  Etot = -129194.686eV
Step 4742:  Epot = -129893.044eV  Ekin = 697.714eV (T = 292K)  Etot = -129195.330eV
Step 4743:  Epot = -129895.126eV  Ekin = 699.167eV (T = 292K)  Etot = -129195.959eV
Step 4744:  Epot = -129893.350eV  Ekin = 697.522eV (T = 292K)  Etot = -129195.828eV
Step 4745:  Epot = -129892.034eV  Ekin = 696.452eV (T = 291K)  Etot = -129195.582eV
Step 4746:  Epot = -129895.007eV  Ekin = 699.033eV (T = 292K)  Etot = -129195.974eV
Step 4747:  Epot = -129898.298eV  Ekin = 701.808eV (T = 293K)  Etot = -129196.491eV
Step 4748:  Epot = -129895.803eV  Ekin = 699.449eV (T = 292K)  Etot = -129196.355eV
Step 4749:  Epot = -129891.248eV  Ekin = 695.751eV (T = 291K)  Etot = -129195.497eV
Step 4750:  Epot = -129890.908eV  Ekin = 695.290eV (T = 291K)  Etot = -129195.618eV
Step 4751:  Epot = -129893.629eV  Ekin = 697.461eV (T = 292K)  Etot = -129196.168eV
Step 4752:  Epot = -129894.485eV  Ekin = 698.291eV (T = 292K)  Etot = -129196.194eV
Step 4753:  Epot = -129892.471eV  Ekin = 696.287eV (T = 291K)  Etot = -129196.185eV
Step 4754:  Epot = -129891.000eV  Ekin = 694.812eV (T = 291K)  Etot = -129196.189eV
Step 4755:  Epot = -129892.905eV  Ekin = 696.686eV (T = 291K)  Etot = -129196.219eV
Step 4756:  Epot = -129895.009eV  Ekin = 698.264eV (T = 292K)  Etot = -129196.745eV
Step 4757:  Epot = -129892.395eV  Ekin = 695.654eV (T = 291K)  Etot = -129196.741eV
Step 4758:  Epot = -129887.599eV  Ekin = 690.988eV (T = 289K)  Etot = -129196.611eV
Step 4759:  Epot = -129885.577eV  Ekin = 688.505eV (T = 288K)  Etot = -129197.072eV
Step 4760:  Epot = -129886.874eV  Ekin = 689.629eV (T = 288K)  Etot = -129197.245eV
Step 4761:  Epot = -129888.423eV  Ekin = 691.235eV (T = 289K)  Etot = -129197.189eV
Step 4762:  Epot = -129888.540eV  Ekin = 691.508eV (T = 289K)  Etot = -129197.032eV
Step 4763:  Epot = -129888.769eV  Ekin = 691.773eV (T = 289K)  Etot = -129196.995eV
Step 4764:  Epot = -129890.745eV  Ekin = 694.103eV (T = 290K)  Etot = -129196.642eV
Step 4765:  Epot = -129892.525eV  Ekin = 695.710eV (T = 291K)  Etot = -129196.816eV
Step 4766:  Epot = -129891.160eV  Ekin = 694.132eV (T = 290K)  Etot = -129197.028eV
Step 4767:  Epot = -129889.061eV  Ekin = 692.661eV (T = 290K)  Etot = -129196.400eV
Step 4768:  Epot = -129888.973eV  Ekin = 692.836eV (T = 290K)  Etot = -129196.138eV
Step 4769:  Epot = -129889.645eV  Ekin = 693.795eV (T = 290K)  Etot = -129195.849eV
Step 4770:  Epot = -129889.135eV  Ekin = 693.427eV (T = 290K)  Etot = -129195.708eV
Step 4771:  Epot = -129888.214eV  Ekin = 692.508eV (T = 290K)  Etot = -129195.706eV
Step 4772:  Epot = -129888.669eV  Ekin = 692.650eV (T = 290K)  Etot = -129196.019eV
Step 4773:  Epot = -129891.384eV  Ekin = 695.113eV (T = 291K)  Etot = -129196.271eV
Step 4774:  Epot = -129893.993eV  Ekin = 697.758eV (T = 292K)  Etot = -129196.235eV
Step 4775:  Epot = -129892.310eV  Ekin = 696.366eV (T = 291K)  Etot = -129195.944eV
Step 4776:  Epot = -129889.862eV  Ekin = 694.055eV (T = 290K)  Etot = -129195.808eV
Step 4777:  Epot = -129889.778eV  Ekin = 693.719eV (T = 290K)  Etot = -129196.059eV
Step 4778:  Epot = -129889.482eV  Ekin = 693.690eV (T = 290K)  Etot = -129195.792eV
Step 4779:  Epot = -129888.332eV  Ekin = 692.183eV (T = 289K)  Etot = -129196.149eV
Step 4780:  Epot = -129887.337eV  Ekin = 691.673eV (T = 289K)  Etot = -129195.664eV
Step 4781:  Epot = -129888.384eV  Ekin = 692.554eV (T = 290K)  Etot = -129195.830eV
Step 4782:  Epot = -129891.019eV  Ekin = 695.140eV (T = 291K)  Etot = -129195.879eV
Step 4783:  Epot = -129893.370eV  Ekin = 697.611eV (T = 292K)  Etot = -129195.758eV
Step 4784:  Epot = -129891.931eV  Ekin = 696.354eV (T = 291K)  Etot = -129195.577eV
Step 4785:  Epot = -129889.473eV  Ekin = 693.950eV (T = 290K)  Etot = -129195.523eV
Step 4786:  Epot = -129889.493eV  Ekin = 693.423eV (T = 290K)  Etot = -129196.070eV
Step 4787:  Epot = -129889.496eV  Ekin = 693.070eV (T = 290K)  Etot = -129196.426eV
Step 4788:  Epot = -129888.089eV  Ekin = 691.425eV (T = 289K)  Etot = -129196.664eV
Step 4789:  Epot = -129885.948eV  Ekin = 689.265eV (T = 288K)  Etot = -129196.683eV
Step 4790:  Epot = -129886.001eV  Ekin = 689.638eV (T = 288K)  Etot = -129196.363eV
Step 4791:  Epot = -129888.890eV  Ekin = 692.693eV (T = 290K)  Etot = -129196.197eV
Step 4792:  Epot = -129891.814eV  Ekin = 695.112eV (T = 291K)  Etot = -129196.703eV
Step 4793:  Epot = -129890.778eV  Ekin = 694.405eV (T = 290K)  Etot = -129196.374eV
Step 4794:  Epot = -129888.277eV  Ekin = 691.932eV (T = 289K)  Etot = -129196.345eV
Step 4795:  Epot = -129889.066eV  Ekin = 692.689eV (T = 290K)  Etot = -129196.376eV
Step 4796:  Epot = -129890.423eV  Ekin = 693.919eV (T = 290K)  Etot = -129196.503eV
Step 4797:  Epot = -129889.196eV  Ekin = 693.100eV (T = 290K)  Etot = -129196.096eV
Step 4798:  Epot = -129886.303eV  Ekin = 690.205eV (T = 289K)  Etot = -129196.098eV
Step 4799:  Epot = -129885.473eV  Ekin = 689.726eV (T = 288K)  Etot = -129195.746eV
Step 4800:  Epot = -129888.217eV  Ekin = 692.255eV (T = 289K)  Etot = -129195.961eV
Pre-equilibration with 0.1 eV/A² for 1200 steps
Step 4801:  Epot = -129891.902eV  Ekin = 695.017eV (T = 291K)  Etot = -129196.884eV
Step 4802:  Epot = -129891.180eV  Ekin = 694.623eV (T = 290K)  Etot = -129196.557eV
Step 4803:  Epot = -129888.160eV  Ekin = 692.509eV (T = 290K)  Etot = -129195.651eV
Step 4804:  Epot = -129889.135eV  Ekin = 693.466eV (T = 290K)  Etot = -129195.669eV
Step 4805:  Epot = -129892.511eV  Ekin = 696.932eV (T = 291K)  Etot = -129195.579eV
Step 4806:  Epot = -129892.873eV  Ekin = 697.459eV (T = 292K)  Etot = -129195.414eV
Step 4807:  Epot = -129889.703eV  Ekin = 694.666eV (T = 290K)  Etot = -129195.037eV
Step 4808:  Epot = -129887.078eV  Ekin = 692.853eV (T = 290K)  Etot = -129194.224eV
Step 4809:  Epot = -129889.089eV  Ekin = 694.870eV (T = 291K)  Etot = -129194.219eV
Step 4810:  Epot = -129893.595eV  Ekin = 699.298eV (T = 292K)  Etot = -129194.297eV
Step 4811:  Epot = -129894.197eV  Ekin = 699.538eV (T = 293K)  Etot = -129194.659eV
Step 4812:  Epot = -129890.917eV  Ekin = 696.809eV (T = 291K)  Etot = -129194.108eV
Step 4813:  Epot = -129890.717eV  Ekin = 696.928eV (T = 291K)  Etot = -129193.789eV
Step 4814:  Epot = -129894.093eV  Ekin = 699.792eV (T = 293K)  Etot = -129194.301eV
Step 4815:  Epot = -129895.780eV  Ekin = 701.701eV (T = 293K)  Etot = -129194.079eV
Step 4816:  Epot = -129893.851eV  Ekin = 700.391eV (T = 293K)  Etot = -129193.460eV
Step 4817:  Epot = -129890.693eV  Ekin = 698.143eV (T = 292K)  Etot = -129192.550eV
Step 4818:  Epot = -129891.079eV  Ekin = 698.737eV (T = 292K)  Etot = -129192.342eV
Step 4819:  Epot = -129894.696eV  Ekin = 701.687eV (T = 293K)  Etot = -129193.008eV
Step 4820:  Epot = -129895.606eV  Ekin = 702.102eV (T = 294K)  Etot = -129193.504eV
Step 4821:  Epot = -129891.237eV  Ekin = 698.135eV (T = 292K)  Etot = -129193.102eV
Step 4822:  Epot = -129888.528eV  Ekin = 695.800eV (T = 291K)  Etot = -129192.728eV
Step 4823:  Epot = -129889.937eV  Ekin = 697.325eV (T = 292K)  Etot = -129192.612eV
Step 4824:  Epot = -129891.751eV  Ekin = 698.695eV (T = 292K)  Etot = -129193.056eV
Step 4825:  Epot = -129890.854eV  Ekin = 697.860eV (T = 292K)  Etot = -129192.995eV
Step 4826:  Epot = -129886.903eV  Ekin = 693.996eV (T = 290K)  Etot = -129192.907eV
Step 4827:  Epot = -129884.660eV  Ekin = 691.842eV (T = 289K)  Etot = -129192.819eV
Step 4828:  Epot = -129886.590eV  Ekin = 693.641eV (T = 290K)  Etot = -129192.949eV
Step 4829:  Epot = -129887.729eV  Ekin = 694.468eV (T = 290K)  Etot = -129193.261eV
Step 4830:  Epot = -129884.820eV  Ekin = 692.394eV (T = 290K)  Etot = -129192.426eV
Step 4831:  Epot = -129882.943eV  Ekin = 690.801eV (T = 289K)  Etot = -129192.142eV
Step 4832:  Epot = -129884.559eV  Ekin = 692.373eV (T = 290K)  Etot = -129192.187eV
Step 4833:  Epot = -129886.447eV  Ekin = 694.350eV (T = 290K)  Etot = -129192.097eV
Step 4834:  Epot = -129886.448eV  Ekin = 693.892eV (T = 290K)  Etot = -129192.556eV
Step 4835:  Epot = -129883.608eV  Ekin = 691.323eV (T = 289K)  Etot = -129192.285eV
Step 4836:  Epot = -129881.352eV  Ekin = 689.298eV (T = 288K)  Etot = -129192.054eV
Step 4837:  Epot = -129882.474eV  Ekin = 689.835eV (T = 288K)  Etot = -129192.640eV
Step 4838:  Epot = -129883.977eV  Ekin = 691.082eV (T = 289K)  Etot = -129192.895eV
Step 4839:  Epot = -129882.576eV  Ekin = 689.812eV (T = 288K)  Etot = -129192.764eV
Step 4840:  Epot = -129881.421eV  Ekin = 688.635eV (T = 288K)  Etot = -129192.787eV
Step 4841:  Epot = -129882.574eV  Ekin = 689.371eV (T = 288K)  Etot = -129193.203eV
Step 4842:  Epot = -129883.905eV  Ekin = 691.109eV (T = 289K)  Etot = -129192.796eV
Step 4843:  Epot = -129885.128eV  Ekin = 692.278eV (T = 289K)  Etot = -129192.850eV
Step 4844:  Epot = -129884.683eV  Ekin = 691.869eV (T = 289K)  Etot = -129192.814eV
Step 4845:  Epot = -129884.142eV  Ekin = 691.492eV (T = 289K)  Etot = -129192.650eV
Step 4846:  Epot = -129885.084eV  Ekin = 692.459eV (T = 290K)  Etot = -129192.625eV
Step 4847:  Epot = -129885.199eV  Ekin = 692.544eV (T = 290K)  Etot = -129192.655eV
Step 4848:  Epot = -129884.228eV  Ekin = 691.695eV (T = 289K)  Etot = -129192.533eV
Step 4849:  Epot = -129885.090eV  Ekin = 692.949eV (T = 290K)  Etot = -129192.141eV
Step 4850:  Epot = -129887.702eV  Ekin = 695.730eV (T = 291K)  Etot = -129191.972eV
Step 4851:  Epot = -129888.851eV  Ekin = 697.227eV (T = 292K)  Etot = -129191.624eV
Step 4852:  Epot = -129888.957eV  Ekin = 697.499eV (T = 292K)  Etot = -129191.458eV
Step 4853:  Epot = -129888.199eV  Ekin = 697.510eV (T = 292K)  Etot = -129190.690eV
Step 4854:  Epot = -129887.481eV  Ekin = 696.599eV (T = 291K)  Etot = -129190.882eV
Step 4855:  Epot = -129887.591eV  Ekin = 695.809eV (T = 291K)  Etot = -129191.782eV
Step 4856:  Epot = -129886.934eV  Ekin = 695.751eV (T = 291K)  Etot = -129191.183eV
Step 4857:  Epot = -129885.371eV  Ekin = 694.133eV (T = 290K)  Etot = -129191.238eV
Step 4858:  Epot = -129884.529eV  Ekin = 693.476eV (T = 290K)  Etot = -129191.053eV
Step 4859:  Epot = -129885.086eV  Ekin = 693.801eV (T = 290K)  Etot = -129191.284eV
Step 4860:  Epot = -129884.970eV  Ekin = 694.165eV (T = 290K)  Etot = -129190.805eV
Step 4861:  Epot = -129885.265eV  Ekin = 694.954eV (T = 291K)  Etot = -129190.311eV
Step 4862:  Epot = -129885.982eV  Ekin = 695.602eV (T = 291K)  Etot = -129190.380eV
Step 4863:  Epot = -129885.797eV  Ekin = 695.446eV (T = 291K)  Etot = -129190.350eV
Step 4864:  Epot = -129886.065eV  Ekin = 695.564eV (T = 291K)  Etot = -129190.501eV
Step 4865:  Epot = -129886.141eV  Ekin = 695.921eV (T = 291K)  Etot = -129190.220eV
Step 4866:  Epot = -129885.717eV  Ekin = 695.593eV (T = 291K)  Etot = -129190.124eV
Step 4867:  Epot = -129885.435eV  Ekin = 695.709eV (T = 291K)  Etot = -129189.726eV
Step 4868:  Epot = -129886.347eV  Ekin = 696.448eV (T = 291K)  Etot = -129189.898eV
Step 4869:  Epot = -129886.566eV  Ekin = 696.918eV (T = 291K)  Etot = -129189.648eV
Step 4870:  Epot = -129886.940eV  Ekin = 697.458eV (T = 292K)  Etot = -129189.482eV
Step 4871:  Epot = -129888.197eV  Ekin = 698.429eV (T = 292K)  Etot = -129189.768eV
Step 4872:  Epot = -129887.376eV  Ekin = 697.695eV (T = 292K)  Etot = -129189.680eV
Step 4873:  Epot = -129886.490eV  Ekin = 696.965eV (T = 291K)  Etot = -129189.525eV
Step 4874:  Epot = -129886.149eV  Ekin = 697.020eV (T = 291K)  Etot = -129189.128eV
Step 4875:  Epot = -129884.859eV  Ekin = 695.552eV (T = 291K)  Etot = -129189.308eV
Step 4876:  Epot = -129883.243eV  Ekin = 693.898eV (T = 290K)  Etot = -129189.345eV
Step 4877:  Epot = -129882.905eV  Ekin = 693.912eV (T = 290K)  Etot = -129188.993eV
Step 4878:  Epot = -129882.577eV  Ekin = 693.432eV (T = 290K)  Etot = -129189.145eV
Step 4879:  Epot = -129882.246eV  Ekin = 692.994eV (T = 290K)  Etot = -129189.252eV
Step 4880:  Epot = -129882.744eV  Ekin = 693.280eV (T = 290K)  Etot = -129189.464eV
Step 4881:  Epot = -129882.551eV  Ekin = 693.070eV (T = 290K)  Etot = -129189.481eV
Step 4882:  Epot = -129881.884eV  Ekin = 693.306eV (T = 290K)  Etot = -129188.578eV
Step 4883:  Epot = -129882.415eV  Ekin = 693.942eV (T = 290K)  Etot = -129188.474eV
Step 4884:  Epot = -129882.318eV  Ekin = 694.020eV (T = 290K)  Etot = -129188.298eV
Step 4885:  Epot = -129880.781eV  Ekin = 692.927eV (T = 290K)  Etot = -129187.853eV
Step 4886:  Epot = -129881.101eV  Ekin = 693.224eV (T = 290K)  Etot = -129187.877eV
Step 4887:  Epot = -129882.096eV  Ekin = 694.560eV (T = 290K)  Etot = -129187.536eV
Step 4888:  Epot = -129881.979eV  Ekin = 694.602eV (T = 290K)  Etot = -129187.378eV
Step 4889:  Epot = -129882.384eV  Ekin = 694.729eV (T = 290K)  Etot = -129187.654eV
Step 4890:  Epot = -129884.133eV  Ekin = 695.889eV (T = 291K)  Etot = -129188.244eV
Step 4891:  Epot = -129884.595eV  Ekin = 696.349eV (T = 291K)  Etot = -129188.246eV
Step 4892:  Epot = -129884.117eV  Ekin = 695.869eV (T = 291K)  Etot = -129188.249eV
Step 4893:  Epot = -129883.439eV  Ekin = 695.146eV (T = 291K)  Etot = -129188.293eV
Step 4894:  Epot = -129882.355eV  Ekin = 694.612eV (T = 290K)  Etot = -129187.743eV
Step 4895:  Epot = -129882.539eV  Ekin = 695.042eV (T = 291K)  Etot = -129187.497eV
Step 4896:  Epot = -129881.651eV  Ekin = 694.221eV (T = 290K)  Etot = -129187.430eV
Step 4897:  Epot = -129878.843eV  Ekin = 691.438eV (T = 289K)  Etot = -129187.405eV
Step 4898:  Epot = -129877.518eV  Ekin = 690.265eV (T = 289K)  Etot = -129187.252eV
Step 4899:  Epot = -129879.645eV  Ekin = 692.309eV (T = 289K)  Etot = -129187.336eV
Step 4900:  Epot = -129881.136eV  Ekin = 693.189eV (T = 290K)  Etot = -129187.947eV
Step 4901:  Epot = -129880.344eV  Ekin = 692.877eV (T = 290K)  Etot = -129187.467eV
Step 4902:  Epot = -129879.652eV  Ekin = 692.117eV (T = 289K)  Etot = -129187.536eV
Step 4903:  Epot = -129879.302eV  Ekin = 692.355eV (T = 289K)  Etot = -129186.947eV
Step 4904:  Epot = -129881.128eV  Ekin = 694.140eV (T = 290K)  Etot = -129186.988eV
Step 4905:  Epot = -129882.782eV  Ekin = 695.707eV (T = 291K)  Etot = -129187.075eV
Step 4906:  Epot = -129881.039eV  Ekin = 693.826eV (T = 290K)  Etot = -129187.213eV
Step 4907:  Epot = -129878.740eV  Ekin = 691.565eV (T = 289K)  Etot = -129187.175eV
Step 4908:  Epot = -129880.849eV  Ekin = 693.659eV (T = 290K)  Etot = -129187.190eV
Step 4909:  Epot = -129884.364eV  Ekin = 696.685eV (T = 291K)  Etot = -129187.678eV
Step 4910:  Epot = -129883.773eV  Ekin = 695.858eV (T = 291K)  Etot = -129187.915eV
Step 4911:  Epot = -129881.565eV  Ekin = 693.517eV (T = 290K)  Etot = -129188.049eV
Step 4912:  Epot = -129880.631eV  Ekin = 692.299eV (T = 289K)  Etot = -129188.332eV
Step 4913:  Epot = -129883.031eV  Ekin = 694.407eV (T = 290K)  Etot = -129188.624eV
Step 4914:  Epot = -129885.314eV  Ekin = 696.010eV (T = 291K)  Etot = -129189.304eV
Step 4915:  Epot = -129882.795eV  Ekin = 694.060eV (T = 290K)  Etot = -129188.735eV
Step 4916:  Epot = -129879.276eV  Ekin = 690.932eV (T = 289K)  Etot = -129188.344eV
Step 4917:  Epot = -129881.414eV  Ekin = 693.054eV (T = 290K)  Etot = -129188.361eV
Step 4918:  Epot = -129887.040eV  Ekin = 697.839eV (T = 292K)  Etot = -129189.202eV
Step 4919:  Epot = -129887.937eV  Ekin = 698.614eV (T = 292K)  Etot = -129189.324eV
Step 4920:  Epot = -129884.870eV  Ekin = 696.049eV (T = 291K)  Etot = -129188.821eV
Step 4921:  Epot = -129883.704eV  Ekin = 694.925eV (T = 291K)  Etot = -129188.779eV
Step 4922:  Epot = -129887.007eV  Ekin = 698.504eV (T = 292K)  Etot = -129188.503eV
Step 4923:  Epot = -129891.324eV  Ekin = 702.093eV (T = 294K)  Etot = -129189.231eV
Step 4924:  Epot = -129890.254eV  Ekin = 701.293eV (T = 293K)  Etot = -129188.961eV
Step 4925:  Epot = -129885.316eV  Ekin = 696.906eV (T = 291K)  Etot = -129188.409eV
Step 4926:  Epot = -129885.027eV  Ekin = 696.732eV (T = 291K)  Etot = -129188.296eV
Step 4927:  Epot = -129890.606eV  Ekin = 701.804eV (T = 293K)  Etot = -129188.801eV
Step 4928:  Epot = -129892.462eV  Ekin = 703.703eV (T = 294K)  Etot = -129188.759eV
Step 4929:  Epot = -129887.920eV  Ekin = 699.764eV (T = 293K)  Etot = -129188.156eV
Step 4930:  Epot = -129884.543eV  Ekin = 697.250eV (T = 292K)  Etot = -129187.292eV
Step 4931:  Epot = -129887.219eV  Ekin = 699.478eV (T = 292K)  Etot = -129187.740eV
Step 4932:  Epot = -129891.716eV  Ekin = 703.293eV (T = 294K)  Etot = -129188.423eV
Step 4933:  Epot = -129890.126eV  Ekin = 701.557eV (T = 293K)  Etot = -129188.569eV
Step 4934:  Epot = -129882.841eV  Ekin = 694.931eV (T = 291K)  Etot = -129187.910eV
Step 4935:  Epot = -129879.557eV  Ekin = 691.734eV (T = 289K)  Etot = -129187.823eV
Step 4936:  Epot = -129884.139eV  Ekin = 695.292eV (T = 291K)  Etot = -129188.847eV
Step 4937:  Epot = -129886.399eV  Ekin = 697.497eV (T = 292K)  Etot = -129188.902eV
Step 4938:  Epot = -129881.322eV  Ekin = 692.777eV (T = 290K)  Etot = -129188.545eV
Step 4939:  Epot = -129876.335eV  Ekin = 688.042eV (T = 288K)  Etot = -129188.293eV
Step 4940:  Epot = -129878.386eV  Ekin = 690.257eV (T = 289K)  Etot = -129188.129eV
Step 4941:  Epot = -129883.444eV  Ekin = 695.126eV (T = 291K)  Etot = -129188.318eV
Step 4942:  Epot = -129883.739eV  Ekin = 695.419eV (T = 291K)  Etot = -129188.320eV
Step 4943:  Epot = -129878.450eV  Ekin = 691.130eV (T = 289K)  Etot = -129187.320eV
Step 4944:  Epot = -129875.499eV  Ekin = 688.873eV (T = 288K)  Etot = -129186.626eV
Step 4945:  Epot = -129879.491eV  Ekin = 692.410eV (T = 290K)  Etot = -129187.081eV
Step 4946:  Epot = -129883.105eV  Ekin = 695.784eV (T = 291K)  Etot = -129187.322eV
Step 4947:  Epot = -129880.567eV  Ekin = 693.379eV (T = 290K)  Etot = -129187.188eV
Step 4948:  Epot = -129876.756eV  Ekin = 690.303eV (T = 289K)  Etot = -129186.454eV
Step 4949:  Epot = -129878.837eV  Ekin = 692.328eV (T = 289K)  Etot = -129186.508eV
Step 4950:  Epot = -129884.115eV  Ekin = 697.200eV (T = 292K)  Etot = -129186.914eV
Step 4951:  Epot = -129885.597eV  Ekin = 698.446eV (T = 292K)  Etot = -129187.150eV
Step 4952:  Epot = -129882.778eV  Ekin = 696.006eV (T = 291K)  Etot = -129186.772eV
Step 4953:  Epot = -129881.411eV  Ekin = 694.654eV (T = 290K)  Etot = -129186.756eV
Step 4954:  Epot = -129885.169eV  Ekin = 697.919eV (T = 292K)  Etot = -129187.250eV
Step 4955:  Epot = -129888.476eV  Ekin = 701.329eV (T = 293K)  Etot = -129187.147eV
Step 4956:  Epot = -129886.058eV  Ekin = 698.775eV (T = 292K)  Etot = -129187.283eV
Step 4957:  Epot = -129882.025eV  Ekin = 695.484eV (T = 291K)  Etot = -129186.541eV
Step 4958:  Epot = -129883.116eV  Ekin = 695.979eV (T = 291K)  Etot = -129187.137eV
Step 4959:  Epot = -129887.588eV  Ekin = 699.509eV (T = 292K)  Etot = -129188.078eV
Step 4960:  Epot = -129887.968eV  Ekin = 700.051eV (T = 293K)  Etot = -129187.917eV
Step 4961:  Epot = -129883.818eV  Ekin = 696.455eV (T = 291K)  Etot = -129187.363eV
Step 4962:  Epot = -129881.450eV  Ekin = 694.108eV (T = 290K)  Etot = -129187.343eV
Step 4963:  Epot = -129884.567eV  Ekin = 696.722eV (T = 291K)  Etot = -129187.845eV
Step 4964:  Epot = -129887.950eV  Ekin = 699.908eV (T = 293K)  Etot = -129188.042eV
Step 4965:  Epot = -129886.386eV  Ekin = 698.930eV (T = 292K)  Etot = -129187.456eV
Step 4966:  Epot = -129882.408eV  Ekin = 695.403eV (T = 291K)  Etot = -129187.005eV
Step 4967:  Epot = -129881.749eV  Ekin = 694.566eV (T = 290K)  Etot = -129187.183eV
Step 4968:  Epot = -129884.910eV  Ekin = 697.095eV (T = 291K)  Etot = -129187.815eV
Step 4969:  Epot = -129885.031eV  Ekin = 697.235eV (T = 292K)  Etot = -129187.795eV
Step 4970:  Epot = -129881.027eV  Ekin = 693.797eV (T = 290K)  Etot = -129187.230eV
Step 4971:  Epot = -129879.228eV  Ekin = 691.899eV (T = 289K)  Etot = -129187.329eV
Step 4972:  Epot = -129881.437eV  Ekin = 693.705eV (T = 290K)  Etot = -129187.732eV
Step 4973:  Epot = -129883.252eV  Ekin = 695.844eV (T = 291K)  Etot = -129187.407eV
Step 4974:  Epot = -129881.870eV  Ekin = 695.181eV (T = 291K)  Etot = -129186.689eV
Step 4975:  Epot = -129880.145eV  Ekin = 694.165eV (T = 290K)  Etot = -129185.979eV
Step 4976:  Epot = -129881.100eV  Ekin = 694.763eV (T = 291K)  Etot = -129186.337eV
Step 4977:  Epot = -129884.038eV  Ekin = 697.640eV (T = 292K)  Etot = -129186.399eV
Step 4978:  Epot = -129884.063eV  Ekin = 697.338eV (T = 292K)  Etot = -129186.725eV
Step 4979:  Epot = -129881.252eV  Ekin = 694.792eV (T = 291K)  Etot = -129186.460eV
Step 4980:  Epot = -129881.021eV  Ekin = 694.924eV (T = 291K)  Etot = -129186.097eV
Step 4981:  Epot = -129883.437eV  Ekin = 696.990eV (T = 291K)  Etot = -129186.447eV
Step 4982:  Epot = -129884.354eV  Ekin = 697.934eV (T = 292K)  Etot = -129186.420eV
Step 4983:  Epot = -129883.654eV  Ekin = 697.356eV (T = 292K)  Etot = -129186.298eV
Step 4984:  Epot = -129884.054eV  Ekin = 697.689eV (T = 292K)  Etot = -129186.365eV
Step 4985:  Epot = -129886.442eV  Ekin = 699.948eV (T = 293K)  Etot = -129186.493eV
Step 4986:  Epot = -129888.334eV  Ekin = 701.693eV (T = 293K)  Etot = -129186.641eV
Step 4987:  Epot = -129887.540eV  Ekin = 701.112eV (T = 293K)  Etot = -129186.427eV
Step 4988:  Epot = -129885.149eV  Ekin = 698.655eV (T = 292K)  Etot = -129186.494eV
Step 4989:  Epot = -129884.886eV  Ekin = 698.316eV (T = 292K)  Etot = -129186.570eV
Step 4990:  Epot = -129887.177eV  Ekin = 700.339eV (T = 293K)  Etot = -129186.839eV
Step 4991:  Epot = -129887.824eV  Ekin = 701.469eV (T = 293K)  Etot = -129186.355eV
Step 4992:  Epot = -129886.300eV  Ekin = 700.309eV (T = 293K)  Etot = -129185.990eV
Step 4993:  Epot = -129885.750eV  Ekin = 699.641eV (T = 293K)  Etot = -129186.109eV
Step 4994:  Epot = -129887.077eV  Ekin = 701.232eV (T = 293K)  Etot = -129185.845eV
Step 4995:  Epot = -129888.296eV  Ekin = 702.419eV (T = 294K)  Etot = -129185.878eV
Step 4996:  Epot = -129887.602eV  Ekin = 701.706eV (T = 293K)  Etot = -129185.896eV
Step 4997:  Epot = -129885.391eV  Ekin = 699.993eV (T = 293K)  Etot = -129185.398eV
Step 4998:  Epot = -129884.129eV  Ekin = 698.720eV (T = 292K)  Etot = -129185.409eV
Step 4999:  Epot = -129884.426eV  Ekin = 698.902eV (T = 292K)  Etot = -129185.524eV
Step 5000:  Epot = -129883.696eV  Ekin = 698.315eV (T = 292K)  Etot = -129185.381eV
Step 5001:  Epot = -129881.611eV  Ekin = 696.245eV (T = 291K)  Etot = -129185.366eV
Step 5002:  Epot = -129881.806eV  Ekin = 696.492eV (T = 291K)  Etot = -129185.314eV
Step 5003:  Epot = -129884.400eV  Ekin = 698.726eV (T = 292K)  Etot = -129185.674eV
Step 5004:  Epot = -129885.989eV  Ekin = 700.468eV (T = 293K)  Etot = -129185.520eV
Step 5005:  Epot = -129884.602eV  Ekin = 699.286eV (T = 292K)  Etot = -129185.316eV
Step 5006:  Epot = -129882.559eV  Ekin = 697.467eV (T = 292K)  Etot = -129185.092eV
Step 5007:  Epot = -129882.000eV  Ekin = 696.842eV (T = 291K)  Etot = -129185.158eV
Step 5008:  Epot = -129882.995eV  Ekin = 698.305eV (T = 292K)  Etot = -129184.691eV
Step 5009:  Epot = -129882.879eV  Ekin = 698.096eV (T = 292K)  Etot = -129184.783eV
Step 5010:  Epot = -129881.102eV  Ekin = 696.583eV (T = 291K)  Etot = -129184.519eV
Step 5011:  Epot = -129881.266eV  Ekin = 697.043eV (T = 291K)  Etot = -129184.223eV
Step 5012:  Epot = -129883.875eV  Ekin = 699.341eV (T = 292K)  Etot = -129184.534eV
Step 5013:  Epot = -129885.760eV  Ekin = 701.093eV (T = 293K)  Etot = -129184.667eV
Step 5014:  Epot = -129885.638eV  Ekin = 700.954eV (T = 293K)  Etot = -129184.684eV
Step 5015:  Epot = -129886.082eV  Ekin = 701.233eV (T = 293K)  Etot = -129184.849eV
Step 5016:  Epot = -129886.324eV  Ekin = 701.581eV (T = 293K)  Etot = -129184.743eV
Step 5017:  Epot = -129885.423eV  Ekin = 700.888eV (T = 293K)  Etot = -129184.534eV
Step 5018:  Epot = -129884.151eV  Ekin = 699.299eV (T = 292K)  Etot = -129184.852eV
Step 5019:  Epot = -129882.185eV  Ekin = 697.153eV (T = 292K)  Etot = -129185.032eV
Step 5020:  Epot = -129881.746eV  Ekin = 696.369eV (T = 291K)  Etot = -129185.378eV
Step 5021:  Epot = -129883.757eV  Ekin = 698.005eV (T = 292K)  Etot = -129185.752eV
Step 5022:  Epot = -129885.411eV  Ekin = 699.378eV (T = 292K)  Etot = -129186.032eV
Step 5023:  Epot = -129885.783eV  Ekin = 700.021eV (T = 293K)  Etot = -129185.762eV
Step 5024:  Epot = -129886.360eV  Ekin = 700.734eV (T = 293K)  Etot = -129185.626eV
Step 5025:  Epot = -129886.360eV  Ekin = 700.224eV (T = 293K)  Etot = -129186.137eV
Step 5026:  Epot = -129885.370eV  Ekin = 699.022eV (T = 292K)  Etot = -129186.348eV
Step 5027:  Epot = -129884.523eV  Ekin = 698.387eV (T = 292K)  Etot = -129186.135eV
Step 5028:  Epot = -129883.063eV  Ekin = 697.115eV (T = 291K)  Etot = -129185.948eV
Step 5029:  Epot = -129882.611eV  Ekin = 696.483eV (T = 291K)  Etot = -129186.128eV
Step 5030:  Epot = -129885.090eV  Ekin = 698.362eV (T = 292K)  Etot = -129186.727eV
Step 5031:  Epot = -129887.003eV  Ekin = 700.330eV (T = 293K)  Etot = -129186.673eV
Step 5032:  Epot = -129886.977eV  Ekin = 700.720eV (T = 293K)  Etot = -129186.257eV
Step 5033:  Epot = -129886.762eV  Ekin = 700.383eV (T = 293K)  Etot = -129186.379eV
Step 5034:  Epot = -129886.285eV  Ekin = 699.916eV (T = 293K)  Etot = -129186.369eV
Step 5035:  Epot = -129885.707eV  Ekin = 699.431eV (T = 292K)  Etot = -129186.275eV
Step 5036:  Epot = -129886.253eV  Ekin = 699.379eV (T = 292K)  Etot = -129186.874eV
Step 5037:  Epot = -129885.120eV  Ekin = 698.331eV (T = 292K)  Etot = -129186.789eV
Step 5038:  Epot = -129882.197eV  Ekin = 695.211eV (T = 291K)  Etot = -129186.986eV
Step 5039:  Epot = -129881.688eV  Ekin = 694.635eV (T = 290K)  Etot = -129187.052eV
Step 5040:  Epot = -129882.941eV  Ekin = 695.428eV (T = 291K)  Etot = -129187.513eV
Step 5041:  Epot = -129884.366eV  Ekin = 696.659eV (T = 291K)  Etot = -129187.707eV
Step 5042:  Epot = -129885.189eV  Ekin = 697.192eV (T = 292K)  Etot = -129187.997eV
Step 5043:  Epot = -129884.028eV  Ekin = 695.844eV (T = 291K)  Etot = -129188.183eV
Step 5044:  Epot = -129882.643eV  Ekin = 694.393eV (T = 290K)  Etot = -129188.250eV
Step 5045:  Epot = -129882.815eV  Ekin = 693.935eV (T = 290K)  Etot = -129188.880eV
Step 5046:  Epot = -129881.662eV  Ekin = 692.287eV (T = 289K)  Etot = -129189.375eV
Step 5047:  Epot = -129878.662eV  Ekin = 689.793eV (T = 288K)  Etot = -129188.870eV
Step 5048:  Epot = -129877.644eV  Ekin = 688.672eV (T = 288K)  Etot = -129188.972eV
Step 5049:  Epot = -129878.401eV  Ekin = 689.377eV (T = 288K)  Etot = -129189.025eV
Step 5050:  Epot = -129879.812eV  Ekin = 690.596eV (T = 289K)  Etot = -129189.216eV
Step 5051:  Epot = -129881.665eV  Ekin = 692.303eV (T = 289K)  Etot = -129189.361eV
Step 5052:  Epot = -129881.744eV  Ekin = 692.031eV (T = 289K)  Etot = -129189.712eV
Step 5053:  Epot = -129880.990eV  Ekin = 691.352eV (T = 289K)  Etot = -129189.638eV
Step 5054:  Epot = -129881.984eV  Ekin = 692.561eV (T = 290K)  Etot = -129189.423eV
Step 5055:  Epot = -129882.609eV  Ekin = 692.975eV (T = 290K)  Etot = -129189.634eV
Step 5056:  Epot = -129881.820eV  Ekin = 692.188eV (T = 289K)  Etot = -129189.632eV
Step 5057:  Epot = -129881.801eV  Ekin = 692.332eV (T = 289K)  Etot = -129189.470eV
Step 5058:  Epot = -129882.261eV  Ekin = 692.811eV (T = 290K)  Etot = -129189.449eV
Step 5059:  Epot = -129883.452eV  Ekin = 694.101eV (T = 290K)  Etot = -129189.351eV
Step 5060:  Epot = -129885.491eV  Ekin = 696.257eV (T = 291K)  Etot = -129189.234eV
Step 5061:  Epot = -129885.567eV  Ekin = 696.463eV (T = 291K)  Etot = -129189.104eV
Step 5062:  Epot = -129883.761eV  Ekin = 694.871eV (T = 291K)  Etot = -129188.890eV
Step 5063:  Epot = -129883.047eV  Ekin = 694.081eV (T = 290K)  Etot = -129188.966eV
Step 5064:  Epot = -129882.182eV  Ekin = 693.442eV (T = 290K)  Etot = -129188.741eV
Step 5065:  Epot = -129880.580eV  Ekin = 691.482eV (T = 289K)  Etot = -129189.098eV
Step 5066:  Epot = -129879.326eV  Ekin = 690.346eV (T = 289K)  Etot = -129188.980eV
Step 5067:  Epot = -129878.241eV  Ekin = 689.516eV (T = 288K)  Etot = -129188.724eV
Step 5068:  Epot = -129878.748eV  Ekin = 690.421eV (T = 289K)  Etot = -129188.327eV
Step 5069:  Epot = -129880.877eV  Ekin = 692.555eV (T = 290K)  Etot = -129188.323eV
Step 5070:  Epot = -129881.337eV  Ekin = 692.921eV (T = 290K)  Etot = -129188.416eV
Step 5071:  Epot = -129880.545eV  Ekin = 692.214eV (T = 289K)  Etot = -129188.331eV
Step 5072:  Epot = -129880.460eV  Ekin = 692.027eV (T = 289K)  Etot = -129188.433eV
Step 5073:  Epot = -129879.034eV  Ekin = 690.795eV (T = 289K)  Etot = -129188.239eV
Step 5074:  Epot = -129878.438eV  Ekin = 690.660eV (T = 289K)  Etot = -129187.778eV
Step 5075:  Epot = -129879.266eV  Ekin = 691.461eV (T = 289K)  Etot = -129187.804eV
Step 5076:  Epot = -129878.812eV  Ekin = 691.067eV (T = 289K)  Etot = -129187.745eV
Step 5077:  Epot = -129878.656eV  Ekin = 691.254eV (T = 289K)  Etot = -129187.402eV
Step 5078:  Epot = -129881.332eV  Ekin = 693.814eV (T = 290K)  Etot = -129187.518eV
Step 5079:  Epot = -129883.183eV  Ekin = 695.782eV (T = 291K)  Etot = -129187.401eV
Step 5080:  Epot = -129883.269eV  Ekin = 695.817eV (T = 291K)  Etot = -129187.451eV
Step 5081:  Epot = -129883.281eV  Ekin = 695.455eV (T = 291K)  Etot = -129187.826eV
Step 5082:  Epot = -129881.546eV  Ekin = 693.929eV (T = 290K)  Etot = -129187.617eV
Step 5083:  Epot = -129879.476eV  Ekin = 692.018eV (T = 289K)  Etot = -129187.458eV
Step 5084:  Epot = -129879.489eV  Ekin = 691.843eV (T = 289K)  Etot = -129187.646eV
Step 5085:  Epot = -129879.444eV  Ekin = 691.647eV (T = 289K)  Etot = -129187.797eV
Step 5086:  Epot = -129878.903eV  Ekin = 691.246eV (T = 289K)  Etot = -129187.657eV
Step 5087:  Epot = -129880.345eV  Ekin = 692.136eV (T = 289K)  Etot = -129188.209eV
Step 5088:  Epot = -129882.559eV  Ekin = 694.225eV (T = 290K)  Etot = -129188.334eV
Step 5089:  Epot = -129883.184eV  Ekin = 694.564eV (T = 290K)  Etot = -129188.620eV
Step 5090:  Epot = -129883.676eV  Ekin = 694.825eV (T = 291K)  Etot = -129188.851eV
Step 5091:  Epot = -129882.578eV  Ekin = 693.525eV (T = 290K)  Etot = -129189.052eV
Step 5092:  Epot = -129881.178eV  Ekin = 692.228eV (T = 289K)  Etot = -129188.950eV
Step 5093:  Epot = -129881.735eV  Ekin = 692.630eV (T = 290K)  Etot = -129189.105eV
Step 5094:  Epot = -129881.827eV  Ekin = 692.286eV (T = 289K)  Etot = -129189.540eV
Step 5095:  Epot = -129881.286eV  Ekin = 692.387eV (T = 290K)  Etot = -129188.898eV
Step 5096:  Epot = -129882.527eV  Ekin = 692.969eV (T = 290K)  Etot = -129189.558eV
Step 5097:  Epot = -129884.628eV  Ekin = 695.130eV (T = 291K)  Etot = -129189.498eV
Step 5098:  Epot = -129885.921eV  Ekin = 696.220eV (T = 291K)  Etot = -129189.702eV
Step 5099:  Epot = -129886.808eV  Ekin = 696.728eV (T = 291K)  Etot = -129190.080eV
Step 5100:  Epot = -129885.497eV  Ekin = 695.347eV (T = 291K)  Etot = -129190.151eV
Step 5101:  Epot = -129882.544eV  Ekin = 692.789eV (T = 290K)  Etot = -129189.755eV
Step 5102:  Epot = -129881.253eV  Ekin = 691.590eV (T = 289K)  Etot = -129189.663eV
Step 5103:  Epot = -129880.042eV  Ekin = 690.178eV (T = 289K)  Etot = -129189.865eV
Step 5104:  Epot = -129878.085eV  Ekin = 688.126eV (T = 288K)  Etot = -129189.959eV
Step 5105:  Epot = -129877.822eV  Ekin = 688.325eV (T = 288K)  Etot = -129189.497eV
Step 5106:  Epot = -129878.472eV  Ekin = 689.009eV (T = 288K)  Etot = -129189.463eV
Step 5107:  Epot = -129878.427eV  Ekin = 689.023eV (T = 288K)  Etot = -129189.404eV
Step 5108:  Epot = -129878.877eV  Ekin = 689.116eV (T = 288K)  Etot = -129189.761eV
Step 5109:  Epot = -129878.856eV  Ekin = 688.673eV (T = 288K)  Etot = -129190.183eV
Step 5110:  Epot = -129877.517eV  Ekin = 687.874eV (T = 288K)  Etot = -129189.642eV
Step 5111:  Epot = -129877.568eV  Ekin = 687.740eV (T = 288K)  Etot = -129189.828eV
Step 5112:  Epot = -129877.878eV  Ekin = 687.946eV (T = 288K)  Etot = -129189.933eV
Step 5113:  Epot = -129877.469eV  Ekin = 688.138eV (T = 288K)  Etot = -129189.331eV
Step 5114:  Epot = -129878.831eV  Ekin = 689.179eV (T = 288K)  Etot = -129189.652eV
Step 5115:  Epot = -129881.267eV  Ekin = 691.481eV (T = 289K)  Etot = -129189.786eV
Step 5116:  Epot = -129882.764eV  Ekin = 693.046eV (T = 290K)  Etot = -129189.718eV
Step 5117:  Epot = -129885.521eV  Ekin = 695.798eV (T = 291K)  Etot = -129189.723eV
Step 5118:  Epot = -129888.229eV  Ekin = 698.238eV (T = 292K)  Etot = -129189.991eV
Step 5119:  Epot = -129887.788eV  Ekin = 697.992eV (T = 292K)  Etot = -129189.795eV
Step 5120:  Epot = -129887.370eV  Ekin = 697.773eV (T = 292K)  Etot = -129189.597eV
Step 5121:  Epot = -129887.952eV  Ekin = 698.368eV (T = 292K)  Etot = -129189.584eV
Step 5122:  Epot = -129888.500eV  Ekin = 698.719eV (T = 292K)  Etot = -129189.782eV
Step 5123:  Epot = -129889.715eV  Ekin = 699.722eV (T = 293K)  Etot = -129189.993eV
Step 5124:  Epot = -129890.772eV  Ekin = 700.355eV (T = 293K)  Etot = -129190.417eV
Step 5125:  Epot = -129890.291eV  Ekin = 699.974eV (T = 293K)  Etot = -129190.317eV
Step 5126:  Epot = -129890.857eV  Ekin = 700.739eV (T = 293K)  Etot = -129190.118eV
Step 5127:  Epot = -129891.919eV  Ekin = 701.590eV (T = 293K)  Etot = -129190.328eV
Step 5128:  Epot = -129890.346eV  Ekin = 699.992eV (T = 293K)  Etot = -129190.354eV
Step 5129:  Epot = -129888.187eV  Ekin = 697.878eV (T = 292K)  Etot = -129190.309eV
Step 5130:  Epot = -129888.269eV  Ekin = 697.955eV (T = 292K)  Etot = -129190.315eV
Step 5131:  Epot = -129888.536eV  Ekin = 698.291eV (T = 292K)  Etot = -129190.245eV
Step 5132:  Epot = -129888.155eV  Ekin = 697.803eV (T = 292K)  Etot = -129190.352eV
Step 5133:  Epot = -129888.115eV  Ekin = 697.700eV (T = 292K)  Etot = -129190.415eV
Step 5134:  Epot = -129888.137eV  Ekin = 698.123eV (T = 292K)  Etot = -129190.014eV
Step 5135:  Epot = -129888.958eV  Ekin = 698.583eV (T = 292K)  Etot = -129190.374eV
Step 5136:  Epot = -129889.342eV  Ekin = 698.633eV (T = 292K)  Etot = -129190.710eV
Step 5137:  Epot = -129887.422eV  Ekin = 696.835eV (T = 291K)  Etot = -129190.587eV
Step 5138:  Epot = -129885.667eV  Ekin = 695.163eV (T = 291K)  Etot = -129190.504eV
Step 5139:  Epot = -129886.170eV  Ekin = 695.662eV (T = 291K)  Etot = -129190.508eV
Step 5140:  Epot = -129886.575eV  Ekin = 696.199eV (T = 291K)  Etot = -129190.377eV
Step 5141:  Epot = -129886.945eV  Ekin = 696.525eV (T = 291K)  Etot = -129190.420eV
Step 5142:  Epot = -129888.267eV  Ekin = 697.837eV (T = 292K)  Etot = -129190.430eV
Step 5143:  Epot = -129888.734eV  Ekin = 698.195eV (T = 292K)  Etot = -129190.539eV
Step 5144:  Epot = -129888.084eV  Ekin = 697.726eV (T = 292K)  Etot = -129190.358eV
Step 5145:  Epot = -129887.185eV  Ekin = 696.933eV (T = 291K)  Etot = -129190.252eV
Step 5146:  Epot = -129885.746eV  Ekin = 695.963eV (T = 291K)  Etot = -129189.783eV
Step 5147:  Epot = -129884.224eV  Ekin = 694.512eV (T = 290K)  Etot = -129189.712eV
Step 5148:  Epot = -129883.433eV  Ekin = 693.595eV (T = 290K)  Etot = -129189.839eV
Step 5149:  Epot = -129883.637eV  Ekin = 693.138eV (T = 290K)  Etot = -129190.499eV
Step 5150:  Epot = -129884.211eV  Ekin = 693.915eV (T = 290K)  Etot = -129190.296eV
Step 5151:  Epot = -129885.161eV  Ekin = 695.022eV (T = 291K)  Etot = -129190.140eV
Step 5152:  Epot = -129886.219eV  Ekin = 696.843eV (T = 291K)  Etot = -129189.375eV
Step 5153:  Epot = -129886.236eV  Ekin = 696.940eV (T = 291K)  Etot = -129189.296eV
Step 5154:  Epot = -129885.804eV  Ekin = 696.590eV (T = 291K)  Etot = -129189.214eV
Step 5155:  Epot = -129886.194eV  Ekin = 697.028eV (T = 291K)  Etot = -129189.166eV
Step 5156:  Epot = -129885.792eV  Ekin = 696.638eV (T = 291K)  Etot = -129189.153eV
Step 5157:  Epot = -129884.002eV  Ekin = 695.164eV (T = 291K)  Etot = -129188.838eV
Step 5158:  Epot = -129883.606eV  Ekin = 694.567eV (T = 290K)  Etot = -129189.038eV
Step 5159:  Epot = -129884.682eV  Ekin = 695.358eV (T = 291K)  Etot = -129189.324eV
Step 5160:  Epot = -129886.556eV  Ekin = 697.322eV (T = 292K)  Etot = -129189.234eV
Step 5161:  Epot = -129888.471eV  Ekin = 699.123eV (T = 292K)  Etot = -129189.348eV
Step 5162:  Epot = -129888.417eV  Ekin = 698.894eV (T = 292K)  Etot = -129189.523eV
Step 5163:  Epot = -129887.021eV  Ekin = 697.300eV (T = 292K)  Etot = -129189.721eV
Step 5164:  Epot = -129886.957eV  Ekin = 697.309eV (T = 292K)  Etot = -129189.648eV
Step 5165:  Epot = -129886.497eV  Ekin = 696.956eV (T = 291K)  Etot = -129189.541eV
Step 5166:  Epot = -129883.895eV  Ekin = 694.844eV (T = 291K)  Etot = -129189.051eV
Step 5167:  Epot = -129882.441eV  Ekin = 693.221eV (T = 290K)  Etot = -129189.220eV
Step 5168:  Epot = -129883.035eV  Ekin = 693.504eV (T = 290K)  Etot = -129189.532eV
Step 5169:  Epot = -129884.415eV  Ekin = 694.867eV (T = 291K)  Etot = -129189.547eV
Step 5170:  Epot = -129886.269eV  Ekin = 696.036eV (T = 291K)  Etot = -129190.233eV
Step 5171:  Epot = -129886.675eV  Ekin = 696.358eV (T = 291K)  Etot = -129190.317eV
Step 5172:  Epot = -129885.299eV  Ekin = 694.876eV (T = 291K)  Etot = -129190.423eV
Step 5173:  Epot = -129885.962eV  Ekin = 695.859eV (T = 291K)  Etot = -129190.102eV
Step 5174:  Epot = -129887.592eV  Ekin = 697.192eV (T = 292K)  Etot = -129190.400eV
Step 5175:  Epot = -129885.286eV  Ekin = 695.582eV (T = 291K)  Etot = -129189.705eV
Step 5176:  Epot = -129882.696eV  Ekin = 692.931eV (T = 290K)  Etot = -129189.764eV
Step 5177:  Epot = -129882.818eV  Ekin = 692.654eV (T = 290K)  Etot = -129190.163eV
Step 5178:  Epot = -129883.951eV  Ekin = 693.684eV (T = 290K)  Etot = -129190.267eV
Step 5179:  Epot = -129885.709eV  Ekin = 695.237eV (T = 291K)  Etot = -129190.473eV
Step 5180:  Epot = -129886.775eV  Ekin = 696.070eV (T = 291K)  Etot = -129190.705eV
Step 5181:  Epot = -129885.807eV  Ekin = 695.325eV (T = 291K)  Etot = -129190.481eV
Step 5182:  Epot = -129885.684eV  Ekin = 695.364eV (T = 291K)  Etot = -129190.320eV
Step 5183:  Epot = -129887.306eV  Ekin = 696.535eV (T = 291K)  Etot = -129190.771eV
Step 5184:  Epot = -129885.542eV  Ekin = 694.810eV (T = 291K)  Etot = -129190.732eV
Step 5185:  Epot = -129882.851eV  Ekin = 692.255eV (T = 289K)  Etot = -129190.595eV
Step 5186:  Epot = -129883.687eV  Ekin = 692.373eV (T = 290K)  Etot = -129191.313eV
Step 5187:  Epot = -129885.350eV  Ekin = 693.882eV (T = 290K)  Etot = -129191.468eV
Step 5188:  Epot = -129886.953eV  Ekin = 695.153eV (T = 291K)  Etot = -129191.800eV
Step 5189:  Epot = -129888.972eV  Ekin = 697.191eV (T = 292K)  Etot = -129191.781eV
Step 5190:  Epot = -129889.870eV  Ekin = 698.218eV (T = 292K)  Etot = -129191.652eV
Step 5191:  Epot = -129890.311eV  Ekin = 698.874eV (T = 292K)  Etot = -129191.437eV
Step 5192:  Epot = -129892.044eV  Ekin = 700.066eV (T = 293K)  Etot = -129191.977eV
Step 5193:  Epot = -129891.563eV  Ekin = 699.790eV (T = 293K)  Etot = -129191.773eV
Step 5194:  Epot = -129888.943eV  Ekin = 697.525eV (T = 292K)  Etot = -129191.418eV
Step 5195:  Epot = -129888.878eV  Ekin = 697.485eV (T = 292K)  Etot = -129191.393eV
Step 5196:  Epot = -129888.954eV  Ekin = 697.711eV (T = 292K)  Etot = -129191.244eV
Step 5197:  Epot = -129889.161eV  Ekin = 698.003eV (T = 292K)  Etot = -129191.158eV
Step 5198:  Epot = -129891.394eV  Ekin = 699.987eV (T = 293K)  Etot = -129191.407eV
Step 5199:  Epot = -129893.116eV  Ekin = 701.589eV (T = 293K)  Etot = -129191.528eV
Step 5200:  Epot = -129893.190eV  Ekin = 701.577eV (T = 293K)  Etot = -129191.613eV
Step 5201:  Epot = -129892.838eV  Ekin = 701.215eV (T = 293K)  Etot = -129191.623eV
Step 5202:  Epot = -129892.056eV  Ekin = 700.525eV (T = 293K)  Etot = -129191.531eV
Step 5203:  Epot = -129889.456eV  Ekin = 698.058eV (T = 292K)  Etot = -129191.398eV
Step 5204:  Epot = -129887.751eV  Ekin = 696.264eV (T = 291K)  Etot = -129191.487eV
Step 5205:  Epot = -129886.735eV  Ekin = 695.084eV (T = 291K)  Etot = -129191.651eV
Step 5206:  Epot = -129886.503eV  Ekin = 695.093eV (T = 291K)  Etot = -129191.410eV
Step 5207:  Epot = -129889.135eV  Ekin = 697.269eV (T = 292K)  Etot = -129191.866eV
Step 5208:  Epot = -129891.738eV  Ekin = 699.666eV (T = 293K)  Etot = -129192.072eV
Step 5209:  Epot = -129892.266eV  Ekin = 700.533eV (T = 293K)  Etot = -129191.733eV
Step 5210:  Epot = -129892.245eV  Ekin = 700.449eV (T = 293K)  Etot = -129191.796eV
Step 5211:  Epot = -129892.428eV  Ekin = 700.704eV (T = 293K)  Etot = -129191.725eV
Step 5212:  Epot = -129890.939eV  Ekin = 699.116eV (T = 292K)  Etot = -129191.824eV
Step 5213:  Epot = -129888.413eV  Ekin = 697.045eV (T = 291K)  Etot = -129191.368eV
Step 5214:  Epot = -129886.664eV  Ekin = 695.071eV (T = 291K)  Etot = -129191.594eV
Step 5215:  Epot = -129885.434eV  Ekin = 694.243eV (T = 290K)  Etot = -129191.191eV
Step 5216:  Epot = -129886.770eV  Ekin = 695.190eV (T = 291K)  Etot = -129191.580eV
Step 5217:  Epot = -129889.006eV  Ekin = 697.224eV (T = 292K)  Etot = -129191.782eV
Step 5218:  Epot = -129890.199eV  Ekin = 698.365eV (T = 292K)  Etot = -129191.834eV
Step 5219:  Epot = -129890.957eV  Ekin = 699.552eV (T = 293K)  Etot = -129191.405eV
Step 5220:  Epot = -129891.926eV  Ekin = 700.051eV (T = 293K)  Etot = -129191.874eV
Step 5221:  Epot = -129892.090eV  Ekin = 699.905eV (T = 293K)  Etot = -129192.185eV
Step 5222:  Epot = -129890.067eV  Ekin = 698.076eV (T = 292K)  Etot = -129191.991eV
Step 5223:  Epot = -129888.105eV  Ekin = 695.881eV (T = 291K)  Etot = -129192.224eV
Step 5224:  Epot = -129887.117eV  Ekin = 694.983eV (T = 291K)  Etot = -129192.134eV
Step 5225:  Epot = -129888.242eV  Ekin = 696.220eV (T = 291K)  Etot = -129192.022eV
Step 5226:  Epot = -129890.587eV  Ekin = 698.586eV (T = 292K)  Etot = -129192.001eV
Step 5227:  Epot = -129892.116eV  Ekin = 699.927eV (T = 293K)  Etot = -129192.188eV
Step 5228:  Epot = -129892.265eV  Ekin = 700.162eV (T = 293K)  Etot = -129192.103eV
Step 5229:  Epot = -129892.235eV  Ekin = 699.978eV (T = 293K)  Etot = -129192.257eV
Step 5230:  Epot = -129892.739eV  Ekin = 700.508eV (T = 293K)  Etot = -129192.231eV
Step 5231:  Epot = -129891.256eV  Ekin = 699.044eV (T = 292K)  Etot = -129192.213eV
Step 5232:  Epot = -129888.172eV  Ekin = 696.332eV (T = 291K)  Etot = -129191.841eV
Step 5233:  Epot = -129885.942eV  Ekin = 694.441eV (T = 290K)  Etot = -129191.501eV
Step 5234:  Epot = -129886.129eV  Ekin = 694.645eV (T = 290K)  Etot = -129191.484eV
Step 5235:  Epot = -129888.033eV  Ekin = 696.808eV (T = 291K)  Etot = -129191.225eV
Step 5236:  Epot = -129889.528eV  Ekin = 698.295eV (T = 292K)  Etot = -129191.233eV
Step 5237:  Epot = -129888.687eV  Ekin = 697.460eV (T = 292K)  Etot = -129191.227eV
Step 5238:  Epot = -129887.455eV  Ekin = 696.277eV (T = 291K)  Etot = -129191.178eV
Step 5239:  Epot = -129888.249eV  Ekin = 696.517eV (T = 291K)  Etot = -129191.731eV
Step 5240:  Epot = -129888.703eV  Ekin = 696.570eV (T = 291K)  Etot = -129192.133eV
Step 5241:  Epot = -129886.736eV  Ekin = 694.996eV (T = 291K)  Etot = -129191.740eV
Step 5242:  Epot = -129883.717eV  Ekin = 692.324eV (T = 289K)  Etot = -129191.393eV
Step 5243:  Epot = -129882.719eV  Ekin = 691.596eV (T = 289K)  Etot = -129191.124eV
Step 5244:  Epot = -129883.924eV  Ekin = 692.906eV (T = 290K)  Etot = -129191.017eV
Step 5245:  Epot = -129884.576eV  Ekin = 693.324eV (T = 290K)  Etot = -129191.251eV
Step 5246:  Epot = -129883.066eV  Ekin = 692.535eV (T = 290K)  Etot = -129190.531eV
Step 5247:  Epot = -129881.731eV  Ekin = 691.196eV (T = 289K)  Etot = -129190.535eV
Step 5248:  Epot = -129882.617eV  Ekin = 691.619eV (T = 289K)  Etot = -129190.998eV
Step 5249:  Epot = -129884.222eV  Ekin = 692.952eV (T = 290K)  Etot = -129191.270eV
Step 5250:  Epot = -129882.855eV  Ekin = 691.958eV (T = 289K)  Etot = -129190.897eV
Step 5251:  Epot = -129878.499eV  Ekin = 688.123eV (T = 288K)  Etot = -129190.376eV
Step 5252:  Epot = -129876.961eV  Ekin = 686.675eV (T = 287K)  Etot = -129190.286eV
Step 5253:  Epot = -129879.500eV  Ekin = 689.115eV (T = 288K)  Etot = -129190.385eV
Step 5254:  Epot = -129882.278eV  Ekin = 691.191eV (T = 289K)  Etot = -129191.087eV
Step 5255:  Epot = -129882.716eV  Ekin = 692.051eV (T = 289K)  Etot = -129190.665eV
Step 5256:  Epot = -129882.204eV  Ekin = 691.686eV (T = 289K)  Etot = -129190.518eV
Step 5257:  Epot = -129883.878eV  Ekin = 693.240eV (T = 290K)  Etot = -129190.638eV
Step 5258:  Epot = -129887.920eV  Ekin = 696.819eV (T = 291K)  Etot = -129191.101eV
Step 5259:  Epot = -129889.527eV  Ekin = 698.377eV (T = 292K)  Etot = -129191.151eV
Step 5260:  Epot = -129886.495eV  Ekin = 695.931eV (T = 291K)  Etot = -129190.564eV
Step 5261:  Epot = -129884.999eV  Ekin = 694.937eV (T = 291K)  Etot = -129190.063eV
Step 5262:  Epot = -129887.996eV  Ekin = 697.673eV (T = 292K)  Etot = -129190.323eV
Step 5263:  Epot = -129891.051eV  Ekin = 700.222eV (T = 293K)  Etot = -129190.829eV
Step 5264:  Epot = -129891.031eV  Ekin = 700.464eV (T = 293K)  Etot = -129190.567eV
Step 5265:  Epot = -129889.342eV  Ekin = 698.932eV (T = 292K)  Etot = -129190.410eV
Step 5266:  Epot = -129889.136eV  Ekin = 698.484eV (T = 292K)  Etot = -129190.652eV
Step 5267:  Epot = -129892.049eV  Ekin = 701.049eV (T = 293K)  Etot = -129191.000eV
Step 5268:  Epot = -129894.492eV  Ekin = 703.246eV (T = 294K)  Etot = -129191.246eV
Step 5269:  Epot = -129891.589eV  Ekin = 700.931eV (T = 293K)  Etot = -129190.658eV
Step 5270:  Epot = -129887.841eV  Ekin = 697.071eV (T = 291K)  Etot = -129190.769eV
Step 5271:  Epot = -129888.473eV  Ekin = 697.182eV (T = 292K)  Etot = -129191.292eV
Step 5272:  Epot = -129890.288eV  Ekin = 698.688eV (T = 292K)  Etot = -129191.600eV
Step 5273:  Epot = -129889.697eV  Ekin = 698.292eV (T = 292K)  Etot = -129191.404eV
Step 5274:  Epot = -129887.590eV  Ekin = 696.337eV (T = 291K)  Etot = -129191.253eV
Step 5275:  Epot = -129887.241eV  Ekin = 696.402eV (T = 291K)  Etot = -129190.839eV
Step 5276:  Epot = -129890.241eV  Ekin = 698.881eV (T = 292K)  Etot = -129191.360eV
Step 5277:  Epot = -129893.199eV  Ekin = 700.980eV (T = 293K)  Etot = -129192.218eV
Step 5278:  Epot = -129891.094eV  Ekin = 698.973eV (T = 292K)  Etot = -129192.121eV
Step 5279:  Epot = -129887.595eV  Ekin = 696.121eV (T = 291K)  Etot = -129191.474eV
Step 5280:  Epot = -129888.613eV  Ekin = 696.527eV (T = 291K)  Etot = -129192.086eV
Step 5281:  Epot = -129891.504eV  Ekin = 699.681eV (T = 293K)  Etot = -129191.823eV
Step 5282:  Epot = -129891.333eV  Ekin = 699.304eV (T = 292K)  Etot = -129192.028eV
Step 5283:  Epot = -129889.218eV  Ekin = 697.260eV (T = 292K)  Etot = -129191.958eV
Step 5284:  Epot = -129888.348eV  Ekin = 696.405eV (T = 291K)  Etot = -129191.943eV
Step 5285:  Epot = -129889.643eV  Ekin = 697.445eV (T = 292K)  Etot = -129192.198eV
Step 5286:  Epot = -129891.070eV  Ekin = 698.765eV (T = 292K)  Etot = -129192.304eV
Step 5287:  Epot = -129889.278eV  Ekin = 697.105eV (T = 291K)  Etot = -129192.173eV
Step 5288:  Epot = -129885.652eV  Ekin = 693.790eV (T = 290K)  Etot = -129191.863eV
Step 5289:  Epot = -129885.685eV  Ekin = 693.719eV (T = 290K)  Etot = -129191.966eV
Step 5290:  Epot = -129887.452eV  Ekin = 694.953eV (T = 291K)  Etot = -129192.499eV
Step 5291:  Epot = -129886.217eV  Ekin = 694.132eV (T = 290K)  Etot = -129192.085eV
Step 5292:  Epot = -129883.966eV  Ekin = 692.311eV (T = 289K)  Etot = -129191.655eV
Step 5293:  Epot = -129883.910eV  Ekin = 691.991eV (T = 289K)  Etot = -129191.919eV
Step 5294:  Epot = -129885.573eV  Ekin = 693.380eV (T = 290K)  Etot = -129192.193eV
Step 5295:  Epot = -129886.793eV  Ekin = 694.204eV (T = 290K)  Etot = -129192.589eV
Step 5296:  Epot = -129886.166eV  Ekin = 693.530eV (T = 290K)  Etot = -129192.637eV
Step 5297:  Epot = -129884.172eV  Ekin = 691.686eV (T = 289K)  Etot = -129192.486eV
Step 5298:  Epot = -129885.005eV  Ekin = 692.027eV (T = 289K)  Etot = -129192.978eV
Step 5299:  Epot = -129887.442eV  Ekin = 694.052eV (T = 290K)  Etot = -129193.390eV
Step 5300:  Epot = -129886.737eV  Ekin = 693.664eV (T = 290K)  Etot = -129193.073eV
Step 5301:  Epot = -129884.877eV  Ekin = 691.870eV (T = 289K)  Etot = -129193.007eV
Step 5302:  Epot = -129885.454eV  Ekin = 692.765eV (T = 290K)  Etot = -129192.689eV
Step 5303:  Epot = -129887.681eV  Ekin = 694.882eV (T = 291K)  Etot = -129192.799eV
Step 5304:  Epot = -129888.425eV  Ekin = 695.208eV (T = 291K)  Etot = -129193.216eV
Step 5305:  Epot = -129887.704eV  Ekin = 693.837eV (T = 290K)  Etot = -129193.867eV
Step 5306:  Epot = -129886.120eV  Ekin = 692.937eV (T = 290K)  Etot = -129193.182eV
Step 5307:  Epot = -129886.407eV  Ekin = 693.655eV (T = 290K)  Etot = -129192.752eV
Step 5308:  Epot = -129889.207eV  Ekin = 696.329eV (T = 291K)  Etot = -129192.878eV
Step 5309:  Epot = -129889.565eV  Ekin = 696.691eV (T = 291K)  Etot = -129192.874eV
Step 5310:  Epot = -129888.228eV  Ekin = 695.589eV (T = 291K)  Etot = -129192.639eV
Step 5311:  Epot = -129889.138eV  Ekin = 696.196eV (T = 291K)  Etot = -129192.942eV
Step 5312:  Epot = -129891.242eV  Ekin = 698.155eV (T = 292K)  Etot = -129193.087eV
Step 5313:  Epot = -129892.553eV  Ekin = 700.048eV (T = 293K)  Etot = -129192.505eV
Step 5314:  Epot = -129892.187eV  Ekin = 699.347eV (T = 292K)  Etot = -129192.840eV
Step 5315:  Epot = -129890.401eV  Ekin = 698.009eV (T = 292K)  Etot = -129192.393eV
Step 5316:  Epot = -129890.050eV  Ekin = 697.369eV (T = 292K)  Etot = -129192.682eV
Step 5317:  Epot = -129892.571eV  Ekin = 699.267eV (T = 292K)  Etot = -129193.304eV
Step 5318:  Epot = -129892.607eV  Ekin = 699.086eV (T = 292K)  Etot = -129193.521eV
Step 5319:  Epot = -129890.544eV  Ekin = 697.486eV (T = 292K)  Etot = -129193.058eV
Step 5320:  Epot = -129891.032eV  Ekin = 697.252eV (T = 292K)  Etot = -129193.779eV
Step 5321:  Epot = -129892.910eV  Ekin = 699.256eV (T = 292K)  Etot = -129193.654eV
Step 5322:  Epot = -129893.753eV  Ekin = 699.978eV (T = 293K)  Etot = -129193.775eV
Step 5323:  Epot = -129892.381eV  Ekin = 698.937eV (T = 292K)  Etot = -129193.444eV
Step 5324:  Epot = -129890.043eV  Ekin = 697.069eV (T = 291K)  Etot = -129192.974eV
Step 5325:  Epot = -129889.418eV  Ekin = 696.457eV (T = 291K)  Etot = -129192.961eV
Step 5326:  Epot = -129890.871eV  Ekin = 697.605eV (T = 292K)  Etot = -129193.267eV
Step 5327:  Epot = -129890.492eV  Ekin = 697.130eV (T = 291K)  Etot = -129193.363eV
Step 5328:  Epot = -129888.030eV  Ekin = 695.366eV (T = 291K)  Etot = -129192.663eV
Step 5329:  Epot = -129888.307eV  Ekin = 695.476eV (T = 291K)  Etot = -129192.831eV
Step 5330:  Epot = -129890.011eV  Ekin = 697.361eV (T = 292K)  Etot = -129192.650eV
Step 5331:  Epot = -129890.762eV  Ekin = 697.923eV (T = 292K)  Etot = -129192.839eV
Step 5332:  Epot = -129889.175eV  Ekin = 696.631eV (T = 291K)  Etot = -129192.544eV
Step 5333:  Epot = -129886.445eV  Ekin = 694.287eV (T = 290K)  Etot = -129192.158eV
Step 5334:  Epot = -129885.384eV  Ekin = 693.448eV (T = 290K)  Etot = -129191.937eV
Step 5335:  Epot = -129886.078eV  Ekin = 694.372eV (T = 290K)  Etot = -129191.707eV
Step 5336:  Epot = -129885.330eV  Ekin = 693.891eV (T = 290K)  Etot = -129191.440eV
Step 5337:  Epot = -129883.827eV  Ekin = 692.273eV (T = 289K)  Etot = -129191.554eV
Step 5338:  Epot = -129884.800eV  Ekin = 692.902eV (T = 290K)  Etot = -129191.899eV
Step 5339:  Epot = -129886.658eV  Ekin = 694.937eV (T = 291K)  Etot = -129191.721eV
Step 5340:  Epot = -129887.456eV  Ekin = 696.188eV (T = 291K)  Etot = -129191.268eV
Step 5341:  Epot = -129887.077eV  Ekin = 695.953eV (T = 291K)  Etot = -129191.124eV
Step 5342:  Epot = -129886.192eV  Ekin = 695.358eV (T = 291K)  Etot = -129190.834eV
Step 5343:  Epot = -129886.432eV  Ekin = 695.435eV (T = 291K)  Etot = -129190.997eV
Step 5344:  Epot = -129887.598eV  Ekin = 696.288eV (T = 291K)  Etot = -129191.311eV
Step 5345:  Epot = -129886.765eV  Ekin = 695.765eV (T = 291K)  Etot = -129191.000eV
Step 5346:  Epot = -129885.032eV  Ekin = 693.922eV (T = 290K)  Etot = -129191.110eV
Step 5347:  Epot = -129886.204eV  Ekin = 694.930eV (T = 291K)  Etot = -129191.274eV
Step 5348:  Epot = -129888.373eV  Ekin = 696.581eV (T = 291K)  Etot = -129191.792eV
Step 5349:  Epot = -129888.480eV  Ekin = 696.010eV (T = 291K)  Etot = -129192.470eV
Step 5350:  Epot = -129887.687eV  Ekin = 695.126eV (T = 291K)  Etot = -129192.560eV
Step 5351:  Epot = -129886.111eV  Ekin = 693.574eV (T = 290K)  Etot = -129192.536eV
Step 5352:  Epot = -129884.725eV  Ekin = 692.314eV (T = 289K)  Etot = -129192.411eV
Step 5353:  Epot = -129884.847eV  Ekin = 692.545eV (T = 290K)  Etot = -129192.302eV
Step 5354:  Epot = -129884.203eV  Ekin = 692.221eV (T = 289K)  Etot = -129191.982eV
Step 5355:  Epot = -129881.834eV  Ekin = 690.292eV (T = 289K)  Etot = -129191.542eV
Step 5356:  Epot = -129882.466eV  Ekin = 690.390eV (T = 289K)  Etot = -129192.076eV
Step 5357:  Epot = -129885.316eV  Ekin = 692.789eV (T = 290K)  Etot = -129192.527eV
Step 5358:  Epot = -129884.443eV  Ekin = 692.069eV (T = 289K)  Etot = -129192.374eV
Step 5359:  Epot = -129882.380eV  Ekin = 690.282eV (T = 289K)  Etot = -129192.098eV
Step 5360:  Epot = -129881.990eV  Ekin = 690.131eV (T = 289K)  Etot = -129191.860eV
Step 5361:  Epot = -129882.645eV  Ekin = 691.049eV (T = 289K)  Etot = -129191.596eV
Step 5362:  Epot = -129883.572eV  Ekin = 691.849eV (T = 289K)  Etot = -129191.723eV
Step 5363:  Epot = -129884.206eV  Ekin = 692.315eV (T = 289K)  Etot = -129191.891eV
Step 5364:  Epot = -129883.541eV  Ekin = 692.588eV (T = 290K)  Etot = -129190.953eV
Step 5365:  Epot = -129884.868eV  Ekin = 693.929eV (T = 290K)  Etot = -129190.939eV
Step 5366:  Epot = -129889.084eV  Ekin = 697.837eV (T = 292K)  Etot = -129191.246eV
Step 5367:  Epot = -129889.609eV  Ekin = 698.312eV (T = 292K)  Etot = -129191.297eV
Step 5368:  Epot = -129886.720eV  Ekin = 695.934eV (T = 291K)  Etot = -129190.786eV
Step 5369:  Epot = -129886.283eV  Ekin = 695.904eV (T = 291K)  Etot = -129190.379eV
Step 5370:  Epot = -129888.244eV  Ekin = 697.881eV (T = 292K)  Etot = -129190.363eV
Step 5371:  Epot = -129888.890eV  Ekin = 698.320eV (T = 292K)  Etot = -129190.570eV
Step 5372:  Epot = -129887.751eV  Ekin = 697.244eV (T = 292K)  Etot = -129190.508eV
Step 5373:  Epot = -129886.435eV  Ekin = 696.015eV (T = 291K)  Etot = -129190.420eV
Step 5374:  Epot = -129887.462eV  Ekin = 697.821eV (T = 292K)  Etot = -129189.641eV
Step 5375:  Epot = -129891.915eV  Ekin = 701.797eV (T = 293K)  Etot = -129190.118eV
Step 5376:  Epot = -129893.265eV  Ekin = 703.035eV (T = 294K)  Etot = -129190.230eV
Step 5377:  Epot = -129889.163eV  Ekin = 698.843eV (T = 292K)  Etot = -129190.320eV
Step 5378:  Epot = -129885.947eV  Ekin = 696.319eV (T = 291K)  Etot = -129189.628eV
Step 5379:  Epot = -129886.671eV  Ekin = 696.806eV (T = 291K)  Etot = -129189.865eV
Step 5380:  Epot = -129887.158eV  Ekin = 697.306eV (T = 292K)  Etot = -129189.852eV
Step 5381:  Epot = -129885.243eV  Ekin = 696.038eV (T = 291K)  Etot = -129189.205eV
Step 5382:  Epot = -129883.178eV  Ekin = 693.854eV (T = 290K)  Etot = -129189.324eV
Step 5383:  Epot = -129883.743eV  Ekin = 694.454eV (T = 290K)  Etot = -129189.290eV
Step 5384:  Epot = -129887.987eV  Ekin = 698.158eV (T = 292K)  Etot = -129189.829eV
Step 5385:  Epot = -129891.171eV  Ekin = 701.136eV (T = 293K)  Etot = -129190.036eV
Step 5386:  Epot = -129888.973eV  Ekin = 699.398eV (T = 292K)  Etot = -129189.575eV
Step 5387:  Epot = -129885.779eV  Ekin = 696.961eV (T = 291K)  Etot = -129188.818eV
Step 5388:  Epot = -129886.654eV  Ekin = 697.667eV (T = 292K)  Etot = -129188.987eV
Step 5389:  Epot = -129888.619eV  Ekin = 699.421eV (T = 292K)  Etot = -129189.198eV
Step 5390:  Epot = -129887.541eV  Ekin = 698.177eV (T = 292K)  Etot = -129189.364eV
Step 5391:  Epot = -129885.306eV  Ekin = 695.748eV (T = 291K)  Etot = -129189.558eV
Step 5392:  Epot = -129884.892eV  Ekin = 695.224eV (T = 291K)  Etot = -129189.667eV
Step 5393:  Epot = -129888.479eV  Ekin = 698.737eV (T = 292K)  Etot = -129189.742eV
Step 5394:  Epot = -129892.332eV  Ekin = 702.338eV (T = 294K)  Etot = -129189.994eV
Step 5395:  Epot = -129890.697eV  Ekin = 701.087eV (T = 293K)  Etot = -129189.610eV
Step 5396:  Epot = -129885.857eV  Ekin = 696.623eV (T = 291K)  Etot = -129189.234eV
Step 5397:  Epot = -129884.061eV  Ekin = 694.656eV (T = 290K)  Etot = -129189.406eV
Step 5398:  Epot = -129884.945eV  Ekin = 695.072eV (T = 291K)  Etot = -129189.873eV
Step 5399:  Epot = -129884.171eV  Ekin = 694.047eV (T = 290K)  Etot = -129190.124eV
Step 5400:  Epot = -129882.634eV  Ekin = 692.265eV (T = 289K)  Etot = -129190.369eV
Step 5401:  Epot = -129882.559eV  Ekin = 692.346eV (T = 289K)  Etot = -129190.214eV
Step 5402:  Epot = -129886.072eV  Ekin = 695.962eV (T = 291K)  Etot = -129190.110eV
Step 5403:  Epot = -129890.911eV  Ekin = 700.235eV (T = 293K)  Etot = -129190.676eV
Step 5404:  Epot = -129891.346eV  Ekin = 701.112eV (T = 293K)  Etot = -129190.234eV
Step 5405:  Epot = -129887.773eV  Ekin = 698.243eV (T = 292K)  Etot = -129189.530eV
Step 5406:  Epot = -129886.511eV  Ekin = 696.709eV (T = 291K)  Etot = -129189.802eV
Step 5407:  Epot = -129887.913eV  Ekin = 697.683eV (T = 292K)  Etot = -129190.230eV
Step 5408:  Epot = -129887.840eV  Ekin = 697.583eV (T = 292K)  Etot = -129190.257eV
Step 5409:  Epot = -129886.647eV  Ekin = 696.503eV (T = 291K)  Etot = -129190.144eV
Step 5410:  Epot = -129886.020eV  Ekin = 695.970eV (T = 291K)  Etot = -129190.050eV
Step 5411:  Epot = -129888.290eV  Ekin = 697.964eV (T = 292K)  Etot = -129190.325eV
Step 5412:  Epot = -129893.028eV  Ekin = 702.591eV (T = 294K)  Etot = -129190.437eV
Step 5413:  Epot = -129893.763eV  Ekin = 704.033eV (T = 294K)  Etot = -129189.729eV
Step 5414:  Epot = -129890.356eV  Ekin = 700.593eV (T = 293K)  Etot = -129189.763eV
Step 5415:  Epot = -129887.760eV  Ekin = 698.239eV (T = 292K)  Etot = -129189.521eV
Step 5416:  Epot = -129887.490eV  Ekin = 698.000eV (T = 292K)  Etot = -129189.490eV
Step 5417:  Epot = -129887.099eV  Ekin = 697.856eV (T = 292K)  Etot = -129189.244eV
Step 5418:  Epot = -129884.696eV  Ekin = 695.912eV (T = 291K)  Etot = -129188.783eV
Step 5419:  Epot = -129882.318eV  Ekin = 693.995eV (T = 290K)  Etot = -129188.322eV
Step 5420:  Epot = -129883.469eV  Ekin = 695.375eV (T = 291K)  Etot = -129188.095eV
Step 5421:  Epot = -129888.992eV  Ekin = 700.625eV (T = 293K)  Etot = -129188.367eV
Step 5422:  Epot = -129892.323eV  Ekin = 703.890eV (T = 294K)  Etot = -129188.433eV
Step 5423:  Epot = -129890.405eV  Ekin = 702.398eV (T = 294K)  Etot = -129188.007eV
Step 5424:  Epot = -129886.981eV  Ekin = 699.605eV (T = 293K)  Etot = -129187.377eV
Step 5425:  Epot = -129886.438eV  Ekin = 699.185eV (T = 292K)  Etot = -129187.253eV
Step 5426:  Epot = -129887.766eV  Ekin = 700.234eV (T = 293K)  Etot = -129187.532eV
Step 5427:  Epot = -129887.184eV  Ekin = 699.953eV (T = 293K)  Etot = -129187.231eV
Step 5428:  Epot = -129884.580eV  Ekin = 697.905eV (T = 292K)  Etot = -129186.675eV
Step 5429:  Epot = -129883.257eV  Ekin = 696.601eV (T = 291K)  Etot = -129186.656eV
Step 5430:  Epot = -129886.708eV  Ekin = 700.031eV (T = 293K)  Etot = -129186.677eV
Step 5431:  Epot = -129890.480eV  Ekin = 703.545eV (T = 294K)  Etot = -129186.936eV
Step 5432:  Epot = -129890.021eV  Ekin = 703.333eV (T = 294K)  Etot = -129186.688eV
Step 5433:  Epot = -129885.885eV  Ekin = 699.897eV (T = 293K)  Etot = -129185.988eV
Step 5434:  Epot = -129883.290eV  Ekin = 697.403eV (T = 292K)  Etot = -129185.888eV
Step 5435:  Epot = -129883.680eV  Ekin = 697.556eV (T = 292K)  Etot = -129186.124eV
Step 5436:  Epot = -129883.143eV  Ekin = 696.906eV (T = 291K)  Etot = -129186.236eV
Step 5437:  Epot = -129879.573eV  Ekin = 693.601eV (T = 290K)  Etot = -129185.973eV
Step 5438:  Epot = -129876.938eV  Ekin = 691.336eV (T = 289K)  Etot = -129185.602eV
Step 5439:  Epot = -129879.504eV  Ekin = 693.615eV (T = 290K)  Etot = -129185.889eV
Step 5440:  Epot = -129883.954eV  Ekin = 697.605eV (T = 292K)  Etot = -129186.350eV
Step 5441:  Epot = -129885.272eV  Ekin = 699.399eV (T = 292K)  Etot = -129185.873eV
Step 5442:  Epot = -129882.414eV  Ekin = 696.864eV (T = 291K)  Etot = -129185.549eV
Step 5443:  Epot = -129880.017eV  Ekin = 694.575eV (T = 290K)  Etot = -129185.442eV
Step 5444:  Epot = -129880.606eV  Ekin = 694.856eV (T = 291K)  Etot = -129185.751eV
Step 5445:  Epot = -129880.922eV  Ekin = 695.041eV (T = 291K)  Etot = -129185.881eV
Step 5446:  Epot = -129878.003eV  Ekin = 692.401eV (T = 290K)  Etot = -129185.601eV
Step 5447:  Epot = -129874.322eV  Ekin = 689.256eV (T = 288K)  Etot = -129185.066eV
Step 5448:  Epot = -129874.591eV  Ekin = 689.677eV (T = 288K)  Etot = -129184.914eV
Step 5449:  Epot = -129878.627eV  Ekin = 694.046eV (T = 290K)  Etot = -129184.581eV
Step 5450:  Epot = -129881.854eV  Ekin = 697.293eV (T = 292K)  Etot = -129184.561eV
Step 5451:  Epot = -129880.884eV  Ekin = 697.003eV (T = 291K)  Etot = -129183.880eV
Step 5452:  Epot = -129878.494eV  Ekin = 695.028eV (T = 291K)  Etot = -129183.466eV
Step 5453:  Epot = -129878.465eV  Ekin = 695.449eV (T = 291K)  Etot = -129183.016eV
Step 5454:  Epot = -129879.939eV  Ekin = 696.978eV (T = 291K)  Etot = -129182.962eV
Step 5455:  Epot = -129879.400eV  Ekin = 695.969eV (T = 291K)  Etot = -129183.431eV
Step 5456:  Epot = -129876.517eV  Ekin = 693.043eV (T = 290K)  Etot = -129183.474eV
Step 5457:  Epot = -129875.690eV  Ekin = 692.173eV (T = 289K)  Etot = -129183.517eV
Step 5458:  Epot = -129878.498eV  Ekin = 694.685eV (T = 290K)  Etot = -129183.813eV
Step 5459:  Epot = -129881.992eV  Ekin = 697.847eV (T = 292K)  Etot = -129184.145eV
Step 5460:  Epot = -129882.348eV  Ekin = 698.217eV (T = 292K)  Etot = -129184.131eV
Step 5461:  Epot = -129880.086eV  Ekin = 696.153eV (T = 291K)  Etot = -129183.933eV
Step 5462:  Epot = -129879.198eV  Ekin = 695.300eV (T = 291K)  Etot = -129183.898eV
Step 5463:  Epot = -129880.549eV  Ekin = 696.497eV (T = 291K)  Etot = -129184.052eV
Step 5464:  Epot = -129880.774eV  Ekin = 696.552eV (T = 291K)  Etot = -129184.222eV
Step 5465:  Epot = -129878.138eV  Ekin = 694.093eV (T = 290K)  Etot = -129184.046eV
Step 5466:  Epot = -129876.179eV  Ekin = 692.292eV (T = 289K)  Etot = -129183.888eV
Step 5467:  Epot = -129877.127eV  Ekin = 693.100eV (T = 290K)  Etot = -129184.027eV
Step 5468:  Epot = -129879.420eV  Ekin = 695.645eV (T = 291K)  Etot = -129183.775eV
Step 5469:  Epot = -129880.070eV  Ekin = 696.123eV (T = 291K)  Etot = -129183.947eV
Step 5470:  Epot = -129877.837eV  Ekin = 694.308eV (T = 290K)  Etot = -129183.529eV
Step 5471:  Epot = -129875.385eV  Ekin = 691.763eV (T = 289K)  Etot = -129183.622eV
Step 5472:  Epot = -129876.270eV  Ekin = 692.394eV (T = 290K)  Etot = -129183.875eV
Step 5473:  Epot = -129878.127eV  Ekin = 694.179eV (T = 290K)  Etot = -129183.948eV
Step 5474:  Epot = -129876.208eV  Ekin = 692.828eV (T = 290K)  Etot = -129183.380eV
Step 5475:  Epot = -129873.450eV  Ekin = 690.198eV (T = 289K)  Etot = -129183.253eV
Step 5476:  Epot = -129873.524eV  Ekin = 690.382eV (T = 289K)  Etot = -129183.142eV
Step 5477:  Epot = -129876.080eV  Ekin = 692.334eV (T = 289K)  Etot = -129183.746eV
Step 5478:  Epot = -129878.096eV  Ekin = 694.384eV (T = 290K)  Etot = -129183.712eV
Step 5479:  Epot = -129877.421eV  Ekin = 693.104eV (T = 290K)  Etot = -129184.317eV
Step 5480:  Epot = -129875.297eV  Ekin = 691.329eV (T = 289K)  Etot = -129183.969eV
Step 5481:  Epot = -129875.610eV  Ekin = 691.639eV (T = 289K)  Etot = -129183.971eV
Step 5482:  Epot = -129878.391eV  Ekin = 694.025eV (T = 290K)  Etot = -129184.366eV
Step 5483:  Epot = -129878.621eV  Ekin = 693.956eV (T = 290K)  Etot = -129184.665eV
Step 5484:  Epot = -129877.378eV  Ekin = 693.445eV (T = 290K)  Etot = -129183.933eV
Step 5485:  Epot = -129878.194eV  Ekin = 694.169eV (T = 290K)  Etot = -129184.025eV
Step 5486:  Epot = -129880.913eV  Ekin = 696.791eV (T = 291K)  Etot = -129184.123eV
Step 5487:  Epot = -129883.399eV  Ekin = 698.925eV (T = 292K)  Etot = -129184.474eV
Step 5488:  Epot = -129883.691eV  Ekin = 698.978eV (T = 292K)  Etot = -129184.713eV
Step 5489:  Epot = -129881.378eV  Ekin = 697.331eV (T = 292K)  Etot = -129184.047eV
Step 5490:  Epot = -129880.268eV  Ekin = 695.676eV (T = 291K)  Etot = -129184.592eV
Step 5491:  Epot = -129882.436eV  Ekin = 697.792eV (T = 292K)  Etot = -129184.644eV
Step 5492:  Epot = -129883.419eV  Ekin = 699.044eV (T = 292K)  Etot = -129184.375eV
Step 5493:  Epot = -129881.999eV  Ekin = 698.153eV (T = 292K)  Etot = -129183.846eV
Step 5494:  Epot = -129880.604eV  Ekin = 696.842eV (T = 291K)  Etot = -129183.763eV
Step 5495:  Epot = -129880.458eV  Ekin = 696.883eV (T = 291K)  Etot = -129183.574eV
Step 5496:  Epot = -129882.016eV  Ekin = 698.582eV (T = 292K)  Etot = -129183.435eV
Step 5497:  Epot = -129883.507eV  Ekin = 699.732eV (T = 293K)  Etot = -129183.775eV
Step 5498:  Epot = -129880.774eV  Ekin = 697.200eV (T = 292K)  Etot = -129183.574eV
Step 5499:  Epot = -129876.674eV  Ekin = 693.742eV (T = 290K)  Etot = -129182.933eV
Step 5500:  Epot = -129876.774eV  Ekin = 693.714eV (T = 290K)  Etot = -129183.060eV
Step 5501:  Epot = -129878.268eV  Ekin = 695.109eV (T = 291K)  Etot = -129183.159eV
Step 5502:  Epot = -129878.603eV  Ekin = 695.588eV (T = 291K)  Etot = -129183.015eV
Step 5503:  Epot = -129877.969eV  Ekin = 695.340eV (T = 291K)  Etot = -129182.629eV
Step 5504:  Epot = -129876.640eV  Ekin = 693.936eV (T = 290K)  Etot = -129182.705eV
Step 5505:  Epot = -129877.922eV  Ekin = 695.179eV (T = 291K)  Etot = -129182.743eV
Step 5506:  Epot = -129881.842eV  Ekin = 698.412eV (T = 292K)  Etot = -129183.430eV
Step 5507:  Epot = -129882.086eV  Ekin = 698.555eV (T = 292K)  Etot = -129183.531eV
Step 5508:  Epot = -129877.904eV  Ekin = 694.882eV (T = 291K)  Etot = -129183.022eV
Step 5509:  Epot = -129876.472eV  Ekin = 693.649eV (T = 290K)  Etot = -129182.823eV
Step 5510:  Epot = -129877.805eV  Ekin = 694.757eV (T = 291K)  Etot = -129183.048eV
Step 5511:  Epot = -129879.481eV  Ekin = 696.518eV (T = 291K)  Etot = -129182.963eV
Step 5512:  Epot = -129880.653eV  Ekin = 697.235eV (T = 292K)  Etot = -129183.418eV
Step 5513:  Epot = -129879.094eV  Ekin = 696.114eV (T = 291K)  Etot = -129182.980eV
Step 5514:  Epot = -129878.723eV  Ekin = 695.973eV (T = 291K)  Etot = -129182.751eV
Step 5515:  Epot = -129882.094eV  Ekin = 699.429eV (T = 292K)  Etot = -129182.664eV
Step 5516:  Epot = -129883.165eV  Ekin = 699.981eV (T = 293K)  Etot = -129183.185eV
Step 5517:  Epot = -129879.122eV  Ekin = 696.862eV (T = 291K)  Etot = -129182.261eV
Step 5518:  Epot = -129876.205eV  Ekin = 693.699eV (T = 290K)  Etot = -129182.506eV
Step 5519:  Epot = -129876.462eV  Ekin = 693.854eV (T = 290K)  Etot = -129182.608eV
Step 5520:  Epot = -129877.655eV  Ekin = 695.409eV (T = 291K)  Etot = -129182.246eV
Step 5521:  Epot = -129878.243eV  Ekin = 696.033eV (T = 291K)  Etot = -129182.210eV
Step 5522:  Epot = -129875.738eV  Ekin = 693.711eV (T = 290K)  Etot = -129182.027eV
Step 5523:  Epot = -129874.285eV  Ekin = 691.846eV (T = 289K)  Etot = -129182.439eV
Step 5524:  Epot = -129878.741eV  Ekin = 695.689eV (T = 291K)  Etot = -129183.052eV
Step 5525:  Epot = -129881.962eV  Ekin = 698.402eV (T = 292K)  Etot = -129183.559eV
Step 5526:  Epot = -129878.299eV  Ekin = 695.290eV (T = 291K)  Etot = -129183.010eV
Step 5527:  Epot = -129874.717eV  Ekin = 692.030eV (T = 289K)  Etot = -129182.686eV
Step 5528:  Epot = -129875.060eV  Ekin = 692.608eV (T = 290K)  Etot = -129182.453eV
Step 5529:  Epot = -129877.657eV  Ekin = 694.889eV (T = 291K)  Etot = -129182.768eV
Step 5530:  Epot = -129879.395eV  Ekin = 696.623eV (T = 291K)  Etot = -129182.773eV
Step 5531:  Epot = -129877.267eV  Ekin = 694.521eV (T = 290K)  Etot = -129182.746eV
Step 5532:  Epot = -129874.487eV  Ekin = 692.002eV (T = 289K)  Etot = -129182.485eV
Step 5533:  Epot = -129878.097eV  Ekin = 695.510eV (T = 291K)  Etot = -129182.587eV
Step 5534:  Epot = -129883.543eV  Ekin = 700.549eV (T = 293K)  Etot = -129182.994eV
Step 5535:  Epot = -129882.005eV  Ekin = 699.455eV (T = 292K)  Etot = -129182.550eV
Step 5536:  Epot = -129877.504eV  Ekin = 695.513eV (T = 291K)  Etot = -129181.991eV
Step 5537:  Epot = -129876.208eV  Ekin = 694.043eV (T = 290K)  Etot = -129182.165eV
Step 5538:  Epot = -129878.373eV  Ekin = 695.889eV (T = 291K)  Etot = -129182.484eV
Step 5539:  Epot = -129880.951eV  Ekin = 698.453eV (T = 292K)  Etot = -129182.498eV
Step 5540:  Epot = -129879.153eV  Ekin = 696.834eV (T = 291K)  Etot = -129182.319eV
Step 5541:  Epot = -129874.043eV  Ekin = 692.597eV (T = 290K)  Etot = -129181.446eV
Step 5542:  Epot = -129874.275eV  Ekin = 692.373eV (T = 290K)  Etot = -129181.902eV
Step 5543:  Epot = -129879.857eV  Ekin = 697.423eV (T = 292K)  Etot = -129182.434eV
Step 5544:  Epot = -129880.524eV  Ekin = 698.167eV (T = 292K)  Etot = -129182.356eV
Step 5545:  Epot = -129876.613eV  Ekin = 694.604eV (T = 290K)  Etot = -129182.009eV
Step 5546:  Epot = -129875.172eV  Ekin = 693.669eV (T = 290K)  Etot = -129181.502eV
Step 5547:  Epot = -129877.139eV  Ekin = 695.399eV (T = 291K)  Etot = -129181.740eV
Step 5548:  Epot = -129879.895eV  Ekin = 697.928eV (T = 292K)  Etot = -129181.967eV
Step 5549:  Epot = -129878.986eV  Ekin = 697.280eV (T = 292K)  Etot = -129181.706eV
Step 5550:  Epot = -129874.188eV  Ekin = 693.525eV (T = 290K)  Etot = -129180.663eV
Step 5551:  Epot = -129873.541eV  Ekin = 692.348eV (T = 289K)  Etot = -129181.193eV
Step 5552:  Epot = -129879.327eV  Ekin = 696.761eV (T = 291K)  Etot = -129182.566eV
Step 5553:  Epot = -129882.209eV  Ekin = 699.477eV (T = 292K)  Etot = -129182.732eV
Step 5554:  Epot = -129879.214eV  Ekin = 697.186eV (T = 292K)  Etot = -129182.028eV
Step 5555:  Epot = -129876.564eV  Ekin = 694.642eV (T = 290K)  Etot = -129181.922eV
Step 5556:  Epot = -129877.869eV  Ekin = 696.400eV (T = 291K)  Etot = -129181.470eV
Step 5557:  Epot = -129881.776eV  Ekin = 699.644eV (T = 293K)  Etot = -129182.132eV
Step 5558:  Epot = -129881.749eV  Ekin = 699.362eV (T = 292K)  Etot = -129182.387eV
Step 5559:  Epot = -129876.173eV  Ekin = 694.270eV (T = 290K)  Etot = -129181.903eV
Step 5560:  Epot = -129873.528eV  Ekin = 692.099eV (T = 289K)  Etot = -129181.429eV
Step 5561:  Epot = -129877.740eV  Ekin = 695.783eV (T = 291K)  Etot = -129181.957eV
Step 5562:  Epot = -129880.506eV  Ekin = 697.937eV (T = 292K)  Etot = -129182.570eV
Step 5563:  Epot = -129877.136eV  Ekin = 695.268eV (T = 291K)  Etot = -129181.868eV
Step 5564:  Epot = -129872.612eV  Ekin = 691.061eV (T = 289K)  Etot = -129181.550eV
Step 5565:  Epot = -129872.829eV  Ekin = 691.158eV (T = 289K)  Etot = -129181.671eV
Step 5566:  Epot = -129877.153eV  Ekin = 695.069eV (T = 291K)  Etot = -129182.084eV
Step 5567:  Epot = -129877.816eV  Ekin = 695.396eV (T = 291K)  Etot = -129182.420eV
Step 5568:  Epot = -129872.589eV  Ekin = 690.462eV (T = 289K)  Etot = -129182.128eV
Step 5569:  Epot = -129868.793eV  Ekin = 686.438eV (T = 287K)  Etot = -129182.355eV
Step 5570:  Epot = -129871.946eV  Ekin = 688.989eV (T = 288K)  Etot = -129182.957eV
Step 5571:  Epot = -129876.537eV  Ekin = 693.067eV (T = 290K)  Etot = -129183.470eV
Step 5572:  Epot = -129875.554eV  Ekin = 692.423eV (T = 290K)  Etot = -129183.131eV
Step 5573:  Epot = -129871.402eV  Ekin = 688.661eV (T = 288K)  Etot = -129182.740eV
Step 5574:  Epot = -129870.985eV  Ekin = 688.167eV (T = 288K)  Etot = -129182.818eV
Step 5575:  Epot = -129875.666eV  Ekin = 692.645eV (T = 290K)  Etot = -129183.021eV
Step 5576:  Epot = -129878.721eV  Ekin = 695.303eV (T = 291K)  Etot = -129183.417eV
Step 5577:  Epot = -129875.697eV  Ekin = 693.234eV (T = 290K)  Etot = -129182.463eV
Step 5578:  Epot = -129871.665eV  Ekin = 690.076eV (T = 289K)  Etot = -129181.589eV
Step 5579:  Epot = -129873.225eV  Ekin = 691.659eV (T = 289K)  Etot = -129181.566eV
Step 5580:  Epot = -129878.247eV  Ekin = 696.002eV (T = 291K)  Etot = -129182.245eV
Step 5581:  Epot = -129879.081eV  Ekin = 697.060eV (T = 291K)  Etot = -129182.022eV
Step 5582:  Epot = -129875.413eV  Ekin = 694.120eV (T = 290K)  Etot = -129181.293eV
Step 5583:  Epot = -129873.895eV  Ekin = 692.325eV (T = 289K)  Etot = -129181.571eV
Step 5584:  Epot = -129877.546eV  Ekin = 695.316eV (T = 291K)  Etot = -129182.230eV
Step 5585:  Epot = -129880.203eV  Ekin = 697.836eV (T = 292K)  Etot = -129182.367eV
Step 5586:  Epot = -129877.076eV  Ekin = 695.218eV (T = 291K)  Etot = -129181.858eV
Step 5587:  Epot = -129872.564eV  Ekin = 690.959eV (T = 289K)  Etot = -129181.605eV
Step 5588:  Epot = -129872.773eV  Ekin = 691.293eV (T = 289K)  Etot = -129181.480eV
Step 5589:  Epot = -129876.362eV  Ekin = 694.710eV (T = 290K)  Etot = -129181.652eV
Step 5590:  Epot = -129876.996eV  Ekin = 695.563eV (T = 291K)  Etot = -129181.433eV
Step 5591:  Epot = -129872.838eV  Ekin = 691.800eV (T = 289K)  Etot = -129181.038eV
Step 5592:  Epot = -129869.562eV  Ekin = 688.936eV (T = 288K)  Etot = -129180.626eV
Step 5593:  Epot = -129872.919eV  Ekin = 691.665eV (T = 289K)  Etot = -129181.253eV
Step 5594:  Epot = -129877.338eV  Ekin = 695.077eV (T = 291K)  Etot = -129182.261eV
Step 5595:  Epot = -129875.749eV  Ekin = 693.622eV (T = 290K)  Etot = -129182.127eV
Step 5596:  Epot = -129871.267eV  Ekin = 689.323eV (T = 288K)  Etot = -129181.944eV
Step 5597:  Epot = -129870.779eV  Ekin = 689.190eV (T = 288K)  Etot = -129181.589eV
Step 5598:  Epot = -129874.993eV  Ekin = 693.141eV (T = 290K)  Etot = -129181.852eV
Step 5599:  Epot = -129878.650eV  Ekin = 695.947eV (T = 291K)  Etot = -129182.703eV
Step 5600:  Epot = -129876.334eV  Ekin = 694.146eV (T = 290K)  Etot = -129182.188eV
Step 5601:  Epot = -129872.340eV  Ekin = 691.187eV (T = 289K)  Etot = -129181.153eV
Step 5602:  Epot = -129875.030eV  Ekin = 693.764eV (T = 290K)  Etot = -129181.266eV
Step 5603:  Epot = -129880.230eV  Ekin = 698.197eV (T = 292K)  Etot = -129182.033eV
Step 5604:  Epot = -129879.837eV  Ekin = 698.276eV (T = 292K)  Etot = -129181.561eV
Step 5605:  Epot = -129875.866eV  Ekin = 694.700eV (T = 290K)  Etot = -129181.166eV
Step 5606:  Epot = -129874.339eV  Ekin = 694.044eV (T = 290K)  Etot = -129180.295eV
Step 5607:  Epot = -129876.827eV  Ekin = 696.521eV (T = 291K)  Etot = -129180.306eV
Step 5608:  Epot = -129879.727eV  Ekin = 699.022eV (T = 292K)  Etot = -129180.706eV
Step 5609:  Epot = -129877.943eV  Ekin = 696.714eV (T = 291K)  Etot = -129181.229eV
Step 5610:  Epot = -129873.033eV  Ekin = 692.490eV (T = 290K)  Etot = -129180.543eV
Step 5611:  Epot = -129872.832eV  Ekin = 692.235eV (T = 289K)  Etot = -129180.597eV
Step 5612:  Epot = -129876.077eV  Ekin = 694.815eV (T = 291K)  Etot = -129181.262eV
Step 5613:  Epot = -129875.985eV  Ekin = 695.215eV (T = 291K)  Etot = -129180.769eV
Step 5614:  Epot = -129873.049eV  Ekin = 692.154eV (T = 289K)  Etot = -129180.895eV
Step 5615:  Epot = -129871.815eV  Ekin = 690.948eV (T = 289K)  Etot = -129180.867eV
Step 5616:  Epot = -129874.043eV  Ekin = 693.040eV (T = 290K)  Etot = -129181.004eV
Step 5617:  Epot = -129876.964eV  Ekin = 695.734eV (T = 291K)  Etot = -129181.230eV
Step 5618:  Epot = -129876.819eV  Ekin = 695.696eV (T = 291K)  Etot = -129181.124eV
Step 5619:  Epot = -129874.100eV  Ekin = 693.434eV (T = 290K)  Etot = -129180.667eV
Step 5620:  Epot = -129873.790eV  Ekin = 693.116eV (T = 290K)  Etot = -129180.674eV
Step 5621:  Epot = -129875.958eV  Ekin = 695.005eV (T = 291K)  Etot = -129180.952eV
Step 5622:  Epot = -129876.904eV  Ekin = 695.732eV (T = 291K)  Etot = -129181.172eV
Step 5623:  Epot = -129876.304eV  Ekin = 694.766eV (T = 291K)  Etot = -129181.538eV
Step 5624:  Epot = -129875.285eV  Ekin = 694.324eV (T = 290K)  Etot = -129180.960eV
Step 5625:  Epot = -129876.202eV  Ekin = 695.315eV (T = 291K)  Etot = -129180.887eV
Step 5626:  Epot = -129878.265eV  Ekin = 697.526eV (T = 292K)  Etot = -129180.740eV
Step 5627:  Epot = -129879.294eV  Ekin = 699.022eV (T = 292K)  Etot = -129180.272eV
Step 5628:  Epot = -129878.574eV  Ekin = 698.418eV (T = 292K)  Etot = -129180.155eV
Step 5629:  Epot = -129877.229eV  Ekin = 697.310eV (T = 292K)  Etot = -129179.918eV
Step 5630:  Epot = -129876.173eV  Ekin = 696.279eV (T = 291K)  Etot = -129179.895eV
Step 5631:  Epot = -129875.296eV  Ekin = 695.207eV (T = 291K)  Etot = -129180.089eV
Step 5632:  Epot = -129874.664eV  Ekin = 694.662eV (T = 290K)  Etot = -129180.001eV
Step 5633:  Epot = -129873.388eV  Ekin = 693.059eV (T = 290K)  Etot = -129180.329eV
Step 5634:  Epot = -129872.724eV  Ekin = 692.751eV (T = 290K)  Etot = -129179.973eV
Step 5635:  Epot = -129873.490eV  Ekin = 693.609eV (T = 290K)  Etot = -129179.881eV
Step 5636:  Epot = -129873.750eV  Ekin = 694.306eV (T = 290K)  Etot = -129179.444eV
Step 5637:  Epot = -129873.212eV  Ekin = 694.036eV (T = 290K)  Etot = -129179.176eV
Step 5638:  Epot = -129872.565eV  Ekin = 693.870eV (T = 290K)  Etot = -129178.695eV
Step 5639:  Epot = -129872.176eV  Ekin = 693.334eV (T = 290K)  Etot = -129178.842eV
Step 5640:  Epot = -129871.991eV  Ekin = 693.606eV (T = 290K)  Etot = -129178.385eV
Step 5641:  Epot = -129873.511eV  Ekin = 695.066eV (T = 291K)  Etot = -129178.446eV
Step 5642:  Epot = -129875.067eV  Ekin = 696.578eV (T = 291K)  Etot = -129178.490eV
Step 5643:  Epot = -129875.550eV  Ekin = 697.439eV (T = 292K)  Etot = -129178.111eV
Step 5644:  Epot = -129876.265eV  Ekin = 698.816eV (T = 292K)  Etot = -129177.449eV
Step 5645:  Epot = -129877.167eV  Ekin = 699.622eV (T = 293K)  Etot = -129177.544eV
Step 5646:  Epot = -129877.820eV  Ekin = 700.492eV (T = 293K)  Etot = -129177.328eV
Step 5647:  Epot = -129878.913eV  Ekin = 701.588eV (T = 293K)  Etot = -129177.325eV
Step 5648:  Epot = -129879.513eV  Ekin = 701.794eV (T = 293K)  Etot = -129177.719eV
Step 5649:  Epot = -129878.764eV  Ekin = 701.168eV (T = 293K)  Etot = -129177.597eV
Step 5650:  Epot = -129879.575eV  Ekin = 702.082eV (T = 294K)  Etot = -129177.493eV
Step 5651:  Epot = -129881.607eV  Ekin = 703.772eV (T = 294K)  Etot = -129177.836eV
Step 5652:  Epot = -129882.171eV  Ekin = 704.360eV (T = 295K)  Etot = -129177.811eV
Step 5653:  Epot = -129882.066eV  Ekin = 704.169eV (T = 294K)  Etot = -129177.897eV
Step 5654:  Epot = -129881.911eV  Ekin = 703.633eV (T = 294K)  Etot = -129178.279eV
Step 5655:  Epot = -129881.808eV  Ekin = 703.434eV (T = 294K)  Etot = -129178.374eV
Step 5656:  Epot = -129882.757eV  Ekin = 704.359eV (T = 295K)  Etot = -129178.398eV
Step 5657:  Epot = -129882.783eV  Ekin = 703.907eV (T = 294K)  Etot = -129178.876eV
Step 5658:  Epot = -129879.929eV  Ekin = 701.237eV (T = 293K)  Etot = -129178.692eV
Step 5659:  Epot = -129878.237eV  Ekin = 700.284eV (T = 293K)  Etot = -129177.954eV
Step 5660:  Epot = -129879.358eV  Ekin = 701.112eV (T = 293K)  Etot = -129178.246eV
Step 5661:  Epot = -129880.396eV  Ekin = 701.734eV (T = 293K)  Etot = -129178.663eV
Step 5662:  Epot = -129879.715eV  Ekin = 700.869eV (T = 293K)  Etot = -129178.846eV
Step 5663:  Epot = -129878.131eV  Ekin = 699.303eV (T = 292K)  Etot = -129178.828eV
Step 5664:  Epot = -129876.754eV  Ekin = 697.900eV (T = 292K)  Etot = -129178.854eV
Step 5665:  Epot = -129877.159eV  Ekin = 698.391eV (T = 292K)  Etot = -129178.769eV
Step 5666:  Epot = -129877.830eV  Ekin = 699.245eV (T = 292K)  Etot = -129178.585eV
Step 5667:  Epot = -129875.593eV  Ekin = 697.439eV (T = 292K)  Etot = -129178.154eV
Step 5668:  Epot = -129873.449eV  Ekin = 695.448eV (T = 291K)  Etot = -129178.001eV
Step 5669:  Epot = -129873.993eV  Ekin = 695.729eV (T = 291K)  Etot = -129178.264eV
Step 5670:  Epot = -129875.102eV  Ekin = 696.510eV (T = 291K)  Etot = -129178.592eV
Step 5671:  Epot = -129874.304eV  Ekin = 695.689eV (T = 291K)  Etot = -129178.615eV
Step 5672:  Epot = -129872.744eV  Ekin = 693.962eV (T = 290K)  Etot = -129178.782eV
Step 5673:  Epot = -129872.352eV  Ekin = 693.776eV (T = 290K)  Etot = -129178.576eV
Step 5674:  Epot = -129873.802eV  Ekin = 695.100eV (T = 291K)  Etot = -129178.702eV
Step 5675:  Epot = -129876.299eV  Ekin = 697.610eV (T = 292K)  Etot = -129178.688eV
Step 5676:  Epot = -129876.526eV  Ekin = 698.217eV (T = 292K)  Etot = -129178.308eV
Step 5677:  Epot = -129875.662eV  Ekin = 697.915eV (T = 292K)  Etot = -129177.748eV
Step 5678:  Epot = -129876.800eV  Ekin = 698.981eV (T = 292K)  Etot = -129177.819eV
Step 5679:  Epot = -129879.304eV  Ekin = 701.521eV (T = 293K)  Etot = -129177.782eV
Step 5680:  Epot = -129880.197eV  Ekin = 702.638eV (T = 294K)  Etot = -129177.559eV
Step 5681:  Epot = -129878.437eV  Ekin = 700.583eV (T = 293K)  Etot = -129177.854eV
Step 5682:  Epot = -129876.567eV  Ekin = 698.580eV (T = 292K)  Etot = -129177.987eV
Step 5683:  Epot = -129876.831eV  Ekin = 699.237eV (T = 292K)  Etot = -129177.594eV
Step 5684:  Epot = -129878.921eV  Ekin = 701.156eV (T = 293K)  Etot = -129177.765eV
Step 5685:  Epot = -129879.307eV  Ekin = 701.845eV (T = 293K)  Etot = -129177.462eV
Step 5686:  Epot = -129877.888eV  Ekin = 700.340eV (T = 293K)  Etot = -129177.548eV
Step 5687:  Epot = -129877.438eV  Ekin = 700.212eV (T = 293K)  Etot = -129177.226eV
Step 5688:  Epot = -129879.548eV  Ekin = 701.941eV (T = 294K)  Etot = -129177.606eV
Step 5689:  Epot = -129880.739eV  Ekin = 703.470eV (T = 294K)  Etot = -129177.269eV
Step 5690:  Epot = -129877.908eV  Ekin = 700.673eV (T = 293K)  Etot = -129177.235eV
Step 5691:  Epot = -129873.285eV  Ekin = 696.130eV (T = 291K)  Etot = -129177.155eV
Step 5692:  Epot = -129871.486eV  Ekin = 694.759eV (T = 291K)  Etot = -129176.726eV
Step 5693:  Epot = -129873.725eV  Ekin = 696.894eV (T = 291K)  Etot = -129176.831eV
Step 5694:  Epot = -129874.974eV  Ekin = 697.896eV (T = 292K)  Etot = -129177.078eV
Step 5695:  Epot = -129873.529eV  Ekin = 696.996eV (T = 291K)  Etot = -129176.533eV
Step 5696:  Epot = -129872.851eV  Ekin = 696.250eV (T = 291K)  Etot = -129176.601eV
Step 5697:  Epot = -129875.785eV  Ekin = 698.864eV (T = 292K)  Etot = -129176.921eV
Step 5698:  Epot = -129878.854eV  Ekin = 701.854eV (T = 293K)  Etot = -129177.001eV
Step 5699:  Epot = -129877.650eV  Ekin = 701.242eV (T = 293K)  Etot = -129176.408eV
Step 5700:  Epot = -129873.127eV  Ekin = 697.145eV (T = 292K)  Etot = -129175.982eV
Step 5701:  Epot = -129871.257eV  Ekin = 695.105eV (T = 291K)  Etot = -129176.152eV
Step 5702:  Epot = -129873.829eV  Ekin = 697.480eV (T = 292K)  Etot = -129176.349eV
Step 5703:  Epot = -129875.911eV  Ekin = 699.073eV (T = 292K)  Etot = -129176.838eV
Step 5704:  Epot = -129875.434eV  Ekin = 699.070eV (T = 292K)  Etot = -129176.364eV
Step 5705:  Epot = -129874.936eV  Ekin = 698.555eV (T = 292K)  Etot = -129176.381eV
Step 5706:  Epot = -129877.815eV  Ekin = 701.412eV (T = 293K)  Etot = -129176.403eV
Step 5707:  Epot = -129881.779eV  Ekin = 704.744eV (T = 295K)  Etot = -129177.035eV
Step 5708:  Epot = -129882.016eV  Ekin = 704.635eV (T = 295K)  Etot = -129177.381eV
Step 5709:  Epot = -129877.648eV  Ekin = 701.038eV (T = 293K)  Etot = -129176.609eV
Step 5710:  Epot = -129874.322eV  Ekin = 698.284eV (T = 292K)  Etot = -129176.038eV
Step 5711:  Epot = -129875.045eV  Ekin = 699.001eV (T = 292K)  Etot = -129176.044eV
Step 5712:  Epot = -129875.302eV  Ekin = 699.708eV (T = 293K)  Etot = -129175.594eV
Step 5713:  Epot = -129873.726eV  Ekin = 698.305eV (T = 292K)  Etot = -129175.421eV
Step 5714:  Epot = -129872.297eV  Ekin = 697.079eV (T = 291K)  Etot = -129175.219eV
Step 5715:  Epot = -129873.090eV  Ekin = 698.178eV (T = 292K)  Etot = -129174.912eV
Step 5716:  Epot = -129876.481eV  Ekin = 700.935eV (T = 293K)  Etot = -129175.546eV
Step 5717:  Epot = -129878.041eV  Ekin = 702.269eV (T = 294K)  Etot = -129175.772eV
Step 5718:  Epot = -129875.460eV  Ekin = 700.132eV (T = 293K)  Etot = -129175.327eV
Step 5719:  Epot = -129871.518eV  Ekin = 697.142eV (T = 291K)  Etot = -129174.376eV
Step 5720:  Epot = -129870.539eV  Ekin = 695.934eV (T = 291K)  Etot = -129174.604eV
Step 5721:  Epot = -129870.137eV  Ekin = 695.378eV (T = 291K)  Etot = -129174.760eV
Step 5722:  Epot = -129869.208eV  Ekin = 694.608eV (T = 290K)  Etot = -129174.601eV
Step 5723:  Epot = -129868.331eV  Ekin = 694.004eV (T = 290K)  Etot = -129174.327eV
Step 5724:  Epot = -129867.399eV  Ekin = 693.637eV (T = 290K)  Etot = -129173.763eV
Step 5725:  Epot = -129869.034eV  Ekin = 695.293eV (T = 291K)  Etot = -129173.741eV
Step 5726:  Epot = -129872.011eV  Ekin = 698.025eV (T = 292K)  Etot = -129173.986eV
Step 5727:  Epot = -129871.891eV  Ekin = 698.123eV (T = 292K)  Etot = -129173.767eV
Step 5728:  Epot = -129868.939eV  Ekin = 695.559eV (T = 291K)  Etot = -129173.380eV
Step 5729:  Epot = -129867.273eV  Ekin = 693.752eV (T = 290K)  Etot = -129173.521eV
Step 5730:  Epot = -129867.134eV  Ekin = 693.715eV (T = 290K)  Etot = -129173.419eV
Step 5731:  Epot = -129866.869eV  Ekin = 693.760eV (T = 290K)  Etot = -129173.109eV
Step 5732:  Epot = -129867.013eV  Ekin = 693.861eV (T = 290K)  Etot = -129173.152eV
Step 5733:  Epot = -129866.579eV  Ekin = 693.283eV (T = 290K)  Etot = -129173.297eV
Step 5734:  Epot = -129868.352eV  Ekin = 694.405eV (T = 290K)  Etot = -129173.948eV
Step 5735:  Epot = -129872.006eV  Ekin = 698.076eV (T = 292K)  Etot = -129173.929eV
Step 5736:  Epot = -129873.410eV  Ekin = 699.423eV (T = 292K)  Etot = -129173.987eV
Step 5737:  Epot = -129873.106eV  Ekin = 699.849eV (T = 293K)  Etot = -129173.257eV
Step 5738:  Epot = -129873.115eV  Ekin = 699.648eV (T = 293K)  Etot = -129173.467eV
Step 5739:  Epot = -129873.273eV  Ekin = 700.101eV (T = 293K)  Etot = -129173.172eV
Step 5740:  Epot = -129872.989eV  Ekin = 700.002eV (T = 293K)  Etot = -129172.986eV
Step 5741:  Epot = -129873.198eV  Ekin = 700.471eV (T = 293K)  Etot = -129172.728eV
Step 5742:  Epot = -129873.138eV  Ekin = 700.495eV (T = 293K)  Etot = -129172.643eV
Step 5743:  Epot = -129873.831eV  Ekin = 701.374eV (T = 293K)  Etot = -129172.457eV
Step 5744:  Epot = -129876.003eV  Ekin = 703.217eV (T = 294K)  Etot = -129172.787eV
Step 5745:  Epot = -129877.165eV  Ekin = 704.143eV (T = 294K)  Etot = -129173.022eV
Step 5746:  Epot = -129877.297eV  Ekin = 704.783eV (T = 295K)  Etot = -129172.514eV
Step 5747:  Epot = -129877.351eV  Ekin = 704.401eV (T = 295K)  Etot = -129172.950eV
Step 5748:  Epot = -129875.894eV  Ekin = 702.908eV (T = 294K)  Etot = -129172.986eV
Step 5749:  Epot = -129874.308eV  Ekin = 701.680eV (T = 293K)  Etot = -129172.628eV
Step 5750:  Epot = -129872.936eV  Ekin = 700.756eV (T = 293K)  Etot = -129172.180eV
Step 5751:  Epot = -129870.696eV  Ekin = 699.148eV (T = 292K)  Etot = -129171.549eV
Step 5752:  Epot = -129869.755eV  Ekin = 698.365eV (T = 292K)  Etot = -129171.391eV
Step 5753:  Epot = -129871.333eV  Ekin = 699.656eV (T = 293K)  Etot = -129171.678eV
Step 5754:  Epot = -129872.536eV  Ekin = 700.764eV (T = 293K)  Etot = -129171.773eV
Step 5755:  Epot = -129871.637eV  Ekin = 700.343eV (T = 293K)  Etot = -129171.293eV
Step 5756:  Epot = -129870.998eV  Ekin = 699.660eV (T = 293K)  Etot = -129171.337eV
Step 5757:  Epot = -129870.268eV  Ekin = 699.186eV (T = 292K)  Etot = -129171.082eV
Step 5758:  Epot = -129869.684eV  Ekin = 698.670eV (T = 292K)  Etot = -129171.014eV
Step 5759:  Epot = -129869.234eV  Ekin = 698.032eV (T = 292K)  Etot = -129171.201eV
Step 5760:  Epot = -129867.348eV  Ekin = 696.363eV (T = 291K)  Etot = -129170.985eV
Step 5761:  Epot = -129866.102eV  Ekin = 694.809eV (T = 291K)  Etot = -129171.293eV
Step 5762:  Epot = -129867.148eV  Ekin = 695.648eV (T = 291K)  Etot = -129171.500eV
Step 5763:  Epot = -129868.145eV  Ekin = 696.839eV (T = 291K)  Etot = -129171.307eV
Step 5764:  Epot = -129867.883eV  Ekin = 697.321eV (T = 292K)  Etot = -129170.562eV
Step 5765:  Epot = -129869.107eV  Ekin = 698.131eV (T = 292K)  Etot = -129170.975eV
Step 5766:  Epot = -129870.517eV  Ekin = 699.401eV (T = 292K)  Etot = -129171.116eV
Step 5767:  Epot = -129871.066eV  Ekin = 699.934eV (T = 293K)  Etot = -129171.132eV
Step 5768:  Epot = -129871.794eV  Ekin = 700.689eV (T = 293K)  Etot = -129171.105eV
Step 5769:  Epot = -129871.269eV  Ekin = 700.154eV (T = 293K)  Etot = -129171.115eV
Step 5770:  Epot = -129870.798eV  Ekin = 699.822eV (T = 293K)  Etot = -129170.975eV
Step 5771:  Epot = -129871.765eV  Ekin = 700.807eV (T = 293K)  Etot = -129170.958eV
Step 5772:  Epot = -129872.311eV  Ekin = 701.036eV (T = 293K)  Etot = -129171.275eV
Step 5773:  Epot = -129872.928eV  Ekin = 701.713eV (T = 293K)  Etot = -129171.215eV
Step 5774:  Epot = -129875.710eV  Ekin = 704.116eV (T = 294K)  Etot = -129171.595eV
Step 5775:  Epot = -129877.532eV  Ekin = 705.554eV (T = 295K)  Etot = -129171.978eV
Step 5776:  Epot = -129876.545eV  Ekin = 704.403eV (T = 295K)  Etot = -129172.142eV
Step 5777:  Epot = -129876.055eV  Ekin = 704.118eV (T = 294K)  Etot = -129171.937eV
Step 5778:  Epot = -129875.592eV  Ekin = 703.781eV (T = 294K)  Etot = -129171.811eV
Step 5779:  Epot = -129875.461eV  Ekin = 703.830eV (T = 294K)  Etot = -129171.631eV
Step 5780:  Epot = -129876.246eV  Ekin = 703.888eV (T = 294K)  Etot = -129172.359eV
Step 5781:  Epot = -129875.222eV  Ekin = 702.917eV (T = 294K)  Etot = -129172.305eV
Step 5782:  Epot = -129873.209eV  Ekin = 701.054eV (T = 293K)  Etot = -129172.155eV
Step 5783:  Epot = -129873.651eV  Ekin = 701.360eV (T = 293K)  Etot = -129172.292eV
Step 5784:  Epot = -129875.548eV  Ekin = 702.849eV (T = 294K)  Etot = -129172.699eV
Step 5785:  Epot = -129875.791eV  Ekin = 703.120eV (T = 294K)  Etot = -129172.671eV
Step 5786:  Epot = -129875.211eV  Ekin = 702.496eV (T = 294K)  Etot = -129172.715eV
Step 5787:  Epot = -129873.868eV  Ekin = 701.055eV (T = 293K)  Etot = -129172.813eV
Step 5788:  Epot = -129872.626eV  Ekin = 699.826eV (T = 293K)  Etot = -129172.800eV
Step 5789:  Epot = -129873.028eV  Ekin = 699.914eV (T = 293K)  Etot = -129173.114eV
Step 5790:  Epot = -129871.949eV  Ekin = 698.648eV (T = 292K)  Etot = -129173.301eV
Step 5791:  Epot = -129869.198eV  Ekin = 696.048eV (T = 291K)  Etot = -129173.150eV
Step 5792:  Epot = -129869.009eV  Ekin = 696.420eV (T = 291K)  Etot = -129172.589eV
Step 5793:  Epot = -129871.529eV  Ekin = 698.340eV (T = 292K)  Etot = -129173.189eV
Step 5794:  Epot = -129872.765eV  Ekin = 699.383eV (T = 292K)  Etot = -129173.383eV
Step 5795:  Epot = -129872.334eV  Ekin = 699.356eV (T = 292K)  Etot = -129172.978eV
Step 5796:  Epot = -129871.301eV  Ekin = 698.414eV (T = 292K)  Etot = -129172.887eV
Step 5797:  Epot = -129870.699eV  Ekin = 697.785eV (T = 292K)  Etot = -129172.914eV
Step 5798:  Epot = -129872.112eV  Ekin = 699.061eV (T = 292K)  Etot = -129173.052eV
Step 5799:  Epot = -129872.415eV  Ekin = 698.949eV (T = 292K)  Etot = -129173.467eV
Step 5800:  Epot = -129869.958eV  Ekin = 696.804eV (T = 291K)  Etot = -129173.154eV
Step 5801:  Epot = -129869.558eV  Ekin = 696.774eV (T = 291K)  Etot = -129172.784eV
Step 5802:  Epot = -129872.314eV  Ekin = 699.046eV (T = 292K)  Etot = -129173.269eV
Step 5803:  Epot = -129874.421eV  Ekin = 700.652eV (T = 293K)  Etot = -129173.769eV
Step 5804:  Epot = -129874.276eV  Ekin = 700.663eV (T = 293K)  Etot = -129173.612eV
Step 5805:  Epot = -129873.667eV  Ekin = 700.061eV (T = 293K)  Etot = -129173.606eV
Step 5806:  Epot = -129874.055eV  Ekin = 700.351eV (T = 293K)  Etot = -129173.704eV
Step 5807:  Epot = -129876.336eV  Ekin = 702.462eV (T = 294K)  Etot = -129173.874eV
Step 5808:  Epot = -129877.057eV  Ekin = 702.931eV (T = 294K)  Etot = -129174.126eV
Step 5809:  Epot = -129873.838eV  Ekin = 699.907eV (T = 293K)  Etot = -129173.931eV
Step 5810:  Epot = -129871.389eV  Ekin = 697.994eV (T = 292K)  Etot = -129173.395eV
Step 5811:  Epot = -129872.839eV  Ekin = 698.907eV (T = 292K)  Etot = -129173.931eV
Step 5812:  Epot = -129875.158eV  Ekin = 701.157eV (T = 293K)  Etot = -129174.001eV
Step 5813:  Epot = -129874.892eV  Ekin = 701.203eV (T = 293K)  Etot = -129173.689eV
Step 5814:  Epot = -129872.745eV  Ekin = 698.932eV (T = 292K)  Etot = -129173.813eV
Step 5815:  Epot = -129871.121eV  Ekin = 697.016eV (T = 291K)  Etot = -129174.104eV
Step 5816:  Epot = -129872.044eV  Ekin = 697.788eV (T = 292K)  Etot = -129174.256eV
Step 5817:  Epot = -129873.490eV  Ekin = 699.103eV (T = 292K)  Etot = -129174.387eV
Step 5818:  Epot = -129871.404eV  Ekin = 697.261eV (T = 292K)  Etot = -129174.144eV
Step 5819:  Epot = -129868.607eV  Ekin = 694.868eV (T = 291K)  Etot = -129173.738eV
Step 5820:  Epot = -129869.278eV  Ekin = 695.218eV (T = 291K)  Etot = -129174.061eV
Step 5821:  Epot = -129871.265eV  Ekin = 696.968eV (T = 291K)  Etot = -129174.297eV
Step 5822:  Epot = -129870.944eV  Ekin = 696.462eV (T = 291K)  Etot = -129174.482eV
Step 5823:  Epot = -129868.860eV  Ekin = 694.987eV (T = 291K)  Etot = -129173.872eV
Step 5824:  Epot = -129868.060eV  Ekin = 694.372eV (T = 290K)  Etot = -129173.689eV
Step 5825:  Epot = -129869.527eV  Ekin = 696.307eV (T = 291K)  Etot = -129173.220eV
Step 5826:  Epot = -129871.622eV  Ekin = 697.782eV (T = 292K)  Etot = -129173.840eV
Step 5827:  Epot = -129870.800eV  Ekin = 696.790eV (T = 291K)  Etot = -129174.011eV
Step 5828:  Epot = -129867.661eV  Ekin = 694.139eV (T = 290K)  Etot = -129173.522eV
Step 5829:  Epot = -129867.195eV  Ekin = 693.517eV (T = 290K)  Etot = -129173.678eV
Step 5830:  Epot = -129869.287eV  Ekin = 695.535eV (T = 291K)  Etot = -129173.751eV
Step 5831:  Epot = -129870.499eV  Ekin = 696.651eV (T = 291K)  Etot = -129173.848eV
Step 5832:  Epot = -129868.821eV  Ekin = 695.719eV (T = 291K)  Etot = -129173.102eV
Step 5833:  Epot = -129867.573eV  Ekin = 695.250eV (T = 291K)  Etot = -129172.323eV
Step 5834:  Epot = -129869.155eV  Ekin = 696.551eV (T = 291K)  Etot = -129172.604eV
Step 5835:  Epot = -129871.840eV  Ekin = 698.972eV (T = 292K)  Etot = -129172.868eV
Step 5836:  Epot = -129872.570eV  Ekin = 699.649eV (T = 293K)  Etot = -129172.921eV
Step 5837:  Epot = -129870.413eV  Ekin = 697.941eV (T = 292K)  Etot = -129172.473eV
Step 5838:  Epot = -129870.278eV  Ekin = 698.223eV (T = 292K)  Etot = -129172.055eV
Step 5839:  Epot = -129873.304eV  Ekin = 701.000eV (T = 293K)  Etot = -129172.304eV
Step 5840:  Epot = -129875.182eV  Ekin = 702.640eV (T = 294K)  Etot = -129172.542eV
Step 5841:  Epot = -129872.968eV  Ekin = 701.144eV (T = 293K)  Etot = -129171.824eV
Step 5842:  Epot = -129870.851eV  Ekin = 699.634eV (T = 293K)  Etot = -129171.216eV
Step 5843:  Epot = -129871.804eV  Ekin = 700.639eV (T = 293K)  Etot = -129171.165eV
Step 5844:  Epot = -129873.600eV  Ekin = 702.102eV (T = 294K)  Etot = -129171.498eV
Step 5845:  Epot = -129873.419eV  Ekin = 701.516eV (T = 293K)  Etot = -129171.903eV
Step 5846:  Epot = -129870.628eV  Ekin = 698.793eV (T = 292K)  Etot = -129171.836eV
Step 5847:  Epot = -129869.577eV  Ekin = 697.835eV (T = 292K)  Etot = -129171.742eV
Step 5848:  Epot = -129872.042eV  Ekin = 699.939eV (T = 293K)  Etot = -129172.103eV
Step 5849:  Epot = -129873.433eV  Ekin = 701.520eV (T = 293K)  Etot = -129171.913eV
Step 5850:  Epot = -129871.896eV  Ekin = 700.030eV (T = 293K)  Etot = -129171.866eV
Step 5851:  Epot = -129869.916eV  Ekin = 698.464eV (T = 292K)  Etot = -129171.452eV
Step 5852:  Epot = -129870.341eV  Ekin = 698.535eV (T = 292K)  Etot = -129171.807eV
Step 5853:  Epot = -129871.973eV  Ekin = 700.059eV (T = 293K)  Etot = -129171.914eV
Step 5854:  Epot = -129872.752eV  Ekin = 700.670eV (T = 293K)  Etot = -129172.081eV
Step 5855:  Epot = -129871.537eV  Ekin = 699.784eV (T = 293K)  Etot = -129171.753eV
Step 5856:  Epot = -129870.968eV  Ekin = 699.289eV (T = 292K)  Etot = -129171.679eV
Step 5857:  Epot = -129872.391eV  Ekin = 700.692eV (T = 293K)  Etot = -129171.699eV
Step 5858:  Epot = -129873.272eV  Ekin = 701.614eV (T = 293K)  Etot = -129171.658eV
Step 5859:  Epot = -129871.947eV  Ekin = 700.448eV (T = 293K)  Etot = -129171.498eV
Step 5860:  Epot = -129870.685eV  Ekin = 699.014eV (T = 292K)  Etot = -129171.671eV
Step 5861:  Epot = -129871.524eV  Ekin = 699.736eV (T = 293K)  Etot = -129171.788eV
Step 5862:  Epot = -129873.083eV  Ekin = 701.362eV (T = 293K)  Etot = -129171.721eV
Step 5863:  Epot = -129873.064eV  Ekin = 701.354eV (T = 293K)  Etot = -129171.710eV
Step 5864:  Epot = -129871.420eV  Ekin = 699.777eV (T = 293K)  Etot = -129171.643eV
Step 5865:  Epot = -129870.792eV  Ekin = 699.263eV (T = 292K)  Etot = -129171.529eV
Step 5866:  Epot = -129871.522eV  Ekin = 699.488eV (T = 292K)  Etot = -129172.034eV
Step 5867:  Epot = -129871.137eV  Ekin = 699.160eV (T = 292K)  Etot = -129171.977eV
Step 5868:  Epot = -129869.474eV  Ekin = 697.399eV (T = 292K)  Etot = -129172.074eV
Step 5869:  Epot = -129869.129eV  Ekin = 696.910eV (T = 291K)  Etot = -129172.219eV
Step 5870:  Epot = -129870.200eV  Ekin = 697.248eV (T = 292K)  Etot = -129172.951eV
Step 5871:  Epot = -129870.482eV  Ekin = 697.953eV (T = 292K)  Etot = -129172.529eV
Step 5872:  Epot = -129870.161eV  Ekin = 697.698eV (T = 292K)  Etot = -129172.463eV
Step 5873:  Epot = -129869.992eV  Ekin = 697.001eV (T = 291K)  Etot = -129172.991eV
Step 5874:  Epot = -129870.199eV  Ekin = 697.480eV (T = 292K)  Etot = -129172.719eV
Step 5875:  Epot = -129870.362eV  Ekin = 698.048eV (T = 292K)  Etot = -129172.314eV
Step 5876:  Epot = -129869.559eV  Ekin = 697.061eV (T = 291K)  Etot = -129172.497eV
Step 5877:  Epot = -129868.761eV  Ekin = 696.458eV (T = 291K)  Etot = -129172.303eV
Step 5878:  Epot = -129869.226eV  Ekin = 697.093eV (T = 291K)  Etot = -129172.134eV
Step 5879:  Epot = -129870.514eV  Ekin = 697.893eV (T = 292K)  Etot = -129172.621eV
Step 5880:  Epot = -129870.396eV  Ekin = 698.160eV (T = 292K)  Etot = -129172.236eV
Step 5881:  Epot = -129870.023eV  Ekin = 698.393eV (T = 292K)  Etot = -129171.630eV
Step 5882:  Epot = -129870.954eV  Ekin = 699.122eV (T = 292K)  Etot = -129171.832eV
Step 5883:  Epot = -129872.064eV  Ekin = 700.446eV (T = 293K)  Etot = -129171.617eV
Step 5884:  Epot = -129871.499eV  Ekin = 699.973eV (T = 293K)  Etot = -129171.526eV
Step 5885:  Epot = -129869.623eV  Ekin = 698.667eV (T = 292K)  Etot = -129170.956eV
Step 5886:  Epot = -129868.833eV  Ekin = 698.181eV (T = 292K)  Etot = -129170.652eV
Step 5887:  Epot = -129869.934eV  Ekin = 699.399eV (T = 292K)  Etot = -129170.535eV
Step 5888:  Epot = -129871.669eV  Ekin = 700.919eV (T = 293K)  Etot = -129170.750eV
Step 5889:  Epot = -129871.941eV  Ekin = 701.690eV (T = 293K)  Etot = -129170.251eV
Step 5890:  Epot = -129870.938eV  Ekin = 700.803eV (T = 293K)  Etot = -129170.135eV
Step 5891:  Epot = -129871.253eV  Ekin = 701.163eV (T = 293K)  Etot = -129170.090eV
Step 5892:  Epot = -129872.366eV  Ekin = 702.141eV (T = 294K)  Etot = -129170.225eV
Step 5893:  Epot = -129871.893eV  Ekin = 701.653eV (T = 293K)  Etot = -129170.240eV
Step 5894:  Epot = -129869.641eV  Ekin = 699.638eV (T = 293K)  Etot = -129170.002eV
Step 5895:  Epot = -129868.341eV  Ekin = 698.852eV (T = 292K)  Etot = -129169.488eV
Step 5896:  Epot = -129868.626eV  Ekin = 698.930eV (T = 292K)  Etot = -129169.696eV
Step 5897:  Epot = -129868.761eV  Ekin = 699.222eV (T = 292K)  Etot = -129169.538eV
Step 5898:  Epot = -129868.021eV  Ekin = 698.549eV (T = 292K)  Etot = -129169.472eV
Step 5899:  Epot = -129866.212eV  Ekin = 696.834eV (T = 291K)  Etot = -129169.378eV
Step 5900:  Epot = -129865.858eV  Ekin = 696.295eV (T = 291K)  Etot = -129169.563eV
Step 5901:  Epot = -129866.540eV  Ekin = 697.290eV (T = 292K)  Etot = -129169.250eV
Step 5902:  Epot = -129866.071eV  Ekin = 696.693eV (T = 291K)  Etot = -129169.378eV
Step 5903:  Epot = -129864.297eV  Ekin = 694.809eV (T = 291K)  Etot = -129169.488eV
Step 5904:  Epot = -129862.586eV  Ekin = 693.029eV (T = 290K)  Etot = -129169.557eV
Step 5905:  Epot = -129863.396eV  Ekin = 693.278eV (T = 290K)  Etot = -129170.118eV
Step 5906:  Epot = -129865.592eV  Ekin = 695.352eV (T = 291K)  Etot = -129170.240eV
Step 5907:  Epot = -129866.387eV  Ekin = 696.709eV (T = 291K)  Etot = -129169.678eV
Step 5908:  Epot = -129865.765eV  Ekin = 695.993eV (T = 291K)  Etot = -129169.772eV
Step 5909:  Epot = -129867.053eV  Ekin = 697.380eV (T = 292K)  Etot = -129169.673eV
Step 5910:  Epot = -129870.265eV  Ekin = 700.716eV (T = 293K)  Etot = -129169.550eV
Step 5911:  Epot = -129872.536eV  Ekin = 703.008eV (T = 294K)  Etot = -129169.528eV
Step 5912:  Epot = -129872.487eV  Ekin = 703.162eV (T = 294K)  Etot = -129169.325eV
Step 5913:  Epot = -129870.504eV  Ekin = 701.130eV (T = 293K)  Etot = -129169.374eV
Step 5914:  Epot = -129871.388eV  Ekin = 701.938eV (T = 294K)  Etot = -129169.449eV
Step 5915:  Epot = -129874.832eV  Ekin = 704.575eV (T = 295K)  Etot = -129170.258eV
Step 5916:  Epot = -129875.124eV  Ekin = 705.082eV (T = 295K)  Etot = -129170.042eV
Step 5917:  Epot = -129872.824eV  Ekin = 702.798eV (T = 294K)  Etot = -129170.026eV
Step 5918:  Epot = -129872.079eV  Ekin = 702.377eV (T = 294K)  Etot = -129169.702eV
Step 5919:  Epot = -129873.151eV  Ekin = 703.262eV (T = 294K)  Etot = -129169.889eV
Step 5920:  Epot = -129873.926eV  Ekin = 703.945eV (T = 294K)  Etot = -129169.981eV
Step 5921:  Epot = -129872.379eV  Ekin = 701.807eV (T = 293K)  Etot = -129170.572eV
Step 5922:  Epot = -129868.434eV  Ekin = 698.203eV (T = 292K)  Etot = -129170.232eV
Step 5923:  Epot = -129867.498eV  Ekin = 697.518eV (T = 292K)  Etot = -129169.979eV
Step 5924:  Epot = -129870.169eV  Ekin = 699.527eV (T = 292K)  Etot = -129170.642eV
Step 5925:  Epot = -129870.033eV  Ekin = 699.377eV (T = 292K)  Etot = -129170.656eV
Step 5926:  Epot = -129867.138eV  Ekin = 697.172eV (T = 292K)  Etot = -129169.967eV
Step 5927:  Epot = -129866.682eV  Ekin = 696.198eV (T = 291K)  Etot = -129170.483eV
Step 5928:  Epot = -129869.288eV  Ekin = 698.394eV (T = 292K)  Etot = -129170.894eV
Step 5929:  Epot = -129872.327eV  Ekin = 700.858eV (T = 293K)  Etot = -129171.469eV
Step 5930:  Epot = -129872.839eV  Ekin = 701.450eV (T = 293K)  Etot = -129171.389eV
Step 5931:  Epot = -129869.622eV  Ekin = 698.679eV (T = 292K)  Etot = -129170.943eV
Step 5932:  Epot = -129868.575eV  Ekin = 698.327eV (T = 292K)  Etot = -129170.248eV
Step 5933:  Epot = -129872.978eV  Ekin = 702.261eV (T = 294K)  Etot = -129170.717eV
Step 5934:  Epot = -129875.558eV  Ekin = 704.430eV (T = 295K)  Etot = -129171.128eV
Step 5935:  Epot = -129873.364eV  Ekin = 702.736eV (T = 294K)  Etot = -129170.627eV
Step 5936:  Epot = -129872.352eV  Ekin = 701.819eV (T = 293K)  Etot = -129170.533eV
Step 5937:  Epot = -129875.147eV  Ekin = 704.389eV (T = 295K)  Etot = -129170.758eV
Step 5938:  Epot = -129878.743eV  Ekin = 707.582eV (T = 296K)  Etot = -129171.161eV
Step 5939:  Epot = -129879.897eV  Ekin = 708.448eV (T = 296K)  Etot = -129171.450eV
Step 5940:  Epot = -129876.613eV  Ekin = 704.957eV (T = 295K)  Etot = -129171.656eV
Step 5941:  Epot = -129874.223eV  Ekin = 703.133eV (T = 294K)  Etot = -129171.090eV
Step 5942:  Epot = -129877.128eV  Ekin = 705.647eV (T = 295K)  Etot = -129171.481eV
Step 5943:  Epot = -129878.813eV  Ekin = 706.740eV (T = 296K)  Etot = -129172.073eV
Step 5944:  Epot = -129874.808eV  Ekin = 702.957eV (T = 294K)  Etot = -129171.851eV
Step 5945:  Epot = -129870.993eV  Ekin = 699.656eV (T = 293K)  Etot = -129171.336eV
Step 5946:  Epot = -129871.796eV  Ekin = 700.606eV (T = 293K)  Etot = -129171.190eV
Step 5947:  Epot = -129875.457eV  Ekin = 704.017eV (T = 294K)  Etot = -129171.440eV
Step 5948:  Epot = -129877.210eV  Ekin = 705.273eV (T = 295K)  Etot = -129171.938eV
Step 5949:  Epot = -129874.702eV  Ekin = 702.978eV (T = 294K)  Etot = -129171.725eV
Step 5950:  Epot = -129872.157eV  Ekin = 700.976eV (T = 293K)  Etot = -129171.181eV
Step 5951:  Epot = -129874.550eV  Ekin = 702.976eV (T = 294K)  Etot = -129171.574eV
Step 5952:  Epot = -129877.984eV  Ekin = 705.613eV (T = 295K)  Etot = -129172.370eV
Step 5953:  Epot = -129875.811eV  Ekin = 703.706eV (T = 294K)  Etot = -129172.105eV
Step 5954:  Epot = -129871.700eV  Ekin = 699.835eV (T = 293K)  Etot = -129171.865eV
Step 5955:  Epot = -129872.592eV  Ekin = 700.878eV (T = 293K)  Etot = -129171.713eV
Step 5956:  Epot = -129877.497eV  Ekin = 705.478eV (T = 295K)  Etot = -129172.019eV
Step 5957:  Epot = -129880.474eV  Ekin = 707.766eV (T = 296K)  Etot = -129172.708eV
Step 5958:  Epot = -129878.874eV  Ekin = 706.376eV (T = 295K)  Etot = -129172.498eV
Step 5959:  Epot = -129876.253eV  Ekin = 704.503eV (T = 295K)  Etot = -129171.749eV
Step 5960:  Epot = -129877.883eV  Ekin = 706.215eV (T = 295K)  Etot = -129171.668eV
Step 5961:  Epot = -129881.782eV  Ekin = 709.426eV (T = 297K)  Etot = -129172.357eV
Step 5962:  Epot = -129880.412eV  Ekin = 708.179eV (T = 296K)  Etot = -129172.234eV
Step 5963:  Epot = -129875.547eV  Ekin = 704.270eV (T = 294K)  Etot = -129171.277eV
Step 5964:  Epot = -129874.666eV  Ekin = 703.003eV (T = 294K)  Etot = -129171.663eV
Step 5965:  Epot = -129877.693eV  Ekin = 705.699eV (T = 295K)  Etot = -129171.994eV
Step 5966:  Epot = -129880.230eV  Ekin = 708.009eV (T = 296K)  Etot = -129172.221eV
Step 5967:  Epot = -129879.270eV  Ekin = 707.422eV (T = 296K)  Etot = -129171.848eV
Step 5968:  Epot = -129876.859eV  Ekin = 705.150eV (T = 295K)  Etot = -129171.709eV
Step 5969:  Epot = -129877.615eV  Ekin = 705.612eV (T = 295K)  Etot = -129172.003eV
Step 5970:  Epot = -129880.717eV  Ekin = 708.127eV (T = 296K)  Etot = -129172.589eV
Step 5971:  Epot = -129879.627eV  Ekin = 707.194eV (T = 296K)  Etot = -129172.434eV
Step 5972:  Epot = -129874.498eV  Ekin = 702.541eV (T = 294K)  Etot = -129171.957eV
Step 5973:  Epot = -129873.016eV  Ekin = 701.203eV (T = 293K)  Etot = -129171.813eV
Step 5974:  Epot = -129875.500eV  Ekin = 703.265eV (T = 294K)  Etot = -129172.235eV
Step 5975:  Epot = -129878.112eV  Ekin = 705.363eV (T = 295K)  Etot = -129172.749eV
Step 5976:  Epot = -129876.674eV  Ekin = 704.161eV (T = 294K)  Etot = -129172.512eV
Step 5977:  Epot = -129873.656eV  Ekin = 701.474eV (T = 293K)  Etot = -129172.182eV
Step 5978:  Epot = -129875.530eV  Ekin = 703.259eV (T = 294K)  Etot = -129172.270eV
Step 5979:  Epot = -129879.927eV  Ekin = 707.110eV (T = 296K)  Etot = -129172.817eV
Step 5980:  Epot = -129878.980eV  Ekin = 706.305eV (T = 295K)  Etot = -129172.675eV
Step 5981:  Epot = -129873.953eV  Ekin = 701.807eV (T = 293K)  Etot = -129172.145eV
Step 5982:  Epot = -129872.271eV  Ekin = 700.272eV (T = 293K)  Etot = -129171.999eV
Step 5983:  Epot = -129873.965eV  Ekin = 701.667eV (T = 293K)  Etot = -129172.298eV
Step 5984:  Epot = -129875.924eV  Ekin = 703.739eV (T = 294K)  Etot = -129172.185eV
Step 5985:  Epot = -129875.043eV  Ekin = 703.015eV (T = 294K)  Etot = -129172.028eV
Step 5986:  Epot = -129872.411eV  Ekin = 700.805eV (T = 293K)  Etot = -129171.607eV
Step 5987:  Epot = -129874.409eV  Ekin = 703.062eV (T = 294K)  Etot = -129171.347eV
Step 5988:  Epot = -129879.019eV  Ekin = 707.077eV (T = 296K)  Etot = -129171.942eV
Step 5989:  Epot = -129878.945eV  Ekin = 707.288eV (T = 296K)  Etot = -129171.658eV
Step 5990:  Epot = -129874.792eV  Ekin = 704.064eV (T = 294K)  Etot = -129170.728eV
Step 5991:  Epot = -129873.018eV  Ekin = 702.208eV (T = 294K)  Etot = -129170.809eV
Step 5992:  Epot = -129873.253eV  Ekin = 703.094eV (T = 294K)  Etot = -129170.159eV
Step 5993:  Epot = -129874.272eV  Ekin = 703.778eV (T = 294K)  Etot = -129170.494eV
Step 5994:  Epot = -129873.842eV  Ekin = 702.834eV (T = 294K)  Etot = -129171.008eV
Step 5995:  Epot = -129870.518eV  Ekin = 699.846eV (T = 293K)  Etot = -129170.672eV
Step 5996:  Epot = -129870.440eV  Ekin = 699.979eV (T = 293K)  Etot = -129170.461eV
Step 5997:  Epot = -129874.879eV  Ekin = 703.891eV (T = 294K)  Etot = -129170.988eV
Step 5998:  Epot = -129876.078eV  Ekin = 705.460eV (T = 295K)  Etot = -129170.618eV
Step 5999:  Epot = -129872.785eV  Ekin = 702.777eV (T = 294K)  Etot = -129170.008eV
Step 6000:  Epot = -129871.591eV  Ekin = 701.492eV (T = 293K)  Etot = -129170.099eV
Pre-equilibration finished!
Saved quick pre-equilibration restart: /home/sunxin/GITHUB_MAINTAIN/ViSNet-PIMA/code/AI2BMD-PIMA_simulation/testcases/1_rep_chig.c0_mm/1_rep_chig.c0-quick-restart.traj
Start simulation for 1000 steps
Step 6001:  Epot = -129872.527eV  Ekin = 701.727eV (T = 293K)  Etot = -129170.799eV
Step 6002:  Epot = -129873.865eV  Ekin = 702.848eV (T = 294K)  Etot = -129171.018eV
Step 6003:  Epot = -129873.925eV  Ekin = 702.821eV (T = 294K)  Etot = -129171.103eV
Step 6004:  Epot = -129870.316eV  Ekin = 699.781eV (T = 293K)  Etot = -129170.534eV
Step 6005:  Epot = -129868.404eV  Ekin = 698.650eV (T = 292K)  Etot = -129169.754eV
Step 6006:  Epot = -129872.386eV  Ekin = 702.151eV (T = 294K)  Etot = -129170.235eV
Step 6007:  Epot = -129875.371eV  Ekin = 705.236eV (T = 295K)  Etot = -129170.135eV
Step 6008:  Epot = -129872.632eV  Ekin = 702.515eV (T = 294K)  Etot = -129170.117eV
Step 6009:  Epot = -129870.078eV  Ekin = 700.418eV (T = 293K)  Etot = -129169.660eV
Step 6010:  Epot = -129870.087eV  Ekin = 700.601eV (T = 293K)  Etot = -129169.486eV
Step 6011:  Epot = -129871.182eV  Ekin = 701.984eV (T = 294K)  Etot = -129169.198eV
Step 6012:  Epot = -129871.897eV  Ekin = 702.317eV (T = 294K)  Etot = -129169.580eV
Step 6013:  Epot = -129869.178eV  Ekin = 699.712eV (T = 293K)  Etot = -129169.466eV
Step 6014:  Epot = -129867.092eV  Ekin = 697.872eV (T = 292K)  Etot = -129169.220eV
Step 6015:  Epot = -129870.623eV  Ekin = 701.125eV (T = 293K)  Etot = -129169.498eV
Step 6016:  Epot = -129875.109eV  Ekin = 704.989eV (T = 295K)  Etot = -129170.120eV
Step 6017:  Epot = -129873.181eV  Ekin = 703.616eV (T = 294K)  Etot = -129169.565eV
Step 6018:  Epot = -129869.940eV  Ekin = 700.748eV (T = 293K)  Etot = -129169.192eV
Step 6019:  Epot = -129871.165eV  Ekin = 702.236eV (T = 294K)  Etot = -129168.929eV
Step 6020:  Epot = -129874.679eV  Ekin = 705.977eV (T = 295K)  Etot = -129168.701eV
Step 6021:  Epot = -129877.376eV  Ekin = 708.396eV (T = 296K)  Etot = -129168.980eV
Step 6022:  Epot = -129875.582eV  Ekin = 706.728eV (T = 296K)  Etot = -129168.853eV
Step 6023:  Epot = -129872.749eV  Ekin = 704.622eV (T = 295K)  Etot = -129168.127eV
Step 6024:  Epot = -129875.493eV  Ekin = 707.272eV (T = 296K)  Etot = -129168.221eV
Step 6025:  Epot = -129880.643eV  Ekin = 711.656eV (T = 298K)  Etot = -129168.987eV
Step 6026:  Epot = -129879.688eV  Ekin = 711.043eV (T = 297K)  Etot = -129168.645eV
Step 6027:  Epot = -129874.740eV  Ekin = 706.400eV (T = 295K)  Etot = -129168.341eV
Step 6028:  Epot = -129873.268eV  Ekin = 705.134eV (T = 295K)  Etot = -129168.134eV
Step 6029:  Epot = -129875.212eV  Ekin = 706.683eV (T = 295K)  Etot = -129168.529eV
Step 6030:  Epot = -129876.803eV  Ekin = 707.653eV (T = 296K)  Etot = -129169.150eV
Step 6031:  Epot = -129873.713eV  Ekin = 705.061eV (T = 295K)  Etot = -129168.652eV
Step 6032:  Epot = -129868.875eV  Ekin = 700.637eV (T = 293K)  Etot = -129168.238eV
Step 6033:  Epot = -129869.790eV  Ekin = 701.838eV (T = 293K)  Etot = -129167.952eV
Step 6034:  Epot = -129874.439eV  Ekin = 706.210eV (T = 295K)  Etot = -129168.229eV
Step 6035:  Epot = -129873.694eV  Ekin = 705.588eV (T = 295K)  Etot = -129168.106eV
Step 6036:  Epot = -129868.077eV  Ekin = 700.286eV (T = 293K)  Etot = -129167.791eV
Step 6037:  Epot = -129866.647eV  Ekin = 698.839eV (T = 292K)  Etot = -129167.807eV
Step 6038:  Epot = -129870.152eV  Ekin = 701.741eV (T = 293K)  Etot = -129168.411eV
Step 6039:  Epot = -129872.980eV  Ekin = 704.038eV (T = 294K)  Etot = -129168.942eV
Step 6040:  Epot = -129871.571eV  Ekin = 702.243eV (T = 294K)  Etot = -129169.328eV
Step 6041:  Epot = -129868.697eV  Ekin = 699.359eV (T = 292K)  Etot = -129169.338eV
Step 6042:  Epot = -129870.562eV  Ekin = 701.022eV (T = 293K)  Etot = -129169.540eV
Step 6043:  Epot = -129876.597eV  Ekin = 705.731eV (T = 295K)  Etot = -129170.866eV
Step 6044:  Epot = -129877.474eV  Ekin = 706.438eV (T = 295K)  Etot = -129171.036eV
Step 6045:  Epot = -129872.846eV  Ekin = 702.535eV (T = 294K)  Etot = -129170.311eV
Step 6046:  Epot = -129871.627eV  Ekin = 701.475eV (T = 293K)  Etot = -129170.153eV
Step 6047:  Epot = -129875.421eV  Ekin = 704.518eV (T = 295K)  Etot = -129170.903eV
Step 6048:  Epot = -129878.596eV  Ekin = 707.329eV (T = 296K)  Etot = -129171.267eV
Step 6049:  Epot = -129877.216eV  Ekin = 705.989eV (T = 295K)  Etot = -129171.227eV
Step 6050:  Epot = -129872.874eV  Ekin = 702.298eV (T = 294K)  Etot = -129170.576eV
Step 6051:  Epot = -129872.308eV  Ekin = 701.972eV (T = 294K)  Etot = -129170.336eV
Step 6052:  Epot = -129877.220eV  Ekin = 706.233eV (T = 295K)  Etot = -129170.987eV
Step 6053:  Epot = -129879.167eV  Ekin = 707.527eV (T = 296K)  Etot = -129171.640eV
Step 6054:  Epot = -129874.621eV  Ekin = 703.119eV (T = 294K)  Etot = -129171.502eV
Step 6055:  Epot = -129870.226eV  Ekin = 699.058eV (T = 292K)  Etot = -129171.168eV
Step 6056:  Epot = -129871.045eV  Ekin = 699.515eV (T = 292K)  Etot = -129171.529eV
Step 6057:  Epot = -129873.983eV  Ekin = 702.294eV (T = 294K)  Etot = -129171.689eV
Step 6058:  Epot = -129874.275eV  Ekin = 702.454eV (T = 294K)  Etot = -129171.821eV
Step 6059:  Epot = -129871.221eV  Ekin = 699.848eV (T = 293K)  Etot = -129171.373eV
Step 6060:  Epot = -129869.907eV  Ekin = 698.607eV (T = 292K)  Etot = -129171.300eV
Step 6061:  Epot = -129873.707eV  Ekin = 701.891eV (T = 293K)  Etot = -129171.816eV
Step 6062:  Epot = -129876.561eV  Ekin = 704.492eV (T = 295K)  Etot = -129172.069eV
Step 6063:  Epot = -129873.904eV  Ekin = 702.347eV (T = 294K)  Etot = -129171.557eV
Step 6064:  Epot = -129870.543eV  Ekin = 699.399eV (T = 292K)  Etot = -129171.144eV
Step 6065:  Epot = -129869.574eV  Ekin = 698.419eV (T = 292K)  Etot = -129171.155eV
Step 6066:  Epot = -129871.591eV  Ekin = 700.101eV (T = 293K)  Etot = -129171.490eV
Step 6067:  Epot = -129874.331eV  Ekin = 702.517eV (T = 294K)  Etot = -129171.814eV
Step 6068:  Epot = -129872.597eV  Ekin = 701.038eV (T = 293K)  Etot = -129171.559eV
Step 6069:  Epot = -129870.311eV  Ekin = 698.963eV (T = 292K)  Etot = -129171.348eV
Step 6070:  Epot = -129871.394eV  Ekin = 699.737eV (T = 293K)  Etot = -129171.657eV
Step 6071:  Epot = -129873.049eV  Ekin = 701.042eV (T = 293K)  Etot = -129172.007eV
Step 6072:  Epot = -129872.209eV  Ekin = 700.475eV (T = 293K)  Etot = -129171.734eV
Step 6073:  Epot = -129869.581eV  Ekin = 697.820eV (T = 292K)  Etot = -129171.760eV
Step 6074:  Epot = -129867.722eV  Ekin = 696.339eV (T = 291K)  Etot = -129171.383eV
Step 6075:  Epot = -129868.994eV  Ekin = 697.305eV (T = 292K)  Etot = -129171.689eV
Step 6076:  Epot = -129871.302eV  Ekin = 699.506eV (T = 292K)  Etot = -129171.796eV
Step 6077:  Epot = -129871.882eV  Ekin = 700.045eV (T = 293K)  Etot = -129171.837eV
Step 6078:  Epot = -129871.158eV  Ekin = 699.616eV (T = 293K)  Etot = -129171.542eV
Step 6079:  Epot = -129872.436eV  Ekin = 700.602eV (T = 293K)  Etot = -129171.834eV
Step 6080:  Epot = -129874.577eV  Ekin = 702.056eV (T = 294K)  Etot = -129172.521eV
Step 6081:  Epot = -129873.834eV  Ekin = 701.595eV (T = 293K)  Etot = -129172.239eV
Step 6082:  Epot = -129872.501eV  Ekin = 700.290eV (T = 293K)  Etot = -129172.211eV
Step 6083:  Epot = -129871.544eV  Ekin = 698.986eV (T = 292K)  Etot = -129172.557eV
Step 6084:  Epot = -129871.316eV  Ekin = 698.706eV (T = 292K)  Etot = -129172.609eV
Step 6085:  Epot = -129872.131eV  Ekin = 699.361eV (T = 292K)  Etot = -129172.769eV
Step 6086:  Epot = -129872.848eV  Ekin = 700.279eV (T = 293K)  Etot = -129172.569eV
Step 6087:  Epot = -129872.759eV  Ekin = 700.376eV (T = 293K)  Etot = -129172.383eV
Step 6088:  Epot = -129873.383eV  Ekin = 700.670eV (T = 293K)  Etot = -129172.713eV
Step 6089:  Epot = -129874.280eV  Ekin = 701.511eV (T = 293K)  Etot = -129172.770eV
Step 6090:  Epot = -129873.917eV  Ekin = 701.176eV (T = 293K)  Etot = -129172.741eV
Step 6091:  Epot = -129873.697eV  Ekin = 701.227eV (T = 293K)  Etot = -129172.470eV
Step 6092:  Epot = -129873.190eV  Ekin = 700.960eV (T = 293K)  Etot = -129172.231eV
Step 6093:  Epot = -129871.207eV  Ekin = 698.826eV (T = 292K)  Etot = -129172.380eV
Step 6094:  Epot = -129869.578eV  Ekin = 696.997eV (T = 291K)  Etot = -129172.581eV
Step 6095:  Epot = -129869.925eV  Ekin = 697.208eV (T = 292K)  Etot = -129172.717eV
Step 6096:  Epot = -129871.439eV  Ekin = 698.983eV (T = 292K)  Etot = -129172.456eV
Step 6097:  Epot = -129873.288eV  Ekin = 700.674eV (T = 293K)  Etot = -129172.615eV
Step 6098:  Epot = -129874.535eV  Ekin = 701.596eV (T = 293K)  Etot = -129172.939eV
Step 6099:  Epot = -129873.740eV  Ekin = 701.111eV (T = 293K)  Etot = -129172.628eV
Step 6100:  Epot = -129874.387eV  Ekin = 701.391eV (T = 293K)  Etot = -129172.996eV
Step 6101:  Epot = -129876.761eV  Ekin = 703.128eV (T = 294K)  Etot = -129173.632eV
Step 6102:  Epot = -129875.676eV  Ekin = 702.186eV (T = 294K)  Etot = -129173.490eV
Step 6103:  Epot = -129872.333eV  Ekin = 699.249eV (T = 292K)  Etot = -129173.084eV
Step 6104:  Epot = -129871.788eV  Ekin = 698.627eV (T = 292K)  Etot = -129173.162eV
Step 6105:  Epot = -129874.466eV  Ekin = 701.473eV (T = 293K)  Etot = -129172.994eV
Step 6106:  Epot = -129876.456eV  Ekin = 702.891eV (T = 294K)  Etot = -129173.564eV
Step 6107:  Epot = -129875.589eV  Ekin = 702.116eV (T = 294K)  Etot = -129173.473eV
Step 6108:  Epot = -129871.841eV  Ekin = 698.636eV (T = 292K)  Etot = -129173.205eV
Step 6109:  Epot = -129871.141eV  Ekin = 697.927eV (T = 292K)  Etot = -129173.214eV
Step 6110:  Epot = -129875.022eV  Ekin = 701.132eV (T = 293K)  Etot = -129173.890eV
Step 6111:  Epot = -129875.820eV  Ekin = 701.431eV (T = 293K)  Etot = -129174.389eV
Step 6112:  Epot = -129871.426eV  Ekin = 697.781eV (T = 292K)  Etot = -129173.645eV
Step 6113:  Epot = -129868.034eV  Ekin = 694.495eV (T = 290K)  Etot = -129173.539eV
Step 6114:  Epot = -129870.389eV  Ekin = 696.410eV (T = 291K)  Etot = -129173.979eV
Step 6115:  Epot = -129874.385eV  Ekin = 699.870eV (T = 293K)  Etot = -129174.515eV
Step 6116:  Epot = -129874.696eV  Ekin = 699.753eV (T = 293K)  Etot = -129174.944eV
Step 6117:  Epot = -129871.446eV  Ekin = 697.354eV (T = 292K)  Etot = -129174.091eV
Step 6118:  Epot = -129871.685eV  Ekin = 697.694eV (T = 292K)  Etot = -129173.991eV
Step 6119:  Epot = -129877.950eV  Ekin = 703.469eV (T = 294K)  Etot = -129174.481eV
Step 6120:  Epot = -129881.681eV  Ekin = 707.238eV (T = 296K)  Etot = -129174.443eV
Step 6121:  Epot = -129877.980eV  Ekin = 703.897eV (T = 294K)  Etot = -129174.083eV
Step 6122:  Epot = -129872.892eV  Ekin = 699.300eV (T = 292K)  Etot = -129173.592eV
Step 6123:  Epot = -129874.417eV  Ekin = 700.708eV (T = 293K)  Etot = -129173.709eV
Step 6124:  Epot = -129880.054eV  Ekin = 706.226eV (T = 295K)  Etot = -129173.828eV
Step 6125:  Epot = -129881.267eV  Ekin = 707.011eV (T = 296K)  Etot = -129174.256eV
Step 6126:  Epot = -129875.906eV  Ekin = 702.768eV (T = 294K)  Etot = -129173.138eV
Step 6127:  Epot = -129873.407eV  Ekin = 700.881eV (T = 293K)  Etot = -129172.525eV
Step 6128:  Epot = -129878.515eV  Ekin = 705.596eV (T = 295K)  Etot = -129172.919eV
Step 6129:  Epot = -129883.255eV  Ekin = 709.618eV (T = 297K)  Etot = -129173.637eV
Step 6130:  Epot = -129880.825eV  Ekin = 706.791eV (T = 296K)  Etot = -129174.034eV
Step 6131:  Epot = -129874.698eV  Ekin = 701.363eV (T = 293K)  Etot = -129173.335eV
Step 6132:  Epot = -129873.685eV  Ekin = 700.594eV (T = 293K)  Etot = -129173.092eV
Step 6133:  Epot = -129878.230eV  Ekin = 704.349eV (T = 295K)  Etot = -129173.881eV
Step 6134:  Epot = -129878.971eV  Ekin = 704.451eV (T = 295K)  Etot = -129174.520eV
Step 6135:  Epot = -129873.530eV  Ekin = 699.375eV (T = 292K)  Etot = -129174.155eV
Step 6136:  Epot = -129870.789eV  Ekin = 696.950eV (T = 291K)  Etot = -129173.839eV
Step 6137:  Epot = -129875.074eV  Ekin = 700.600eV (T = 293K)  Etot = -129174.474eV
Step 6138:  Epot = -129880.680eV  Ekin = 705.833eV (T = 295K)  Etot = -129174.846eV
Step 6139:  Epot = -129880.078eV  Ekin = 705.467eV (T = 295K)  Etot = -129174.611eV
Step 6140:  Epot = -129874.954eV  Ekin = 700.948eV (T = 293K)  Etot = -129174.006eV
Step 6141:  Epot = -129874.129eV  Ekin = 700.384eV (T = 293K)  Etot = -129173.746eV
Step 6142:  Epot = -129879.796eV  Ekin = 705.354eV (T = 295K)  Etot = -129174.442eV
Step 6143:  Epot = -129882.256eV  Ekin = 707.392eV (T = 296K)  Etot = -129174.864eV
Step 6144:  Epot = -129877.714eV  Ekin = 703.081eV (T = 294K)  Etot = -129174.633eV
Step 6145:  Epot = -129874.209eV  Ekin = 700.570eV (T = 293K)  Etot = -129173.639eV
Step 6146:  Epot = -129876.662eV  Ekin = 703.023eV (T = 294K)  Etot = -129173.639eV
Step 6147:  Epot = -129881.099eV  Ekin = 707.066eV (T = 296K)  Etot = -129174.033eV
Step 6148:  Epot = -129881.604eV  Ekin = 708.219eV (T = 296K)  Etot = -129173.385eV
Step 6149:  Epot = -129877.897eV  Ekin = 704.521eV (T = 295K)  Etot = -129173.376eV
Step 6150:  Epot = -129875.763eV  Ekin = 702.662eV (T = 294K)  Etot = -129173.101eV
Step 6151:  Epot = -129877.879eV  Ekin = 704.243eV (T = 294K)  Etot = -129173.636eV
Step 6152:  Epot = -129878.433eV  Ekin = 704.352eV (T = 295K)  Etot = -129174.081eV
Step 6153:  Epot = -129874.211eV  Ekin = 700.605eV (T = 293K)  Etot = -129173.606eV
Step 6154:  Epot = -129870.426eV  Ekin = 697.510eV (T = 292K)  Etot = -129172.915eV
Step 6155:  Epot = -129870.650eV  Ekin = 697.868eV (T = 292K)  Etot = -129172.782eV
Step 6156:  Epot = -129873.532eV  Ekin = 700.918eV (T = 293K)  Etot = -129172.613eV
Step 6157:  Epot = -129874.820eV  Ekin = 702.249eV (T = 294K)  Etot = -129172.571eV
Step 6158:  Epot = -129872.259eV  Ekin = 700.264eV (T = 293K)  Etot = -129171.994eV
Step 6159:  Epot = -129870.258eV  Ekin = 698.574eV (T = 292K)  Etot = -129171.684eV
Step 6160:  Epot = -129871.905eV  Ekin = 699.944eV (T = 293K)  Etot = -129171.961eV
Step 6161:  Epot = -129873.161eV  Ekin = 701.234eV (T = 293K)  Etot = -129171.927eV
Step 6162:  Epot = -129870.580eV  Ekin = 698.970eV (T = 292K)  Etot = -129171.611eV
Step 6163:  Epot = -129867.601eV  Ekin = 695.802eV (T = 291K)  Etot = -129171.799eV
Step 6164:  Epot = -129867.551eV  Ekin = 695.710eV (T = 291K)  Etot = -129171.841eV
Step 6165:  Epot = -129870.556eV  Ekin = 698.746eV (T = 292K)  Etot = -129171.810eV
Step 6166:  Epot = -129873.283eV  Ekin = 701.428eV (T = 293K)  Etot = -129171.854eV
Step 6167:  Epot = -129872.208eV  Ekin = 700.757eV (T = 293K)  Etot = -129171.452eV
Step 6168:  Epot = -129870.465eV  Ekin = 699.474eV (T = 292K)  Etot = -129170.991eV
Step 6169:  Epot = -129872.111eV  Ekin = 700.658eV (T = 293K)  Etot = -129171.453eV
Step 6170:  Epot = -129873.951eV  Ekin = 702.440eV (T = 294K)  Etot = -129171.512eV
Step 6171:  Epot = -129871.655eV  Ekin = 700.717eV (T = 293K)  Etot = -129170.938eV
Step 6172:  Epot = -129867.433eV  Ekin = 696.908eV (T = 291K)  Etot = -129170.525eV
Step 6173:  Epot = -129865.936eV  Ekin = 695.494eV (T = 291K)  Etot = -129170.442eV
Step 6174:  Epot = -129868.919eV  Ekin = 698.043eV (T = 292K)  Etot = -129170.877eV
Step 6175:  Epot = -129872.393eV  Ekin = 701.084eV (T = 293K)  Etot = -129171.309eV
Step 6176:  Epot = -129871.350eV  Ekin = 700.240eV (T = 293K)  Etot = -129171.110eV
Step 6177:  Epot = -129868.712eV  Ekin = 698.438eV (T = 292K)  Etot = -129170.275eV
Step 6178:  Epot = -129870.225eV  Ekin = 700.150eV (T = 293K)  Etot = -129170.075eV
Step 6179:  Epot = -129873.412eV  Ekin = 702.881eV (T = 294K)  Etot = -129170.531eV
Step 6180:  Epot = -129872.478eV  Ekin = 702.080eV (T = 294K)  Etot = -129170.398eV
Step 6181:  Epot = -129868.396eV  Ekin = 698.174eV (T = 292K)  Etot = -129170.222eV
Step 6182:  Epot = -129866.193eV  Ekin = 696.085eV (T = 291K)  Etot = -129170.108eV
Step 6183:  Epot = -129868.566eV  Ekin = 698.781eV (T = 292K)  Etot = -129169.785eV
Step 6184:  Epot = -129873.127eV  Ekin = 702.887eV (T = 294K)  Etot = -129170.240eV
Step 6185:  Epot = -129874.815eV  Ekin = 704.571eV (T = 295K)  Etot = -129170.244eV
Step 6186:  Epot = -129873.513eV  Ekin = 703.703eV (T = 294K)  Etot = -129169.810eV
Step 6187:  Epot = -129874.828eV  Ekin = 705.088eV (T = 295K)  Etot = -129169.740eV
Step 6188:  Epot = -129878.581eV  Ekin = 708.136eV (T = 296K)  Etot = -129170.445eV
Step 6189:  Epot = -129878.769eV  Ekin = 708.458eV (T = 296K)  Etot = -129170.311eV
Step 6190:  Epot = -129874.974eV  Ekin = 705.347eV (T = 295K)  Etot = -129169.627eV
Step 6191:  Epot = -129871.353eV  Ekin = 701.810eV (T = 293K)  Etot = -129169.543eV
Step 6192:  Epot = -129871.545eV  Ekin = 701.808eV (T = 293K)  Etot = -129169.737eV
Step 6193:  Epot = -129874.251eV  Ekin = 704.151eV (T = 294K)  Etot = -129170.100eV
Step 6194:  Epot = -129874.802eV  Ekin = 704.905eV (T = 295K)  Etot = -129169.897eV
Step 6195:  Epot = -129872.822eV  Ekin = 703.220eV (T = 294K)  Etot = -129169.603eV
Step 6196:  Epot = -129873.556eV  Ekin = 704.099eV (T = 294K)  Etot = -129169.457eV
Step 6197:  Epot = -129876.806eV  Ekin = 706.824eV (T = 296K)  Etot = -129169.982eV
Step 6198:  Epot = -129877.350eV  Ekin = 707.820eV (T = 296K)  Etot = -129169.530eV
Step 6199:  Epot = -129874.268eV  Ekin = 705.305eV (T = 295K)  Etot = -129168.963eV
Step 6200:  Epot = -129870.996eV  Ekin = 702.146eV (T = 294K)  Etot = -129168.851eV
Step 6201:  Epot = -129870.879eV  Ekin = 701.683eV (T = 293K)  Etot = -129169.196eV
Step 6202:  Epot = -129873.526eV  Ekin = 703.932eV (T = 294K)  Etot = -129169.594eV
Step 6203:  Epot = -129875.092eV  Ekin = 705.347eV (T = 295K)  Etot = -129169.745eV
Step 6204:  Epot = -129874.381eV  Ekin = 704.604eV (T = 295K)  Etot = -129169.777eV
Step 6205:  Epot = -129875.249eV  Ekin = 704.996eV (T = 295K)  Etot = -129170.253eV
Step 6206:  Epot = -129879.395eV  Ekin = 708.843eV (T = 296K)  Etot = -129170.552eV
Step 6207:  Epot = -129881.756eV  Ekin = 710.881eV (T = 297K)  Etot = -129170.875eV
Step 6208:  Epot = -129880.049eV  Ekin = 709.557eV (T = 297K)  Etot = -129170.491eV
Step 6209:  Epot = -129876.308eV  Ekin = 705.991eV (T = 295K)  Etot = -129170.317eV
Step 6210:  Epot = -129874.842eV  Ekin = 705.220eV (T = 295K)  Etot = -129169.622eV
Step 6211:  Epot = -129876.240eV  Ekin = 706.653eV (T = 295K)  Etot = -129169.586eV
Step 6212:  Epot = -129876.849eV  Ekin = 707.487eV (T = 296K)  Etot = -129169.362eV
Step 6213:  Epot = -129874.938eV  Ekin = 705.454eV (T = 295K)  Etot = -129169.484eV
Step 6214:  Epot = -129873.293eV  Ekin = 704.253eV (T = 294K)  Etot = -129169.040eV
Step 6215:  Epot = -129874.627eV  Ekin = 705.220eV (T = 295K)  Etot = -129169.407eV
Step 6216:  Epot = -129876.405eV  Ekin = 706.272eV (T = 295K)  Etot = -129170.133eV
Step 6217:  Epot = -129875.935eV  Ekin = 705.915eV (T = 295K)  Etot = -129170.019eV
Step 6218:  Epot = -129872.686eV  Ekin = 702.991eV (T = 294K)  Etot = -129169.695eV
Step 6219:  Epot = -129869.751eV  Ekin = 700.416eV (T = 293K)  Etot = -129169.335eV
Step 6220:  Epot = -129869.907eV  Ekin = 700.132eV (T = 293K)  Etot = -129169.775eV
Step 6221:  Epot = -129871.225eV  Ekin = 701.229eV (T = 293K)  Etot = -129169.996eV
Step 6222:  Epot = -129871.196eV  Ekin = 701.093eV (T = 293K)  Etot = -129170.102eV
Step 6223:  Epot = -129870.430eV  Ekin = 700.524eV (T = 293K)  Etot = -129169.906eV
Step 6224:  Epot = -129871.421eV  Ekin = 701.158eV (T = 293K)  Etot = -129170.262eV
Step 6225:  Epot = -129873.634eV  Ekin = 703.415eV (T = 294K)  Etot = -129170.218eV
Step 6226:  Epot = -129874.896eV  Ekin = 704.914eV (T = 295K)  Etot = -129169.982eV
Step 6227:  Epot = -129873.096eV  Ekin = 703.329eV (T = 294K)  Etot = -129169.767eV
Step 6228:  Epot = -129869.940eV  Ekin = 701.059eV (T = 293K)  Etot = -129168.882eV
Step 6229:  Epot = -129869.798eV  Ekin = 700.812eV (T = 293K)  Etot = -129168.986eV
Step 6230:  Epot = -129871.786eV  Ekin = 702.730eV (T = 294K)  Etot = -129169.055eV
Step 6231:  Epot = -129872.655eV  Ekin = 703.364eV (T = 294K)  Etot = -129169.291eV
Step 6232:  Epot = -129872.157eV  Ekin = 702.636eV (T = 294K)  Etot = -129169.521eV
Step 6233:  Epot = -129872.488eV  Ekin = 702.738eV (T = 294K)  Etot = -129169.750eV
Step 6234:  Epot = -129873.750eV  Ekin = 704.048eV (T = 294K)  Etot = -129169.702eV
Step 6235:  Epot = -129875.455eV  Ekin = 705.346eV (T = 295K)  Etot = -129170.110eV
Step 6236:  Epot = -129874.139eV  Ekin = 703.966eV (T = 294K)  Etot = -129170.173eV
Step 6237:  Epot = -129870.380eV  Ekin = 700.674eV (T = 293K)  Etot = -129169.706eV
Step 6238:  Epot = -129869.546eV  Ekin = 700.152eV (T = 293K)  Etot = -129169.395eV
Step 6239:  Epot = -129871.566eV  Ekin = 702.149eV (T = 294K)  Etot = -129169.416eV
Step 6240:  Epot = -129871.894eV  Ekin = 702.601eV (T = 294K)  Etot = -129169.294eV
Step 6241:  Epot = -129870.781eV  Ekin = 701.913eV (T = 293K)  Etot = -129168.868eV
Step 6242:  Epot = -129871.226eV  Ekin = 702.702eV (T = 294K)  Etot = -129168.524eV
Step 6243:  Epot = -129873.183eV  Ekin = 704.176eV (T = 294K)  Etot = -129169.007eV
Step 6244:  Epot = -129875.559eV  Ekin = 706.526eV (T = 295K)  Etot = -129169.033eV
Step 6245:  Epot = -129874.932eV  Ekin = 705.898eV (T = 295K)  Etot = -129169.034eV
Step 6246:  Epot = -129870.817eV  Ekin = 702.074eV (T = 294K)  Etot = -129168.743eV
Step 6247:  Epot = -129869.130eV  Ekin = 700.331eV (T = 293K)  Etot = -129168.799eV
Step 6248:  Epot = -129871.087eV  Ekin = 701.965eV (T = 294K)  Etot = -129169.121eV
Step 6249:  Epot = -129872.340eV  Ekin = 703.292eV (T = 294K)  Etot = -129169.047eV
Step 6250:  Epot = -129870.494eV  Ekin = 701.676eV (T = 293K)  Etot = -129168.818eV
Step 6251:  Epot = -129869.904eV  Ekin = 701.574eV (T = 293K)  Etot = -129168.330eV
Step 6252:  Epot = -129872.529eV  Ekin = 704.416eV (T = 295K)  Etot = -129168.113eV
Step 6253:  Epot = -129876.262eV  Ekin = 708.028eV (T = 296K)  Etot = -129168.234eV
Step 6254:  Epot = -129877.200eV  Ekin = 708.912eV (T = 296K)  Etot = -129168.287eV
Step 6255:  Epot = -129874.377eV  Ekin = 706.630eV (T = 295K)  Etot = -129167.747eV
Step 6256:  Epot = -129873.481eV  Ekin = 705.979eV (T = 295K)  Etot = -129167.502eV
Step 6257:  Epot = -129875.348eV  Ekin = 708.290eV (T = 296K)  Etot = -129167.059eV
Step 6258:  Epot = -129876.950eV  Ekin = 709.506eV (T = 297K)  Etot = -129167.444eV
Step 6259:  Epot = -129875.217eV  Ekin = 708.399eV (T = 296K)  Etot = -129166.818eV
Step 6260:  Epot = -129874.072eV  Ekin = 707.878eV (T = 296K)  Etot = -129166.194eV
Step 6261:  Epot = -129875.791eV  Ekin = 709.827eV (T = 297K)  Etot = -129165.964eV
Step 6262:  Epot = -129878.654eV  Ekin = 712.886eV (T = 298K)  Etot = -129165.768eV
Step 6263:  Epot = -129879.867eV  Ekin = 713.959eV (T = 299K)  Etot = -129165.908eV
Step 6264:  Epot = -129877.310eV  Ekin = 711.979eV (T = 298K)  Etot = -129165.331eV
Step 6265:  Epot = -129875.093eV  Ekin = 709.837eV (T = 297K)  Etot = -129165.256eV
Step 6266:  Epot = -129875.390eV  Ekin = 709.751eV (T = 297K)  Etot = -129165.638eV
Step 6267:  Epot = -129875.755eV  Ekin = 710.190eV (T = 297K)  Etot = -129165.565eV
Step 6268:  Epot = -129873.591eV  Ekin = 707.686eV (T = 296K)  Etot = -129165.905eV
Step 6269:  Epot = -129870.604eV  Ekin = 704.826eV (T = 295K)  Etot = -129165.777eV
Step 6270:  Epot = -129871.410eV  Ekin = 706.022eV (T = 295K)  Etot = -129165.388eV
Step 6271:  Epot = -129874.349eV  Ekin = 708.899eV (T = 296K)  Etot = -129165.450eV
Step 6272:  Epot = -129874.938eV  Ekin = 709.164eV (T = 297K)  Etot = -129165.774eV
Step 6273:  Epot = -129872.063eV  Ekin = 706.737eV (T = 296K)  Etot = -129165.327eV
Step 6274:  Epot = -129869.425eV  Ekin = 704.713eV (T = 295K)  Etot = -129164.712eV
Step 6275:  Epot = -129870.115eV  Ekin = 705.026eV (T = 295K)  Etot = -129165.089eV
Step 6276:  Epot = -129871.939eV  Ekin = 706.845eV (T = 296K)  Etot = -129165.094eV
Step 6277:  Epot = -129870.595eV  Ekin = 705.598eV (T = 295K)  Etot = -129164.997eV
Step 6278:  Epot = -129866.950eV  Ekin = 702.750eV (T = 294K)  Etot = -129164.199eV
Step 6279:  Epot = -129867.070eV  Ekin = 703.033eV (T = 294K)  Etot = -129164.037eV
Step 6280:  Epot = -129870.734eV  Ekin = 706.195eV (T = 295K)  Etot = -129164.539eV
Step 6281:  Epot = -129873.142eV  Ekin = 708.154eV (T = 296K)  Etot = -129164.988eV
Step 6282:  Epot = -129871.085eV  Ekin = 706.188eV (T = 295K)  Etot = -129164.896eV
Step 6283:  Epot = -129868.589eV  Ekin = 703.626eV (T = 294K)  Etot = -129164.963eV
Step 6284:  Epot = -129869.741eV  Ekin = 705.241eV (T = 295K)  Etot = -129164.499eV
Step 6285:  Epot = -129872.482eV  Ekin = 707.606eV (T = 296K)  Etot = -129164.876eV
Step 6286:  Epot = -129872.045eV  Ekin = 706.941eV (T = 296K)  Etot = -129165.104eV
Step 6287:  Epot = -129868.321eV  Ekin = 703.675eV (T = 294K)  Etot = -129164.646eV
Step 6288:  Epot = -129867.048eV  Ekin = 702.572eV (T = 294K)  Etot = -129164.477eV
Step 6289:  Epot = -129869.675eV  Ekin = 704.697eV (T = 295K)  Etot = -129164.977eV
Step 6290:  Epot = -129871.313eV  Ekin = 706.421eV (T = 295K)  Etot = -129164.893eV
Step 6291:  Epot = -129869.276eV  Ekin = 704.159eV (T = 294K)  Etot = -129165.116eV
Step 6292:  Epot = -129867.010eV  Ekin = 702.098eV (T = 294K)  Etot = -129164.912eV
Step 6293:  Epot = -129868.040eV  Ekin = 703.120eV (T = 294K)  Etot = -129164.921eV
Step 6294:  Epot = -129870.531eV  Ekin = 705.640eV (T = 295K)  Etot = -129164.891eV
Step 6295:  Epot = -129870.577eV  Ekin = 705.730eV (T = 295K)  Etot = -129164.847eV
Step 6296:  Epot = -129867.380eV  Ekin = 703.121eV (T = 294K)  Etot = -129164.259eV
Step 6297:  Epot = -129866.079eV  Ekin = 701.917eV (T = 293K)  Etot = -129164.162eV
Step 6298:  Epot = -129869.024eV  Ekin = 704.243eV (T = 294K)  Etot = -129164.780eV
Step 6299:  Epot = -129871.174eV  Ekin = 706.269eV (T = 295K)  Etot = -129164.904eV
Step 6300:  Epot = -129869.469eV  Ekin = 704.401eV (T = 295K)  Etot = -129165.069eV
Step 6301:  Epot = -129867.359eV  Ekin = 702.310eV (T = 294K)  Etot = -129165.049eV
Step 6302:  Epot = -129868.826eV  Ekin = 703.827eV (T = 294K)  Etot = -129164.999eV
Step 6303:  Epot = -129871.569eV  Ekin = 706.015eV (T = 295K)  Etot = -129165.553eV
Step 6304:  Epot = -129872.037eV  Ekin = 706.286eV (T = 295K)  Etot = -129165.750eV
Step 6305:  Epot = -129869.599eV  Ekin = 703.985eV (T = 294K)  Etot = -129165.615eV
Step 6306:  Epot = -129867.295eV  Ekin = 701.832eV (T = 293K)  Etot = -129165.463eV
Step 6307:  Epot = -129868.945eV  Ekin = 703.188eV (T = 294K)  Etot = -129165.757eV
Step 6308:  Epot = -129871.097eV  Ekin = 704.714eV (T = 295K)  Etot = -129166.383eV
Step 6309:  Epot = -129868.537eV  Ekin = 702.847eV (T = 294K)  Etot = -129165.689eV
Step 6310:  Epot = -129864.770eV  Ekin = 699.200eV (T = 292K)  Etot = -129165.570eV
Step 6311:  Epot = -129865.064eV  Ekin = 699.355eV (T = 292K)  Etot = -129165.710eV
Step 6312:  Epot = -129867.835eV  Ekin = 701.689eV (T = 293K)  Etot = -129166.146eV
Step 6313:  Epot = -129869.209eV  Ekin = 702.776eV (T = 294K)  Etot = -129166.433eV
Step 6314:  Epot = -129867.832eV  Ekin = 701.635eV (T = 293K)  Etot = -129166.197eV
Step 6315:  Epot = -129866.473eV  Ekin = 700.532eV (T = 293K)  Etot = -129165.941eV
Step 6316:  Epot = -129869.373eV  Ekin = 703.559eV (T = 294K)  Etot = -129165.814eV
Step 6317:  Epot = -129873.065eV  Ekin = 706.756eV (T = 296K)  Etot = -129166.309eV
Step 6318:  Epot = -129871.835eV  Ekin = 706.045eV (T = 295K)  Etot = -129165.790eV
Step 6319:  Epot = -129869.181eV  Ekin = 704.046eV (T = 294K)  Etot = -129165.134eV
Step 6320:  Epot = -129870.539eV  Ekin = 704.868eV (T = 295K)  Etot = -129165.671eV
Step 6321:  Epot = -129873.916eV  Ekin = 708.150eV (T = 296K)  Etot = -129165.767eV
Step 6322:  Epot = -129876.069eV  Ekin = 710.388eV (T = 297K)  Etot = -129165.682eV
Step 6323:  Epot = -129874.850eV  Ekin = 709.797eV (T = 297K)  Etot = -129165.053eV
Step 6324:  Epot = -129872.476eV  Ekin = 708.189eV (T = 296K)  Etot = -129164.287eV
Step 6325:  Epot = -129874.887eV  Ekin = 710.404eV (T = 297K)  Etot = -129164.483eV
Step 6326:  Epot = -129878.809eV  Ekin = 713.798eV (T = 298K)  Etot = -129165.010eV
Step 6327:  Epot = -129877.198eV  Ekin = 712.046eV (T = 298K)  Etot = -129165.151eV
Step 6328:  Epot = -129872.670eV  Ekin = 708.016eV (T = 296K)  Etot = -129164.654eV
Step 6329:  Epot = -129871.080eV  Ekin = 706.717eV (T = 296K)  Etot = -129164.364eV
Step 6330:  Epot = -129873.243eV  Ekin = 708.120eV (T = 296K)  Etot = -129165.123eV
Step 6331:  Epot = -129874.566eV  Ekin = 709.962eV (T = 297K)  Etot = -129164.605eV
Step 6332:  Epot = -129872.353eV  Ekin = 707.728eV (T = 296K)  Etot = -129164.625eV
Step 6333:  Epot = -129868.533eV  Ekin = 704.113eV (T = 294K)  Etot = -129164.420eV
Step 6334:  Epot = -129868.947eV  Ekin = 704.639eV (T = 295K)  Etot = -129164.308eV
Step 6335:  Epot = -129873.007eV  Ekin = 708.425eV (T = 296K)  Etot = -129164.582eV
Step 6336:  Epot = -129871.829eV  Ekin = 707.340eV (T = 296K)  Etot = -129164.489eV
Step 6337:  Epot = -129867.163eV  Ekin = 702.990eV (T = 294K)  Etot = -129164.173eV
Step 6338:  Epot = -129865.962eV  Ekin = 701.882eV (T = 293K)  Etot = -129164.080eV
Step 6339:  Epot = -129868.959eV  Ekin = 704.082eV (T = 294K)  Etot = -129164.877eV
Step 6340:  Epot = -129870.376eV  Ekin = 705.756eV (T = 295K)  Etot = -129164.620eV
Step 6341:  Epot = -129868.643eV  Ekin = 704.555eV (T = 295K)  Etot = -129164.088eV
Step 6342:  Epot = -129866.157eV  Ekin = 702.456eV (T = 294K)  Etot = -129163.700eV
Step 6343:  Epot = -129866.943eV  Ekin = 703.487eV (T = 294K)  Etot = -129163.456eV
Step 6344:  Epot = -129870.402eV  Ekin = 706.469eV (T = 295K)  Etot = -129163.933eV
Step 6345:  Epot = -129870.144eV  Ekin = 705.899eV (T = 295K)  Etot = -129164.245eV
Step 6346:  Epot = -129866.886eV  Ekin = 702.780eV (T = 294K)  Etot = -129164.106eV
Step 6347:  Epot = -129866.166eV  Ekin = 702.219eV (T = 294K)  Etot = -129163.947eV
Step 6348:  Epot = -129868.059eV  Ekin = 704.191eV (T = 294K)  Etot = -129163.868eV
Step 6349:  Epot = -129867.495eV  Ekin = 703.667eV (T = 294K)  Etot = -129163.828eV
Step 6350:  Epot = -129865.214eV  Ekin = 701.452eV (T = 293K)  Etot = -129163.762eV
Step 6351:  Epot = -129863.662eV  Ekin = 700.092eV (T = 293K)  Etot = -129163.570eV
Step 6352:  Epot = -129864.549eV  Ekin = 701.148eV (T = 293K)  Etot = -129163.401eV
Step 6353:  Epot = -129867.507eV  Ekin = 702.894eV (T = 294K)  Etot = -129164.612eV
Step 6354:  Epot = -129866.917eV  Ekin = 702.216eV (T = 294K)  Etot = -129164.702eV
Step 6355:  Epot = -129863.139eV  Ekin = 698.601eV (T = 292K)  Etot = -129164.538eV
Step 6356:  Epot = -129862.399eV  Ekin = 697.286eV (T = 292K)  Etot = -129165.113eV
Step 6357:  Epot = -129864.909eV  Ekin = 699.516eV (T = 292K)  Etot = -129165.393eV
Step 6358:  Epot = -129864.758eV  Ekin = 699.561eV (T = 293K)  Etot = -129165.197eV
Step 6359:  Epot = -129862.490eV  Ekin = 697.501eV (T = 292K)  Etot = -129164.989eV
Step 6360:  Epot = -129861.817eV  Ekin = 696.688eV (T = 291K)  Etot = -129165.129eV
Step 6361:  Epot = -129864.054eV  Ekin = 698.632eV (T = 292K)  Etot = -129165.423eV
Step 6362:  Epot = -129867.762eV  Ekin = 702.207eV (T = 294K)  Etot = -129165.556eV
Step 6363:  Epot = -129868.309eV  Ekin = 703.008eV (T = 294K)  Etot = -129165.301eV
Step 6364:  Epot = -129867.154eV  Ekin = 701.771eV (T = 293K)  Etot = -129165.384eV
Step 6365:  Epot = -129868.499eV  Ekin = 702.959eV (T = 294K)  Etot = -129165.540eV
Step 6366:  Epot = -129871.214eV  Ekin = 705.541eV (T = 295K)  Etot = -129165.673eV
Step 6367:  Epot = -129870.643eV  Ekin = 705.673eV (T = 295K)  Etot = -129164.970eV
Step 6368:  Epot = -129867.719eV  Ekin = 703.181eV (T = 294K)  Etot = -129164.538eV
Step 6369:  Epot = -129866.789eV  Ekin = 702.510eV (T = 294K)  Etot = -129164.279eV
Step 6370:  Epot = -129868.761eV  Ekin = 704.258eV (T = 294K)  Etot = -129164.503eV
Step 6371:  Epot = -129871.608eV  Ekin = 706.685eV (T = 295K)  Etot = -129164.922eV
Step 6372:  Epot = -129870.954eV  Ekin = 706.778eV (T = 296K)  Etot = -129164.176eV
Step 6373:  Epot = -129868.686eV  Ekin = 704.666eV (T = 295K)  Etot = -129164.021eV
Step 6374:  Epot = -129868.742eV  Ekin = 704.868eV (T = 295K)  Etot = -129163.874eV
Step 6375:  Epot = -129870.045eV  Ekin = 706.246eV (T = 295K)  Etot = -129163.800eV
Step 6376:  Epot = -129868.757eV  Ekin = 704.731eV (T = 295K)  Etot = -129164.027eV
Step 6377:  Epot = -129864.421eV  Ekin = 701.243eV (T = 293K)  Etot = -129163.178eV
Step 6378:  Epot = -129861.728eV  Ekin = 698.708eV (T = 292K)  Etot = -129163.019eV
Step 6379:  Epot = -129861.556eV  Ekin = 698.265eV (T = 292K)  Etot = -129163.290eV
Step 6380:  Epot = -129862.724eV  Ekin = 699.136eV (T = 292K)  Etot = -129163.589eV
Step 6381:  Epot = -129862.499eV  Ekin = 698.462eV (T = 292K)  Etot = -129164.038eV
Step 6382:  Epot = -129861.026eV  Ekin = 696.844eV (T = 291K)  Etot = -129164.181eV
Step 6383:  Epot = -129860.658eV  Ekin = 696.335eV (T = 291K)  Etot = -129164.323eV
Step 6384:  Epot = -129861.966eV  Ekin = 697.598eV (T = 292K)  Etot = -129164.368eV
Step 6385:  Epot = -129862.894eV  Ekin = 698.370eV (T = 292K)  Etot = -129164.524eV
Step 6386:  Epot = -129861.258eV  Ekin = 697.368eV (T = 292K)  Etot = -129163.890eV
Step 6387:  Epot = -129859.156eV  Ekin = 695.666eV (T = 291K)  Etot = -129163.490eV
Step 6388:  Epot = -129858.310eV  Ekin = 695.050eV (T = 291K)  Etot = -129163.260eV
Step 6389:  Epot = -129859.718eV  Ekin = 696.212eV (T = 291K)  Etot = -129163.507eV
Step 6390:  Epot = -129861.764eV  Ekin = 698.326eV (T = 292K)  Etot = -129163.438eV
Step 6391:  Epot = -129863.454eV  Ekin = 700.402eV (T = 293K)  Etot = -129163.052eV
Step 6392:  Epot = -129864.930eV  Ekin = 701.554eV (T = 293K)  Etot = -129163.376eV
Step 6393:  Epot = -129866.456eV  Ekin = 702.873eV (T = 294K)  Etot = -129163.584eV
Step 6394:  Epot = -129868.568eV  Ekin = 704.697eV (T = 295K)  Etot = -129163.871eV
Step 6395:  Epot = -129868.530eV  Ekin = 704.882eV (T = 295K)  Etot = -129163.648eV
Step 6396:  Epot = -129867.385eV  Ekin = 703.760eV (T = 294K)  Etot = -129163.624eV
Step 6397:  Epot = -129866.741eV  Ekin = 703.192eV (T = 294K)  Etot = -129163.549eV
Step 6398:  Epot = -129866.783eV  Ekin = 703.598eV (T = 294K)  Etot = -129163.185eV
Step 6399:  Epot = -129867.221eV  Ekin = 703.692eV (T = 294K)  Etot = -129163.528eV
Step 6400:  Epot = -129867.271eV  Ekin = 703.485eV (T = 294K)  Etot = -129163.786eV
Step 6401:  Epot = -129866.889eV  Ekin = 702.491eV (T = 294K)  Etot = -129164.397eV
Step 6402:  Epot = -129866.781eV  Ekin = 702.822eV (T = 294K)  Etot = -129163.959eV
Step 6403:  Epot = -129867.583eV  Ekin = 703.227eV (T = 294K)  Etot = -129164.356eV
Step 6404:  Epot = -129866.923eV  Ekin = 702.218eV (T = 294K)  Etot = -129164.706eV
Step 6405:  Epot = -129864.736eV  Ekin = 699.777eV (T = 293K)  Etot = -129164.959eV
Step 6406:  Epot = -129862.842eV  Ekin = 697.645eV (T = 292K)  Etot = -129165.197eV
Step 6407:  Epot = -129861.794eV  Ekin = 697.123eV (T = 291K)  Etot = -129164.670eV
Step 6408:  Epot = -129862.305eV  Ekin = 697.192eV (T = 292K)  Etot = -129165.112eV
Step 6409:  Epot = -129862.861eV  Ekin = 697.630eV (T = 292K)  Etot = -129165.231eV
Step 6410:  Epot = -129862.829eV  Ekin = 697.525eV (T = 292K)  Etot = -129165.304eV
Step 6411:  Epot = -129863.088eV  Ekin = 697.852eV (T = 292K)  Etot = -129165.235eV
Step 6412:  Epot = -129864.956eV  Ekin = 699.693eV (T = 293K)  Etot = -129165.263eV
Step 6413:  Epot = -129865.633eV  Ekin = 700.610eV (T = 293K)  Etot = -129165.024eV
Step 6414:  Epot = -129864.375eV  Ekin = 699.670eV (T = 293K)  Etot = -129164.706eV
Step 6415:  Epot = -129863.523eV  Ekin = 698.538eV (T = 292K)  Etot = -129164.985eV
Step 6416:  Epot = -129863.400eV  Ekin = 698.525eV (T = 292K)  Etot = -129164.875eV
Step 6417:  Epot = -129863.846eV  Ekin = 698.622eV (T = 292K)  Etot = -129165.223eV
Step 6418:  Epot = -129865.115eV  Ekin = 699.384eV (T = 292K)  Etot = -129165.732eV
Step 6419:  Epot = -129865.606eV  Ekin = 700.053eV (T = 293K)  Etot = -129165.553eV
Step 6420:  Epot = -129865.214eV  Ekin = 700.160eV (T = 293K)  Etot = -129165.054eV
Step 6421:  Epot = -129866.684eV  Ekin = 701.877eV (T = 293K)  Etot = -129164.807eV
Step 6422:  Epot = -129869.340eV  Ekin = 704.130eV (T = 294K)  Etot = -129165.210eV
Step 6423:  Epot = -129869.265eV  Ekin = 703.666eV (T = 294K)  Etot = -129165.599eV
Step 6424:  Epot = -129867.026eV  Ekin = 701.381eV (T = 293K)  Etot = -129165.644eV
Step 6425:  Epot = -129865.187eV  Ekin = 699.820eV (T = 293K)  Etot = -129165.367eV
Step 6426:  Epot = -129865.590eV  Ekin = 700.173eV (T = 293K)  Etot = -129165.417eV
Step 6427:  Epot = -129867.013eV  Ekin = 701.711eV (T = 293K)  Etot = -129165.302eV
Step 6428:  Epot = -129867.013eV  Ekin = 701.871eV (T = 293K)  Etot = -129165.141eV
Step 6429:  Epot = -129865.201eV  Ekin = 700.935eV (T = 293K)  Etot = -129164.265eV
Step 6430:  Epot = -129865.508eV  Ekin = 701.885eV (T = 293K)  Etot = -129163.623eV
Step 6431:  Epot = -129868.306eV  Ekin = 704.275eV (T = 294K)  Etot = -129164.031eV
Step 6432:  Epot = -129868.723eV  Ekin = 705.076eV (T = 295K)  Etot = -129163.647eV
Step 6433:  Epot = -129866.512eV  Ekin = 703.292eV (T = 294K)  Etot = -129163.221eV
Step 6434:  Epot = -129865.190eV  Ekin = 701.974eV (T = 294K)  Etot = -129163.216eV
Step 6435:  Epot = -129866.735eV  Ekin = 703.512eV (T = 294K)  Etot = -129163.223eV
Step 6436:  Epot = -129869.163eV  Ekin = 705.791eV (T = 295K)  Etot = -129163.373eV
Step 6437:  Epot = -129869.181eV  Ekin = 705.909eV (T = 295K)  Etot = -129163.271eV
Step 6438:  Epot = -129866.948eV  Ekin = 704.045eV (T = 294K)  Etot = -129162.903eV
Step 6439:  Epot = -129866.806eV  Ekin = 704.140eV (T = 294K)  Etot = -129162.666eV
Step 6440:  Epot = -129870.145eV  Ekin = 707.158eV (T = 296K)  Etot = -129162.987eV
Step 6441:  Epot = -129872.049eV  Ekin = 708.894eV (T = 296K)  Etot = -129163.155eV
Step 6442:  Epot = -129869.663eV  Ekin = 706.667eV (T = 295K)  Etot = -129162.996eV
Step 6443:  Epot = -129867.393eV  Ekin = 704.508eV (T = 295K)  Etot = -129162.885eV
Step 6444:  Epot = -129868.742eV  Ekin = 705.232eV (T = 295K)  Etot = -129163.510eV
Step 6445:  Epot = -129871.346eV  Ekin = 707.564eV (T = 296K)  Etot = -129163.783eV
Step 6446:  Epot = -129871.820eV  Ekin = 708.189eV (T = 296K)  Etot = -129163.631eV
Step 6447:  Epot = -129868.890eV  Ekin = 705.298eV (T = 295K)  Etot = -129163.592eV
Step 6448:  Epot = -129866.939eV  Ekin = 703.843eV (T = 294K)  Etot = -129163.096eV
Step 6449:  Epot = -129869.161eV  Ekin = 705.867eV (T = 295K)  Etot = -129163.295eV
Step 6450:  Epot = -129871.095eV  Ekin = 707.725eV (T = 296K)  Etot = -129163.370eV
Step 6451:  Epot = -129868.437eV  Ekin = 705.587eV (T = 295K)  Etot = -129162.850eV
Step 6452:  Epot = -129865.102eV  Ekin = 702.209eV (T = 294K)  Etot = -129162.893eV
Step 6453:  Epot = -129865.404eV  Ekin = 702.326eV (T = 294K)  Etot = -129163.078eV
Step 6454:  Epot = -129867.757eV  Ekin = 704.705eV (T = 295K)  Etot = -129163.052eV
Step 6455:  Epot = -129868.574eV  Ekin = 705.864eV (T = 295K)  Etot = -129162.710eV
Step 6456:  Epot = -129865.939eV  Ekin = 703.893eV (T = 294K)  Etot = -129162.046eV
Step 6457:  Epot = -129862.778eV  Ekin = 701.010eV (T = 293K)  Etot = -129161.768eV
Step 6458:  Epot = -129864.111eV  Ekin = 701.749eV (T = 293K)  Etot = -129162.362eV
Step 6459:  Epot = -129866.145eV  Ekin = 703.973eV (T = 294K)  Etot = -129162.172eV
Step 6460:  Epot = -129864.170eV  Ekin = 702.678eV (T = 294K)  Etot = -129161.493eV
Step 6461:  Epot = -129861.211eV  Ekin = 699.944eV (T = 293K)  Etot = -129161.267eV
Step 6462:  Epot = -129861.509eV  Ekin = 700.047eV (T = 293K)  Etot = -129161.463eV
Step 6463:  Epot = -129863.619eV  Ekin = 702.123eV (T = 294K)  Etot = -129161.496eV
Step 6464:  Epot = -129865.907eV  Ekin = 704.213eV (T = 294K)  Etot = -129161.694eV
Step 6465:  Epot = -129865.880eV  Ekin = 704.151eV (T = 294K)  Etot = -129161.729eV
Step 6466:  Epot = -129864.624eV  Ekin = 703.593eV (T = 294K)  Etot = -129161.030eV
Step 6467:  Epot = -129866.678eV  Ekin = 705.570eV (T = 295K)  Etot = -129161.109eV
Step 6468:  Epot = -129869.297eV  Ekin = 708.140eV (T = 296K)  Etot = -129161.158eV
Step 6469:  Epot = -129868.053eV  Ekin = 707.110eV (T = 296K)  Etot = -129160.943eV
Step 6470:  Epot = -129865.438eV  Ekin = 704.628eV (T = 295K)  Etot = -129160.810eV
Step 6471:  Epot = -129865.791eV  Ekin = 704.927eV (T = 295K)  Etot = -129160.864eV
Step 6472:  Epot = -129867.400eV  Ekin = 706.837eV (T = 296K)  Etot = -129160.562eV
Step 6473:  Epot = -129868.935eV  Ekin = 708.634eV (T = 296K)  Etot = -129160.301eV
Step 6474:  Epot = -129869.139eV  Ekin = 708.951eV (T = 296K)  Etot = -129160.189eV
Step 6475:  Epot = -129867.977eV  Ekin = 708.440eV (T = 296K)  Etot = -129159.536eV
Step 6476:  Epot = -129869.547eV  Ekin = 709.642eV (T = 297K)  Etot = -129159.905eV
Step 6477:  Epot = -129871.853eV  Ekin = 711.786eV (T = 298K)  Etot = -129160.068eV
Step 6478:  Epot = -129870.232eV  Ekin = 709.928eV (T = 297K)  Etot = -129160.305eV
Step 6479:  Epot = -129866.176eV  Ekin = 706.836eV (T = 296K)  Etot = -129159.340eV
Step 6480:  Epot = -129864.769eV  Ekin = 705.129eV (T = 295K)  Etot = -129159.640eV
Step 6481:  Epot = -129865.599eV  Ekin = 705.771eV (T = 295K)  Etot = -129159.828eV
Step 6482:  Epot = -129866.315eV  Ekin = 706.306eV (T = 295K)  Etot = -129160.010eV
Step 6483:  Epot = -129866.215eV  Ekin = 706.203eV (T = 295K)  Etot = -129160.013eV
Step 6484:  Epot = -129864.547eV  Ekin = 704.783eV (T = 295K)  Etot = -129159.765eV
Step 6485:  Epot = -129864.534eV  Ekin = 704.369eV (T = 295K)  Etot = -129160.165eV
Step 6486:  Epot = -129866.650eV  Ekin = 706.423eV (T = 295K)  Etot = -129160.227eV
Step 6487:  Epot = -129866.765eV  Ekin = 706.686eV (T = 295K)  Etot = -129160.079eV
Step 6488:  Epot = -129863.702eV  Ekin = 703.800eV (T = 294K)  Etot = -129159.902eV
Step 6489:  Epot = -129862.101eV  Ekin = 702.344eV (T = 294K)  Etot = -129159.757eV
Step 6490:  Epot = -129862.982eV  Ekin = 703.486eV (T = 294K)  Etot = -129159.496eV
Step 6491:  Epot = -129863.166eV  Ekin = 703.696eV (T = 294K)  Etot = -129159.470eV
Step 6492:  Epot = -129862.674eV  Ekin = 703.455eV (T = 294K)  Etot = -129159.220eV
Step 6493:  Epot = -129862.894eV  Ekin = 703.583eV (T = 294K)  Etot = -129159.312eV
Step 6494:  Epot = -129864.698eV  Ekin = 705.137eV (T = 295K)  Etot = -129159.561eV
Step 6495:  Epot = -129866.888eV  Ekin = 707.360eV (T = 296K)  Etot = -129159.528eV
Step 6496:  Epot = -129866.315eV  Ekin = 706.689eV (T = 295K)  Etot = -129159.626eV
Step 6497:  Epot = -129863.547eV  Ekin = 704.219eV (T = 294K)  Etot = -129159.328eV
Step 6498:  Epot = -129863.087eV  Ekin = 703.727eV (T = 294K)  Etot = -129159.360eV
Step 6499:  Epot = -129865.179eV  Ekin = 705.357eV (T = 295K)  Etot = -129159.821eV
Step 6500:  Epot = -129865.423eV  Ekin = 706.043eV (T = 295K)  Etot = -129159.380eV
Step 6501:  Epot = -129862.815eV  Ekin = 703.969eV (T = 294K)  Etot = -129158.846eV
Step 6502:  Epot = -129861.925eV  Ekin = 703.188eV (T = 294K)  Etot = -129158.738eV
Step 6503:  Epot = -129864.268eV  Ekin = 705.202eV (T = 295K)  Etot = -129159.067eV
Step 6504:  Epot = -129866.909eV  Ekin = 707.586eV (T = 296K)  Etot = -129159.323eV
Step 6505:  Epot = -129865.540eV  Ekin = 706.385eV (T = 295K)  Etot = -129159.156eV
Step 6506:  Epot = -129861.131eV  Ekin = 702.440eV (T = 294K)  Etot = -129158.691eV
Step 6507:  Epot = -129859.109eV  Ekin = 701.234eV (T = 293K)  Etot = -129157.875eV
Step 6508:  Epot = -129859.928eV  Ekin = 702.288eV (T = 294K)  Etot = -129157.640eV
Step 6509:  Epot = -129859.833eV  Ekin = 702.236eV (T = 294K)  Etot = -129157.597eV
Step 6510:  Epot = -129856.965eV  Ekin = 699.669eV (T = 293K)  Etot = -129157.297eV
Step 6511:  Epot = -129855.688eV  Ekin = 698.905eV (T = 292K)  Etot = -129156.782eV
Step 6512:  Epot = -129859.030eV  Ekin = 701.541eV (T = 293K)  Etot = -129157.489eV
Step 6513:  Epot = -129862.894eV  Ekin = 704.895eV (T = 295K)  Etot = -129157.999eV
Step 6514:  Epot = -129863.262eV  Ekin = 705.389eV (T = 295K)  Etot = -129157.873eV
Step 6515:  Epot = -129860.194eV  Ekin = 702.704eV (T = 294K)  Etot = -129157.490eV
Step 6516:  Epot = -129858.685eV  Ekin = 701.843eV (T = 293K)  Etot = -129156.842eV
Step 6517:  Epot = -129860.456eV  Ekin = 703.963eV (T = 294K)  Etot = -129156.493eV
Step 6518:  Epot = -129862.036eV  Ekin = 705.343eV (T = 295K)  Etot = -129156.693eV
Step 6519:  Epot = -129860.060eV  Ekin = 703.608eV (T = 294K)  Etot = -129156.452eV
Step 6520:  Epot = -129857.940eV  Ekin = 702.040eV (T = 294K)  Etot = -129155.901eV
Step 6521:  Epot = -129860.161eV  Ekin = 704.303eV (T = 294K)  Etot = -129155.858eV
Step 6522:  Epot = -129863.340eV  Ekin = 707.063eV (T = 296K)  Etot = -129156.277eV
Step 6523:  Epot = -129864.515eV  Ekin = 707.906eV (T = 296K)  Etot = -129156.609eV
Step 6524:  Epot = -129864.045eV  Ekin = 707.623eV (T = 296K)  Etot = -129156.422eV
Step 6525:  Epot = -129863.563eV  Ekin = 706.549eV (T = 295K)  Etot = -129157.014eV
Step 6526:  Epot = -129863.709eV  Ekin = 706.279eV (T = 295K)  Etot = -129157.430eV
Step 6527:  Epot = -129864.097eV  Ekin = 706.165eV (T = 295K)  Etot = -129157.932eV
Step 6528:  Epot = -129862.523eV  Ekin = 704.536eV (T = 295K)  Etot = -129157.988eV
Step 6529:  Epot = -129859.985eV  Ekin = 702.021eV (T = 294K)  Etot = -129157.964eV
Step 6530:  Epot = -129860.572eV  Ekin = 702.331eV (T = 294K)  Etot = -129158.241eV
Step 6531:  Epot = -129862.439eV  Ekin = 703.837eV (T = 294K)  Etot = -129158.602eV
Step 6532:  Epot = -129863.466eV  Ekin = 704.898eV (T = 295K)  Etot = -129158.568eV
Step 6533:  Epot = -129863.235eV  Ekin = 704.586eV (T = 295K)  Etot = -129158.649eV
Step 6534:  Epot = -129861.389eV  Ekin = 702.602eV (T = 294K)  Etot = -129158.787eV
Step 6535:  Epot = -129860.097eV  Ekin = 701.628eV (T = 293K)  Etot = -129158.469eV
Step 6536:  Epot = -129860.923eV  Ekin = 702.444eV (T = 294K)  Etot = -129158.478eV
Step 6537:  Epot = -129861.190eV  Ekin = 702.934eV (T = 294K)  Etot = -129158.256eV
Step 6538:  Epot = -129859.524eV  Ekin = 701.413eV (T = 293K)  Etot = -129158.110eV
Step 6539:  Epot = -129859.953eV  Ekin = 701.490eV (T = 293K)  Etot = -129158.464eV
Step 6540:  Epot = -129862.257eV  Ekin = 703.723eV (T = 294K)  Etot = -129158.534eV
Step 6541:  Epot = -129864.113eV  Ekin = 705.780eV (T = 295K)  Etot = -129158.333eV
Step 6542:  Epot = -129864.798eV  Ekin = 705.762eV (T = 295K)  Etot = -129159.036eV
Step 6543:  Epot = -129863.773eV  Ekin = 705.037eV (T = 295K)  Etot = -129158.736eV
Step 6544:  Epot = -129862.723eV  Ekin = 704.267eV (T = 294K)  Etot = -129158.456eV
Step 6545:  Epot = -129864.153eV  Ekin = 705.436eV (T = 295K)  Etot = -129158.717eV
Step 6546:  Epot = -129865.480eV  Ekin = 706.788eV (T = 296K)  Etot = -129158.691eV
Step 6547:  Epot = -129863.526eV  Ekin = 705.556eV (T = 295K)  Etot = -129157.969eV
Step 6548:  Epot = -129861.716eV  Ekin = 703.799eV (T = 294K)  Etot = -129157.917eV
Step 6549:  Epot = -129862.261eV  Ekin = 704.026eV (T = 294K)  Etot = -129158.235eV
Step 6550:  Epot = -129863.444eV  Ekin = 705.472eV (T = 295K)  Etot = -129157.972eV
Step 6551:  Epot = -129864.595eV  Ekin = 706.388eV (T = 295K)  Etot = -129158.207eV
Step 6552:  Epot = -129863.299eV  Ekin = 705.429eV (T = 295K)  Etot = -129157.871eV
Step 6553:  Epot = -129860.629eV  Ekin = 703.085eV (T = 294K)  Etot = -129157.544eV
Step 6554:  Epot = -129860.913eV  Ekin = 702.878eV (T = 294K)  Etot = -129158.034eV
Step 6555:  Epot = -129863.549eV  Ekin = 705.251eV (T = 295K)  Etot = -129158.298eV
Step 6556:  Epot = -129862.874eV  Ekin = 704.186eV (T = 294K)  Etot = -129158.688eV
Step 6557:  Epot = -129860.387eV  Ekin = 702.280eV (T = 294K)  Etot = -129158.107eV
Step 6558:  Epot = -129860.190eV  Ekin = 702.091eV (T = 294K)  Etot = -129158.100eV
Step 6559:  Epot = -129860.450eV  Ekin = 702.021eV (T = 294K)  Etot = -129158.429eV
Step 6560:  Epot = -129861.197eV  Ekin = 703.199eV (T = 294K)  Etot = -129157.998eV
Step 6561:  Epot = -129861.043eV  Ekin = 703.355eV (T = 294K)  Etot = -129157.688eV
Step 6562:  Epot = -129859.158eV  Ekin = 701.742eV (T = 293K)  Etot = -129157.416eV
Step 6563:  Epot = -129858.408eV  Ekin = 700.847eV (T = 293K)  Etot = -129157.561eV
Step 6564:  Epot = -129860.094eV  Ekin = 701.978eV (T = 294K)  Etot = -129158.116eV
Step 6565:  Epot = -129860.596eV  Ekin = 703.110eV (T = 294K)  Etot = -129157.486eV
Step 6566:  Epot = -129859.246eV  Ekin = 702.130eV (T = 294K)  Etot = -129157.116eV
Step 6567:  Epot = -129859.444eV  Ekin = 702.232eV (T = 294K)  Etot = -129157.212eV
Step 6568:  Epot = -129860.370eV  Ekin = 703.726eV (T = 294K)  Etot = -129156.644eV
Step 6569:  Epot = -129862.372eV  Ekin = 705.121eV (T = 295K)  Etot = -129157.251eV
Step 6570:  Epot = -129863.686eV  Ekin = 706.632eV (T = 295K)  Etot = -129157.054eV
Step 6571:  Epot = -129862.916eV  Ekin = 705.341eV (T = 295K)  Etot = -129157.574eV
Step 6572:  Epot = -129862.620eV  Ekin = 704.903eV (T = 295K)  Etot = -129157.717eV
Step 6573:  Epot = -129864.149eV  Ekin = 706.390eV (T = 295K)  Etot = -129157.759eV
Step 6574:  Epot = -129865.859eV  Ekin = 707.911eV (T = 296K)  Etot = -129157.949eV
Step 6575:  Epot = -129865.092eV  Ekin = 707.019eV (T = 296K)  Etot = -129158.073eV
Step 6576:  Epot = -129864.668eV  Ekin = 706.575eV (T = 295K)  Etot = -129158.093eV
Step 6577:  Epot = -129864.536eV  Ekin = 706.548eV (T = 295K)  Etot = -129157.988eV
Step 6578:  Epot = -129865.200eV  Ekin = 707.319eV (T = 296K)  Etot = -129157.880eV
Step 6579:  Epot = -129866.424eV  Ekin = 708.839eV (T = 296K)  Etot = -129157.585eV
Step 6580:  Epot = -129865.199eV  Ekin = 707.680eV (T = 296K)  Etot = -129157.519eV
Step 6581:  Epot = -129863.965eV  Ekin = 706.501eV (T = 295K)  Etot = -129157.464eV
Step 6582:  Epot = -129864.145eV  Ekin = 706.590eV (T = 295K)  Etot = -129157.556eV
Step 6583:  Epot = -129865.784eV  Ekin = 708.127eV (T = 296K)  Etot = -129157.657eV
Step 6584:  Epot = -129866.286eV  Ekin = 708.486eV (T = 296K)  Etot = -129157.801eV
Step 6585:  Epot = -129864.833eV  Ekin = 706.820eV (T = 296K)  Etot = -129158.013eV
Step 6586:  Epot = -129862.964eV  Ekin = 704.929eV (T = 295K)  Etot = -129158.035eV
Step 6587:  Epot = -129862.728eV  Ekin = 705.169eV (T = 295K)  Etot = -129157.559eV
Step 6588:  Epot = -129863.942eV  Ekin = 706.117eV (T = 295K)  Etot = -129157.825eV
Step 6589:  Epot = -129863.208eV  Ekin = 705.671eV (T = 295K)  Etot = -129157.537eV
Step 6590:  Epot = -129861.419eV  Ekin = 704.024eV (T = 294K)  Etot = -129157.394eV
Step 6591:  Epot = -129859.994eV  Ekin = 702.831eV (T = 294K)  Etot = -129157.163eV
Step 6592:  Epot = -129860.173eV  Ekin = 703.418eV (T = 294K)  Etot = -129156.755eV
Step 6593:  Epot = -129860.774eV  Ekin = 704.103eV (T = 294K)  Etot = -129156.672eV
Step 6594:  Epot = -129860.502eV  Ekin = 704.069eV (T = 294K)  Etot = -129156.432eV
Step 6595:  Epot = -129859.832eV  Ekin = 703.448eV (T = 294K)  Etot = -129156.384eV
Step 6596:  Epot = -129859.876eV  Ekin = 703.430eV (T = 294K)  Etot = -129156.446eV
Step 6597:  Epot = -129861.715eV  Ekin = 705.316eV (T = 295K)  Etot = -129156.399eV
Step 6598:  Epot = -129862.638eV  Ekin = 706.395eV (T = 295K)  Etot = -129156.243eV
Step 6599:  Epot = -129861.983eV  Ekin = 706.063eV (T = 295K)  Etot = -129155.920eV
Step 6600:  Epot = -129861.065eV  Ekin = 705.582eV (T = 295K)  Etot = -129155.483eV
Step 6601:  Epot = -129860.972eV  Ekin = 705.128eV (T = 295K)  Etot = -129155.844eV
Step 6602:  Epot = -129860.998eV  Ekin = 705.286eV (T = 295K)  Etot = -129155.712eV
Step 6603:  Epot = -129860.547eV  Ekin = 705.216eV (T = 295K)  Etot = -129155.331eV
Step 6604:  Epot = -129860.219eV  Ekin = 704.823eV (T = 295K)  Etot = -129155.397eV
Step 6605:  Epot = -129859.354eV  Ekin = 703.908eV (T = 294K)  Etot = -129155.446eV
Step 6606:  Epot = -129859.610eV  Ekin = 704.365eV (T = 295K)  Etot = -129155.244eV
Step 6607:  Epot = -129860.540eV  Ekin = 705.413eV (T = 295K)  Etot = -129155.127eV
Step 6608:  Epot = -129860.078eV  Ekin = 705.086eV (T = 295K)  Etot = -129154.992eV
Step 6609:  Epot = -129858.812eV  Ekin = 704.369eV (T = 295K)  Etot = -129154.443eV
Step 6610:  Epot = -129858.510eV  Ekin = 703.989eV (T = 294K)  Etot = -129154.521eV
Step 6611:  Epot = -129858.694eV  Ekin = 703.846eV (T = 294K)  Etot = -129154.848eV
Step 6612:  Epot = -129858.598eV  Ekin = 704.023eV (T = 294K)  Etot = -129154.575eV
Step 6613:  Epot = -129858.685eV  Ekin = 704.389eV (T = 295K)  Etot = -129154.296eV
Step 6614:  Epot = -129858.566eV  Ekin = 704.132eV (T = 294K)  Etot = -129154.434eV
Step 6615:  Epot = -129858.975eV  Ekin = 704.795eV (T = 295K)  Etot = -129154.180eV
Step 6616:  Epot = -129860.771eV  Ekin = 706.614eV (T = 295K)  Etot = -129154.156eV
Step 6617:  Epot = -129862.287eV  Ekin = 708.216eV (T = 296K)  Etot = -129154.071eV
Step 6618:  Epot = -129863.309eV  Ekin = 709.063eV (T = 296K)  Etot = -129154.246eV
Step 6619:  Epot = -129864.182eV  Ekin = 709.906eV (T = 297K)  Etot = -129154.276eV
Step 6620:  Epot = -129863.757eV  Ekin = 709.694eV (T = 297K)  Etot = -129154.063eV
Step 6621:  Epot = -129862.504eV  Ekin = 708.644eV (T = 296K)  Etot = -129153.860eV
Step 6622:  Epot = -129862.629eV  Ekin = 708.787eV (T = 296K)  Etot = -129153.843eV
Step 6623:  Epot = -129862.787eV  Ekin = 709.209eV (T = 297K)  Etot = -129153.578eV
Step 6624:  Epot = -129861.508eV  Ekin = 708.191eV (T = 296K)  Etot = -129153.317eV
Step 6625:  Epot = -129860.391eV  Ekin = 706.992eV (T = 296K)  Etot = -129153.400eV
Step 6626:  Epot = -129859.873eV  Ekin = 706.058eV (T = 295K)  Etot = -129153.815eV
Step 6627:  Epot = -129859.987eV  Ekin = 706.200eV (T = 295K)  Etot = -129153.787eV
Step 6628:  Epot = -129859.363eV  Ekin = 705.799eV (T = 295K)  Etot = -129153.564eV
Step 6629:  Epot = -129857.234eV  Ekin = 703.942eV (T = 294K)  Etot = -129153.292eV
Step 6630:  Epot = -129855.380eV  Ekin = 701.579eV (T = 293K)  Etot = -129153.801eV
Step 6631:  Epot = -129855.176eV  Ekin = 701.149eV (T = 293K)  Etot = -129154.027eV
Step 6632:  Epot = -129855.495eV  Ekin = 700.843eV (T = 293K)  Etot = -129154.651eV
Step 6633:  Epot = -129854.065eV  Ekin = 699.444eV (T = 292K)  Etot = -129154.621eV
Step 6634:  Epot = -129851.772eV  Ekin = 697.707eV (T = 292K)  Etot = -129154.065eV
Step 6635:  Epot = -129851.336eV  Ekin = 697.445eV (T = 292K)  Etot = -129153.891eV
Step 6636:  Epot = -129853.141eV  Ekin = 699.039eV (T = 292K)  Etot = -129154.103eV
Step 6637:  Epot = -129853.946eV  Ekin = 699.908eV (T = 293K)  Etot = -129154.038eV
Step 6638:  Epot = -129852.244eV  Ekin = 698.335eV (T = 292K)  Etot = -129153.910eV
Step 6639:  Epot = -129850.311eV  Ekin = 696.231eV (T = 291K)  Etot = -129154.080eV
Step 6640:  Epot = -129850.690eV  Ekin = 697.002eV (T = 291K)  Etot = -129153.688eV
Step 6641:  Epot = -129852.829eV  Ekin = 698.836eV (T = 292K)  Etot = -129153.992eV
Step 6642:  Epot = -129853.542eV  Ekin = 699.178eV (T = 292K)  Etot = -129154.364eV
Step 6643:  Epot = -129852.050eV  Ekin = 697.621eV (T = 292K)  Etot = -129154.429eV
Step 6644:  Epot = -129851.730eV  Ekin = 697.601eV (T = 292K)  Etot = -129154.129eV
Step 6645:  Epot = -129854.374eV  Ekin = 700.021eV (T = 293K)  Etot = -129154.353eV
Step 6646:  Epot = -129857.577eV  Ekin = 703.198eV (T = 294K)  Etot = -129154.379eV
Step 6647:  Epot = -129858.185eV  Ekin = 703.761eV (T = 294K)  Etot = -129154.424eV
Step 6648:  Epot = -129855.898eV  Ekin = 701.715eV (T = 293K)  Etot = -129154.183eV
Step 6649:  Epot = -129854.405eV  Ekin = 699.991eV (T = 293K)  Etot = -129154.414eV
Step 6650:  Epot = -129855.212eV  Ekin = 700.176eV (T = 293K)  Etot = -129155.036eV
Step 6651:  Epot = -129855.511eV  Ekin = 700.427eV (T = 293K)  Etot = -129155.084eV
Step 6652:  Epot = -129854.195eV  Ekin = 699.280eV (T = 292K)  Etot = -129154.915eV
Step 6653:  Epot = -129853.964eV  Ekin = 698.792eV (T = 292K)  Etot = -129155.173eV
Step 6654:  Epot = -129855.228eV  Ekin = 700.852eV (T = 293K)  Etot = -129154.376eV
Step 6655:  Epot = -129856.916eV  Ekin = 702.853eV (T = 294K)  Etot = -129154.062eV
Step 6656:  Epot = -129856.918eV  Ekin = 702.825eV (T = 294K)  Etot = -129154.093eV
Step 6657:  Epot = -129854.770eV  Ekin = 702.059eV (T = 294K)  Etot = -129152.711eV
Step 6658:  Epot = -129852.753eV  Ekin = 702.812eV (T = 294K)  Etot = -129149.941eV
Step 6659:  Epot = -129850.478eV  Ekin = 702.141eV (T = 294K)  Etot = -129148.336eV
Step 6660:  Epot = -129852.008eV  Ekin = 705.601eV (T = 295K)  Etot = -129146.407eV
Step 6661:  Epot = -129849.732eV  Ekin = 703.618eV (T = 294K)  Etot = -129146.115eV
Step 6662:  Epot = -129848.084eV  Ekin = 702.428eV (T = 294K)  Etot = -129145.656eV
Step 6663:  Epot = -129849.772eV  Ekin = 704.207eV (T = 294K)  Etot = -129145.565eV
Step 6664:  Epot = -129851.091eV  Ekin = 706.075eV (T = 295K)  Etot = -129145.016eV
Step 6665:  Epot = -129850.456eV  Ekin = 706.200eV (T = 295K)  Etot = -129144.256eV
Step 6666:  Epot = -129848.803eV  Ekin = 704.148eV (T = 294K)  Etot = -129144.656eV
Step 6667:  Epot = -129847.905eV  Ekin = 703.701eV (T = 294K)  Etot = -129144.204eV
Step 6668:  Epot = -129848.498eV  Ekin = 703.900eV (T = 294K)  Etot = -129144.598eV
Step 6669:  Epot = -129847.323eV  Ekin = 702.496eV (T = 294K)  Etot = -129144.827eV
Step 6670:  Epot = -129845.707eV  Ekin = 701.186eV (T = 293K)  Etot = -129144.521eV
Step 6671:  Epot = -129845.191eV  Ekin = 700.761eV (T = 293K)  Etot = -129144.430eV
Step 6672:  Epot = -129846.364eV  Ekin = 701.354eV (T = 293K)  Etot = -129145.010eV
Step 6673:  Epot = -129848.102eV  Ekin = 703.206eV (T = 294K)  Etot = -129144.895eV
Step 6674:  Epot = -129850.644eV  Ekin = 705.577eV (T = 295K)  Etot = -129145.067eV
Step 6675:  Epot = -129851.325eV  Ekin = 706.390eV (T = 295K)  Etot = -129144.936eV
Step 6676:  Epot = -129850.665eV  Ekin = 705.834eV (T = 295K)  Etot = -129144.831eV
Step 6677:  Epot = -129850.601eV  Ekin = 705.556eV (T = 295K)  Etot = -129145.045eV
Step 6678:  Epot = -129848.355eV  Ekin = 703.706eV (T = 294K)  Etot = -129144.649eV
Step 6679:  Epot = -129845.611eV  Ekin = 701.719eV (T = 293K)  Etot = -129143.891eV
Step 6680:  Epot = -129846.579eV  Ekin = 702.253eV (T = 294K)  Etot = -129144.327eV
Step 6681:  Epot = -129849.044eV  Ekin = 705.035eV (T = 295K)  Etot = -129144.009eV
Step 6682:  Epot = -129851.586eV  Ekin = 707.923eV (T = 296K)  Etot = -129143.663eV
Step 6683:  Epot = -129853.020eV  Ekin = 709.179eV (T = 297K)  Etot = -129143.841eV
Step 6684:  Epot = -129852.382eV  Ekin = 709.035eV (T = 296K)  Etot = -129143.347eV
Step 6685:  Epot = -129853.911eV  Ekin = 711.169eV (T = 297K)  Etot = -129142.742eV
Step 6686:  Epot = -129855.341eV  Ekin = 712.032eV (T = 298K)  Etot = -129143.309eV
Step 6687:  Epot = -129853.976eV  Ekin = 710.550eV (T = 297K)  Etot = -129143.426eV
Step 6688:  Epot = -129850.548eV  Ekin = 707.402eV (T = 296K)  Etot = -129143.146eV
Step 6689:  Epot = -129849.194eV  Ekin = 705.734eV (T = 295K)  Etot = -129143.459eV
Step 6690:  Epot = -129850.631eV  Ekin = 707.072eV (T = 296K)  Etot = -129143.559eV
Step 6691:  Epot = -129851.410eV  Ekin = 708.191eV (T = 296K)  Etot = -129143.219eV
Step 6692:  Epot = -129851.907eV  Ekin = 708.903eV (T = 296K)  Etot = -129143.004eV
Step 6693:  Epot = -129851.011eV  Ekin = 709.885eV (T = 297K)  Etot = -129141.125eV
Step 6694:  Epot = -129850.560eV  Ekin = 712.293eV (T = 298K)  Etot = -129138.267eV
Step 6695:  Epot = -129852.492eV  Ekin = 714.077eV (T = 299K)  Etot = -129138.415eV
Step 6696:  Epot = -129851.591eV  Ekin = 713.207eV (T = 298K)  Etot = -129138.384eV
Step 6697:  Epot = -129847.571eV  Ekin = 709.756eV (T = 297K)  Etot = -129137.815eV
Step 6698:  Epot = -129844.717eV  Ekin = 707.253eV (T = 296K)  Etot = -129137.464eV
Step 6699:  Epot = -129845.506eV  Ekin = 707.558eV (T = 296K)  Etot = -129137.948eV
Step 6700:  Epot = -129845.334eV  Ekin = 707.185eV (T = 296K)  Etot = -129138.149eV
Step 6701:  Epot = -129845.318eV  Ekin = 707.499eV (T = 296K)  Etot = -129137.819eV
Step 6702:  Epot = -129846.078eV  Ekin = 708.076eV (T = 296K)  Etot = -129138.002eV
Step 6703:  Epot = -129847.295eV  Ekin = 709.015eV (T = 296K)  Etot = -129138.281eV
Step 6704:  Epot = -129849.050eV  Ekin = 710.685eV (T = 297K)  Etot = -129138.365eV
Step 6705:  Epot = -129849.717eV  Ekin = 711.629eV (T = 298K)  Etot = -129138.088eV
Step 6706:  Epot = -129847.527eV  Ekin = 709.643eV (T = 297K)  Etot = -129137.884eV
Step 6707:  Epot = -129845.943eV  Ekin = 708.433eV (T = 296K)  Etot = -129137.510eV
Step 6708:  Epot = -129846.758eV  Ekin = 709.080eV (T = 296K)  Etot = -129137.678eV
Step 6709:  Epot = -129846.940eV  Ekin = 709.743eV (T = 297K)  Etot = -129137.197eV
Step 6710:  Epot = -129845.713eV  Ekin = 708.642eV (T = 296K)  Etot = -129137.072eV
Step 6711:  Epot = -129845.252eV  Ekin = 708.157eV (T = 296K)  Etot = -129137.094eV
Step 6712:  Epot = -129846.446eV  Ekin = 709.040eV (T = 296K)  Etot = -129137.406eV
Step 6713:  Epot = -129847.732eV  Ekin = 710.450eV (T = 297K)  Etot = -129137.282eV
Step 6714:  Epot = -129847.902eV  Ekin = 710.630eV (T = 297K)  Etot = -129137.273eV
Step 6715:  Epot = -129846.508eV  Ekin = 709.323eV (T = 297K)  Etot = -129137.186eV
Step 6716:  Epot = -129845.056eV  Ekin = 708.197eV (T = 296K)  Etot = -129136.859eV
Step 6717:  Epot = -129845.179eV  Ekin = 707.884eV (T = 296K)  Etot = -129137.295eV
Step 6718:  Epot = -129846.599eV  Ekin = 709.470eV (T = 297K)  Etot = -129137.129eV
Step 6719:  Epot = -129846.615eV  Ekin = 709.269eV (T = 297K)  Etot = -129137.346eV
Step 6720:  Epot = -129845.633eV  Ekin = 708.278eV (T = 296K)  Etot = -129137.356eV
Step 6721:  Epot = -129846.513eV  Ekin = 708.832eV (T = 296K)  Etot = -129137.680eV
Step 6722:  Epot = -129848.855eV  Ekin = 710.854eV (T = 297K)  Etot = -129138.001eV
Step 6723:  Epot = -129850.581eV  Ekin = 712.300eV (T = 298K)  Etot = -129138.281eV
Step 6724:  Epot = -129850.771eV  Ekin = 712.088eV (T = 298K)  Etot = -129138.682eV
Step 6725:  Epot = -129849.209eV  Ekin = 710.434eV (T = 297K)  Etot = -129138.775eV
Step 6726:  Epot = -129848.315eV  Ekin = 709.979eV (T = 297K)  Etot = -129138.336eV
Step 6727:  Epot = -129848.783eV  Ekin = 710.380eV (T = 297K)  Etot = -129138.404eV
Step 6728:  Epot = -129849.588eV  Ekin = 710.791eV (T = 297K)  Etot = -129138.797eV
Step 6729:  Epot = -129849.365eV  Ekin = 710.695eV (T = 297K)  Etot = -129138.670eV
Step 6730:  Epot = -129849.159eV  Ekin = 710.956eV (T = 297K)  Etot = -129138.203eV
Step 6731:  Epot = -129848.968eV  Ekin = 711.167eV (T = 297K)  Etot = -129137.801eV
Step 6732:  Epot = -129849.315eV  Ekin = 711.827eV (T = 298K)  Etot = -129137.489eV
Step 6733:  Epot = -129850.214eV  Ekin = 712.002eV (T = 298K)  Etot = -129138.212eV
Step 6734:  Epot = -129849.626eV  Ekin = 711.710eV (T = 298K)  Etot = -129137.916eV
Step 6735:  Epot = -129847.951eV  Ekin = 710.709eV (T = 297K)  Etot = -129137.241eV
Step 6736:  Epot = -129847.387eV  Ekin = 710.556eV (T = 297K)  Etot = -129136.831eV
Step 6737:  Epot = -129849.024eV  Ekin = 712.035eV (T = 298K)  Etot = -129136.989eV
Step 6738:  Epot = -129851.320eV  Ekin = 714.700eV (T = 299K)  Etot = -129136.620eV
Step 6739:  Epot = -129852.398eV  Ekin = 715.646eV (T = 299K)  Etot = -129136.752eV
Step 6740:  Epot = -129853.421eV  Ekin = 716.709eV (T = 300K)  Etot = -129136.712eV
Step 6741:  Epot = -129854.483eV  Ekin = 717.349eV (T = 300K)  Etot = -129137.134eV
Step 6742:  Epot = -129855.696eV  Ekin = 718.353eV (T = 300K)  Etot = -129137.343eV
Step 6743:  Epot = -129855.564eV  Ekin = 718.725eV (T = 301K)  Etot = -129136.840eV
Step 6744:  Epot = -129852.526eV  Ekin = 715.372eV (T = 299K)  Etot = -129137.154eV
Step 6745:  Epot = -129850.016eV  Ekin = 712.414eV (T = 298K)  Etot = -129137.602eV
Step 6746:  Epot = -129850.513eV  Ekin = 712.931eV (T = 298K)  Etot = -129137.582eV
Step 6747:  Epot = -129851.831eV  Ekin = 714.119eV (T = 299K)  Etot = -129137.712eV
Step 6748:  Epot = -129850.773eV  Ekin = 712.716eV (T = 298K)  Etot = -129138.057eV
Step 6749:  Epot = -129849.493eV  Ekin = 711.219eV (T = 297K)  Etot = -129138.274eV
Step 6750:  Epot = -129850.097eV  Ekin = 711.234eV (T = 297K)  Etot = -129138.864eV
Step 6751:  Epot = -129850.687eV  Ekin = 712.119eV (T = 298K)  Etot = -129138.567eV
Step 6752:  Epot = -129850.561eV  Ekin = 711.871eV (T = 298K)  Etot = -129138.690eV
Step 6753:  Epot = -129849.054eV  Ekin = 710.146eV (T = 297K)  Etot = -129138.907eV
Step 6754:  Epot = -129846.942eV  Ekin = 708.175eV (T = 296K)  Etot = -129138.767eV
Step 6755:  Epot = -129848.471eV  Ekin = 709.489eV (T = 297K)  Etot = -129138.982eV
Step 6756:  Epot = -129851.005eV  Ekin = 712.169eV (T = 298K)  Etot = -129138.835eV
Step 6757:  Epot = -129850.306eV  Ekin = 711.735eV (T = 298K)  Etot = -129138.570eV
Step 6758:  Epot = -129847.629eV  Ekin = 709.397eV (T = 297K)  Etot = -129138.232eV
Step 6759:  Epot = -129848.458eV  Ekin = 710.075eV (T = 297K)  Etot = -129138.383eV
Step 6760:  Epot = -129851.197eV  Ekin = 712.128eV (T = 298K)  Etot = -129139.069eV
Step 6761:  Epot = -129851.740eV  Ekin = 712.464eV (T = 298K)  Etot = -129139.276eV
Step 6762:  Epot = -129849.090eV  Ekin = 709.934eV (T = 297K)  Etot = -129139.156eV
Step 6763:  Epot = -129845.698eV  Ekin = 707.544eV (T = 296K)  Etot = -129138.154eV
Step 6764:  Epot = -129846.390eV  Ekin = 708.087eV (T = 296K)  Etot = -129138.303eV
Step 6765:  Epot = -129848.873eV  Ekin = 710.234eV (T = 297K)  Etot = -129138.639eV
Step 6766:  Epot = -129848.585eV  Ekin = 710.240eV (T = 297K)  Etot = -129138.346eV
Step 6767:  Epot = -129845.453eV  Ekin = 706.941eV (T = 296K)  Etot = -129138.512eV
Step 6768:  Epot = -129844.867eV  Ekin = 706.234eV (T = 295K)  Etot = -129138.633eV
Step 6769:  Epot = -129846.954eV  Ekin = 708.176eV (T = 296K)  Etot = -129138.777eV
Step 6770:  Epot = -129848.138eV  Ekin = 709.922eV (T = 297K)  Etot = -129138.216eV
Step 6771:  Epot = -129845.906eV  Ekin = 708.003eV (T = 296K)  Etot = -129137.903eV
Step 6772:  Epot = -129842.722eV  Ekin = 705.192eV (T = 295K)  Etot = -129137.530eV
Step 6773:  Epot = -129844.226eV  Ekin = 706.142eV (T = 295K)  Etot = -129138.084eV
Step 6774:  Epot = -129847.020eV  Ekin = 708.681eV (T = 296K)  Etot = -129138.340eV
Step 6775:  Epot = -129847.082eV  Ekin = 708.842eV (T = 296K)  Etot = -129138.240eV
Step 6776:  Epot = -129845.603eV  Ekin = 707.391eV (T = 296K)  Etot = -129138.213eV
Step 6777:  Epot = -129844.876eV  Ekin = 706.617eV (T = 295K)  Etot = -129138.259eV
Step 6778:  Epot = -129846.582eV  Ekin = 708.209eV (T = 296K)  Etot = -129138.373eV
Step 6779:  Epot = -129848.456eV  Ekin = 709.449eV (T = 297K)  Etot = -129139.007eV
Step 6780:  Epot = -129847.000eV  Ekin = 708.469eV (T = 296K)  Etot = -129138.531eV
Step 6781:  Epot = -129844.013eV  Ekin = 706.189eV (T = 295K)  Etot = -129137.824eV
Step 6782:  Epot = -129844.952eV  Ekin = 706.548eV (T = 295K)  Etot = -129138.404eV
Step 6783:  Epot = -129847.598eV  Ekin = 709.199eV (T = 297K)  Etot = -129138.398eV
Step 6784:  Epot = -129848.235eV  Ekin = 709.867eV (T = 297K)  Etot = -129138.368eV
Step 6785:  Epot = -129846.899eV  Ekin = 709.274eV (T = 297K)  Etot = -129137.625eV
Step 6786:  Epot = -129845.232eV  Ekin = 707.824eV (T = 296K)  Etot = -129137.409eV
Step 6787:  Epot = -129846.539eV  Ekin = 709.575eV (T = 297K)  Etot = -129136.964eV
Step 6788:  Epot = -129848.282eV  Ekin = 711.051eV (T = 297K)  Etot = -129137.231eV
Step 6789:  Epot = -129846.324eV  Ekin = 709.339eV (T = 297K)  Etot = -129136.985eV
Step 6790:  Epot = -129841.751eV  Ekin = 704.811eV (T = 295K)  Etot = -129136.941eV
Step 6791:  Epot = -129841.069eV  Ekin = 704.466eV (T = 295K)  Etot = -129136.603eV
Step 6792:  Epot = -129843.184eV  Ekin = 706.559eV (T = 295K)  Etot = -129136.625eV
Step 6793:  Epot = -129845.017eV  Ekin = 708.293eV (T = 296K)  Etot = -129136.724eV
Step 6794:  Epot = -129845.790eV  Ekin = 709.073eV (T = 296K)  Etot = -129136.717eV
Step 6795:  Epot = -129845.042eV  Ekin = 708.104eV (T = 296K)  Etot = -129136.938eV
Step 6796:  Epot = -129844.698eV  Ekin = 708.289eV (T = 296K)  Etot = -129136.409eV
Step 6797:  Epot = -129846.814eV  Ekin = 710.043eV (T = 297K)  Etot = -129136.770eV
Step 6798:  Epot = -129847.135eV  Ekin = 710.278eV (T = 297K)  Etot = -129136.857eV
Step 6799:  Epot = -129845.300eV  Ekin = 708.310eV (T = 296K)  Etot = -129136.991eV
Step 6800:  Epot = -129844.327eV  Ekin = 707.807eV (T = 296K)  Etot = -129136.520eV
Step 6801:  Epot = -129844.473eV  Ekin = 707.923eV (T = 296K)  Etot = -129136.549eV
Step 6802:  Epot = -129845.137eV  Ekin = 707.913eV (T = 296K)  Etot = -129137.225eV
Step 6803:  Epot = -129846.349eV  Ekin = 708.764eV (T = 296K)  Etot = -129137.585eV
Step 6804:  Epot = -129846.780eV  Ekin = 709.091eV (T = 296K)  Etot = -129137.689eV
Step 6805:  Epot = -129845.707eV  Ekin = 708.358eV (T = 296K)  Etot = -129137.348eV
Step 6806:  Epot = -129845.811eV  Ekin = 708.320eV (T = 296K)  Etot = -129137.491eV
Step 6807:  Epot = -129846.386eV  Ekin = 709.156eV (T = 297K)  Etot = -129137.230eV
Step 6808:  Epot = -129845.416eV  Ekin = 708.349eV (T = 296K)  Etot = -129137.067eV
Step 6809:  Epot = -129843.996eV  Ekin = 706.719eV (T = 296K)  Etot = -129137.277eV
Step 6810:  Epot = -129842.702eV  Ekin = 705.837eV (T = 295K)  Etot = -129136.864eV
Step 6811:  Epot = -129842.618eV  Ekin = 706.329eV (T = 295K)  Etot = -129136.289eV
Step 6812:  Epot = -129844.612eV  Ekin = 708.100eV (T = 296K)  Etot = -129136.512eV
Step 6813:  Epot = -129845.581eV  Ekin = 709.093eV (T = 296K)  Etot = -129136.488eV
Step 6814:  Epot = -129844.786eV  Ekin = 708.141eV (T = 296K)  Etot = -129136.646eV
Step 6815:  Epot = -129845.258eV  Ekin = 708.034eV (T = 296K)  Etot = -129137.224eV
Step 6816:  Epot = -129845.505eV  Ekin = 708.015eV (T = 296K)  Etot = -129137.491eV
Step 6817:  Epot = -129844.966eV  Ekin = 707.327eV (T = 296K)  Etot = -129137.638eV
Step 6818:  Epot = -129844.927eV  Ekin = 706.949eV (T = 296K)  Etot = -129137.978eV
Step 6819:  Epot = -129844.174eV  Ekin = 706.078eV (T = 295K)  Etot = -129138.096eV
Step 6820:  Epot = -129843.649eV  Ekin = 706.139eV (T = 295K)  Etot = -129137.510eV
Step 6821:  Epot = -129845.312eV  Ekin = 708.164eV (T = 296K)  Etot = -129137.148eV
Step 6822:  Epot = -129847.963eV  Ekin = 710.564eV (T = 297K)  Etot = -129137.399eV
Step 6823:  Epot = -129848.014eV  Ekin = 710.937eV (T = 297K)  Etot = -129137.077eV
Step 6824:  Epot = -129847.833eV  Ekin = 710.313eV (T = 297K)  Etot = -129137.520eV
Step 6825:  Epot = -129849.314eV  Ekin = 712.012eV (T = 298K)  Etot = -129137.302eV
Step 6826:  Epot = -129850.177eV  Ekin = 712.720eV (T = 298K)  Etot = -129137.457eV
Step 6827:  Epot = -129850.453eV  Ekin = 712.159eV (T = 298K)  Etot = -129138.294eV
Step 6828:  Epot = -129848.681eV  Ekin = 710.056eV (T = 297K)  Etot = -129138.626eV
Step 6829:  Epot = -129847.726eV  Ekin = 709.502eV (T = 297K)  Etot = -129138.225eV
Step 6830:  Epot = -129848.468eV  Ekin = 710.772eV (T = 297K)  Etot = -129137.696eV
Step 6831:  Epot = -129849.683eV  Ekin = 711.734eV (T = 298K)  Etot = -129137.949eV
Step 6832:  Epot = -129847.946eV  Ekin = 710.822eV (T = 297K)  Etot = -129137.124eV
Step 6833:  Epot = -129845.700eV  Ekin = 708.900eV (T = 296K)  Etot = -129136.800eV
Step 6834:  Epot = -129845.136eV  Ekin = 708.398eV (T = 296K)  Etot = -129136.738eV
Step 6835:  Epot = -129844.887eV  Ekin = 708.412eV (T = 296K)  Etot = -129136.475eV
Step 6836:  Epot = -129843.741eV  Ekin = 707.180eV (T = 296K)  Etot = -129136.561eV
Step 6837:  Epot = -129841.003eV  Ekin = 704.533eV (T = 295K)  Etot = -129136.470eV
Step 6838:  Epot = -129838.914eV  Ekin = 702.852eV (T = 294K)  Etot = -129136.062eV
Step 6839:  Epot = -129839.804eV  Ekin = 704.065eV (T = 294K)  Etot = -129135.739eV
Step 6840:  Epot = -129841.480eV  Ekin = 705.528eV (T = 295K)  Etot = -129135.952eV
Step 6841:  Epot = -129841.326eV  Ekin = 704.747eV (T = 295K)  Etot = -129136.580eV
Step 6842:  Epot = -129839.797eV  Ekin = 703.070eV (T = 294K)  Etot = -129136.727eV
Step 6843:  Epot = -129839.662eV  Ekin = 702.681eV (T = 294K)  Etot = -129136.982eV
Step 6844:  Epot = -129840.108eV  Ekin = 703.946eV (T = 294K)  Etot = -129136.162eV
Step 6845:  Epot = -129840.547eV  Ekin = 704.644eV (T = 295K)  Etot = -129135.903eV
Step 6846:  Epot = -129839.511eV  Ekin = 703.919eV (T = 294K)  Etot = -129135.592eV
Step 6847:  Epot = -129837.729eV  Ekin = 702.649eV (T = 294K)  Etot = -129135.080eV
Step 6848:  Epot = -129839.218eV  Ekin = 703.902eV (T = 294K)  Etot = -129135.315eV
Step 6849:  Epot = -129842.366eV  Ekin = 707.228eV (T = 296K)  Etot = -129135.138eV
Step 6850:  Epot = -129843.218eV  Ekin = 708.094eV (T = 296K)  Etot = -129135.124eV
Step 6851:  Epot = -129841.299eV  Ekin = 706.616eV (T = 295K)  Etot = -129134.683eV
Step 6852:  Epot = -129841.059eV  Ekin = 706.149eV (T = 295K)  Etot = -129134.910eV
Step 6853:  Epot = -129841.818eV  Ekin = 706.823eV (T = 296K)  Etot = -129134.996eV
Step 6854:  Epot = -129841.652eV  Ekin = 706.308eV (T = 295K)  Etot = -129135.344eV
Step 6855:  Epot = -129839.320eV  Ekin = 703.963eV (T = 294K)  Etot = -129135.357eV
Step 6856:  Epot = -129836.438eV  Ekin = 701.492eV (T = 293K)  Etot = -129134.946eV
Step 6857:  Epot = -129837.123eV  Ekin = 701.822eV (T = 293K)  Etot = -129135.302eV
Step 6858:  Epot = -129840.372eV  Ekin = 704.621eV (T = 295K)  Etot = -129135.751eV
Step 6859:  Epot = -129842.052eV  Ekin = 706.163eV (T = 295K)  Etot = -129135.889eV
Step 6860:  Epot = -129840.765eV  Ekin = 705.123eV (T = 295K)  Etot = -129135.642eV
Step 6861:  Epot = -129840.174eV  Ekin = 704.721eV (T = 295K)  Etot = -129135.453eV
Step 6862:  Epot = -129841.391eV  Ekin = 705.725eV (T = 295K)  Etot = -129135.665eV
Step 6863:  Epot = -129841.854eV  Ekin = 705.938eV (T = 295K)  Etot = -129135.916eV
Step 6864:  Epot = -129840.200eV  Ekin = 705.023eV (T = 295K)  Etot = -129135.177eV
Step 6865:  Epot = -129837.436eV  Ekin = 702.720eV (T = 294K)  Etot = -129134.716eV
Step 6866:  Epot = -129837.489eV  Ekin = 702.556eV (T = 294K)  Etot = -129134.932eV
Step 6867:  Epot = -129840.323eV  Ekin = 705.524eV (T = 295K)  Etot = -129134.800eV
Step 6868:  Epot = -129842.511eV  Ekin = 707.288eV (T = 296K)  Etot = -129135.222eV
Step 6869:  Epot = -129842.438eV  Ekin = 706.943eV (T = 296K)  Etot = -129135.495eV
Step 6870:  Epot = -129842.090eV  Ekin = 706.910eV (T = 296K)  Etot = -129135.180eV
Step 6871:  Epot = -129843.083eV  Ekin = 708.703eV (T = 296K)  Etot = -129134.380eV
Step 6872:  Epot = -129844.205eV  Ekin = 709.735eV (T = 297K)  Etot = -129134.470eV
Step 6873:  Epot = -129843.633eV  Ekin = 709.232eV (T = 297K)  Etot = -129134.401eV
Step 6874:  Epot = -129841.697eV  Ekin = 707.715eV (T = 296K)  Etot = -129133.982eV
Step 6875:  Epot = -129841.034eV  Ekin = 707.276eV (T = 296K)  Etot = -129133.758eV
Step 6876:  Epot = -129843.723eV  Ekin = 709.267eV (T = 297K)  Etot = -129134.456eV
Step 6877:  Epot = -129847.197eV  Ekin = 712.402eV (T = 298K)  Etot = -129134.795eV
Step 6878:  Epot = -129847.282eV  Ekin = 712.388eV (T = 298K)  Etot = -129134.894eV
Step 6879:  Epot = -129845.831eV  Ekin = 710.869eV (T = 297K)  Etot = -129134.962eV
Step 6880:  Epot = -129846.300eV  Ekin = 711.635eV (T = 298K)  Etot = -129134.665eV
Step 6881:  Epot = -129847.731eV  Ekin = 713.006eV (T = 298K)  Etot = -129134.725eV
Step 6882:  Epot = -129847.747eV  Ekin = 713.240eV (T = 298K)  Etot = -129134.507eV
Step 6883:  Epot = -129844.562eV  Ekin = 709.647eV (T = 297K)  Etot = -129134.916eV
Step 6884:  Epot = -129840.780eV  Ekin = 706.113eV (T = 295K)  Etot = -129134.667eV
Step 6885:  Epot = -129841.906eV  Ekin = 707.584eV (T = 296K)  Etot = -129134.322eV
Step 6886:  Epot = -129846.621eV  Ekin = 711.611eV (T = 298K)  Etot = -129135.011eV
Step 6887:  Epot = -129848.178eV  Ekin = 713.117eV (T = 298K)  Etot = -129135.061eV
Step 6888:  Epot = -129845.392eV  Ekin = 710.576eV (T = 297K)  Etot = -129134.815eV
Step 6889:  Epot = -129844.155eV  Ekin = 709.350eV (T = 297K)  Etot = -129134.805eV
Step 6890:  Epot = -129844.875eV  Ekin = 710.053eV (T = 297K)  Etot = -129134.822eV
Step 6891:  Epot = -129846.056eV  Ekin = 710.884eV (T = 297K)  Etot = -129135.172eV
Step 6892:  Epot = -129845.023eV  Ekin = 709.911eV (T = 297K)  Etot = -129135.112eV
Step 6893:  Epot = -129839.632eV  Ekin = 705.126eV (T = 295K)  Etot = -129134.506eV
Step 6894:  Epot = -129837.375eV  Ekin = 702.748eV (T = 294K)  Etot = -129134.626eV
Step 6895:  Epot = -129840.785eV  Ekin = 705.384eV (T = 295K)  Etot = -129135.401eV
Step 6896:  Epot = -129844.680eV  Ekin = 709.116eV (T = 297K)  Etot = -129135.564eV
Step 6897:  Epot = -129843.165eV  Ekin = 708.040eV (T = 296K)  Etot = -129135.125eV
Step 6898:  Epot = -129841.697eV  Ekin = 707.135eV (T = 296K)  Etot = -129134.561eV
Step 6899:  Epot = -129842.859eV  Ekin = 708.212eV (T = 296K)  Etot = -129134.647eV
Step 6900:  Epot = -129845.455eV  Ekin = 710.498eV (T = 297K)  Etot = -129134.957eV
Step 6901:  Epot = -129845.563eV  Ekin = 710.384eV (T = 297K)  Etot = -129135.180eV
Step 6902:  Epot = -129840.394eV  Ekin = 705.951eV (T = 295K)  Etot = -129134.443eV
Step 6903:  Epot = -129837.100eV  Ekin = 703.366eV (T = 294K)  Etot = -129133.734eV
Step 6904:  Epot = -129840.221eV  Ekin = 706.532eV (T = 295K)  Etot = -129133.689eV
Step 6905:  Epot = -129843.992eV  Ekin = 710.326eV (T = 297K)  Etot = -129133.666eV
Step 6906:  Epot = -129841.642eV  Ekin = 708.571eV (T = 296K)  Etot = -129133.071eV
Step 6907:  Epot = -129838.377eV  Ekin = 705.652eV (T = 295K)  Etot = -129132.725eV
Step 6908:  Epot = -129839.167eV  Ekin = 706.865eV (T = 296K)  Etot = -129132.303eV
Step 6909:  Epot = -129841.254eV  Ekin = 709.631eV (T = 297K)  Etot = -129131.622eV
Step 6910:  Epot = -129841.739eV  Ekin = 709.207eV (T = 297K)  Etot = -129132.532eV
Step 6911:  Epot = -129836.787eV  Ekin = 704.849eV (T = 295K)  Etot = -129131.938eV
Step 6912:  Epot = -129832.529eV  Ekin = 700.487eV (T = 293K)  Etot = -129132.042eV
Step 6913:  Epot = -129834.670eV  Ekin = 701.958eV (T = 294K)  Etot = -129132.712eV
Step 6914:  Epot = -129839.321eV  Ekin = 706.022eV (T = 295K)  Etot = -129133.299eV
Step 6915:  Epot = -129839.525eV  Ekin = 706.545eV (T = 295K)  Etot = -129132.980eV
Step 6916:  Epot = -129836.955eV  Ekin = 704.825eV (T = 295K)  Etot = -129132.129eV
Step 6917:  Epot = -129837.622eV  Ekin = 705.047eV (T = 295K)  Etot = -129132.575eV
Step 6918:  Epot = -129841.144eV  Ekin = 708.307eV (T = 296K)  Etot = -129132.837eV
Step 6919:  Epot = -129843.343eV  Ekin = 710.454eV (T = 297K)  Etot = -129132.888eV
Step 6920:  Epot = -129840.801eV  Ekin = 708.204eV (T = 296K)  Etot = -129132.598eV
Step 6921:  Epot = -129837.070eV  Ekin = 705.505eV (T = 295K)  Etot = -129131.564eV
Step 6922:  Epot = -129838.347eV  Ekin = 706.726eV (T = 296K)  Etot = -129131.621eV
Step 6923:  Epot = -129843.145eV  Ekin = 710.403eV (T = 297K)  Etot = -129132.742eV
Step 6924:  Epot = -129844.305eV  Ekin = 711.719eV (T = 298K)  Etot = -129132.586eV
Step 6925:  Epot = -129841.650eV  Ekin = 709.888eV (T = 297K)  Etot = -129131.762eV
Step 6926:  Epot = -129841.043eV  Ekin = 709.529eV (T = 297K)  Etot = -129131.514eV
Step 6927:  Epot = -129842.935eV  Ekin = 711.104eV (T = 297K)  Etot = -129131.832eV
Step 6928:  Epot = -129845.917eV  Ekin = 713.727eV (T = 298K)  Etot = -129132.190eV
Step 6929:  Epot = -129843.542eV  Ekin = 711.036eV (T = 297K)  Etot = -129132.505eV
Step 6930:  Epot = -129839.694eV  Ekin = 706.319eV (T = 295K)  Etot = -129133.374eV
Step 6931:  Epot = -129838.655eV  Ekin = 705.413eV (T = 295K)  Etot = -129133.242eV
Step 6932:  Epot = -129842.293eV  Ekin = 709.119eV (T = 297K)  Etot = -129133.174eV
Step 6933:  Epot = -129845.513eV  Ekin = 712.348eV (T = 298K)  Etot = -129133.166eV
Step 6934:  Epot = -129843.813eV  Ekin = 710.897eV (T = 297K)  Etot = -129132.915eV
Step 6935:  Epot = -129842.183eV  Ekin = 709.865eV (T = 297K)  Etot = -129132.318eV
Step 6936:  Epot = -129845.283eV  Ekin = 712.194eV (T = 298K)  Etot = -129133.089eV
Step 6937:  Epot = -129847.959eV  Ekin = 714.856eV (T = 299K)  Etot = -129133.103eV
Step 6938:  Epot = -129845.550eV  Ekin = 713.698eV (T = 298K)  Etot = -129131.852eV
Step 6939:  Epot = -129840.134eV  Ekin = 708.482eV (T = 296K)  Etot = -129131.652eV
Step 6940:  Epot = -129838.327eV  Ekin = 706.929eV (T = 296K)  Etot = -129131.398eV
Step 6941:  Epot = -129841.725eV  Ekin = 710.420eV (T = 297K)  Etot = -129131.305eV
Step 6942:  Epot = -129844.639eV  Ekin = 712.535eV (T = 298K)  Etot = -129132.104eV
Step 6943:  Epot = -129842.376eV  Ekin = 710.372eV (T = 297K)  Etot = -129132.004eV
Step 6944:  Epot = -129840.942eV  Ekin = 709.375eV (T = 297K)  Etot = -129131.567eV
Step 6945:  Epot = -129845.302eV  Ekin = 713.464eV (T = 298K)  Etot = -129131.837eV
Step 6946:  Epot = -129849.493eV  Ekin = 717.825eV (T = 300K)  Etot = -129131.668eV
Step 6947:  Epot = -129848.480eV  Ekin = 717.214eV (T = 300K)  Etot = -129131.266eV
Step 6948:  Epot = -129842.316eV  Ekin = 710.890eV (T = 297K)  Etot = -129131.425eV
Step 6949:  Epot = -129840.009eV  Ekin = 708.578eV (T = 296K)  Etot = -129131.431eV
Step 6950:  Epot = -129844.371eV  Ekin = 712.289eV (T = 298K)  Etot = -129132.082eV
Step 6951:  Epot = -129847.333eV  Ekin = 714.962eV (T = 299K)  Etot = -129132.371eV
Step 6952:  Epot = -129845.820eV  Ekin = 713.470eV (T = 298K)  Etot = -129132.350eV
Step 6953:  Epot = -129842.182eV  Ekin = 710.772eV (T = 297K)  Etot = -129131.410eV
Step 6954:  Epot = -129843.512eV  Ekin = 711.978eV (T = 298K)  Etot = -129131.534eV
Step 6955:  Epot = -129847.269eV  Ekin = 715.190eV (T = 299K)  Etot = -129132.079eV
Step 6956:  Epot = -129846.378eV  Ekin = 714.606eV (T = 299K)  Etot = -129131.773eV
Step 6957:  Epot = -129841.541eV  Ekin = 710.079eV (T = 297K)  Etot = -129131.462eV
Step 6958:  Epot = -129839.916eV  Ekin = 708.541eV (T = 296K)  Etot = -129131.375eV
Step 6959:  Epot = -129842.243eV  Ekin = 710.634eV (T = 297K)  Etot = -129131.609eV
Step 6960:  Epot = -129844.033eV  Ekin = 711.995eV (T = 298K)  Etot = -129132.037eV
Step 6961:  Epot = -129843.666eV  Ekin = 711.394eV (T = 297K)  Etot = -129132.272eV
Step 6962:  Epot = -129842.875eV  Ekin = 710.736eV (T = 297K)  Etot = -129132.139eV
Step 6963:  Epot = -129845.652eV  Ekin = 712.941eV (T = 298K)  Etot = -129132.710eV
Step 6964:  Epot = -129848.868eV  Ekin = 715.626eV (T = 299K)  Etot = -129133.242eV
Step 6965:  Epot = -129848.325eV  Ekin = 715.368eV (T = 299K)  Etot = -129132.957eV
Step 6966:  Epot = -129844.216eV  Ekin = 711.648eV (T = 298K)  Etot = -129132.567eV
Step 6967:  Epot = -129842.770eV  Ekin = 710.254eV (T = 297K)  Etot = -129132.516eV
Step 6968:  Epot = -129845.012eV  Ekin = 712.179eV (T = 298K)  Etot = -129132.833eV
Step 6969:  Epot = -129846.790eV  Ekin = 713.952eV (T = 299K)  Etot = -129132.839eV
Step 6970:  Epot = -129846.429eV  Ekin = 713.874eV (T = 298K)  Etot = -129132.555eV
Step 6971:  Epot = -129844.681eV  Ekin = 712.426eV (T = 298K)  Etot = -129132.256eV
Step 6972:  Epot = -129846.346eV  Ekin = 714.034eV (T = 299K)  Etot = -129132.312eV
Step 6973:  Epot = -129851.632eV  Ekin = 718.789eV (T = 301K)  Etot = -129132.843eV
Step 6974:  Epot = -129852.512eV  Ekin = 719.108eV (T = 301K)  Etot = -129133.404eV
Step 6975:  Epot = -129848.264eV  Ekin = 715.474eV (T = 299K)  Etot = -129132.790eV
Step 6976:  Epot = -129845.892eV  Ekin = 713.027eV (T = 298K)  Etot = -129132.865eV
Step 6977:  Epot = -129847.951eV  Ekin = 714.584eV (T = 299K)  Etot = -129133.367eV
Step 6978:  Epot = -129849.428eV  Ekin = 716.002eV (T = 299K)  Etot = -129133.426eV
Step 6979:  Epot = -129849.092eV  Ekin = 715.515eV (T = 299K)  Etot = -129133.577eV
Step 6980:  Epot = -129848.342eV  Ekin = 714.757eV (T = 299K)  Etot = -129133.584eV
Step 6981:  Epot = -129849.070eV  Ekin = 715.767eV (T = 299K)  Etot = -129133.303eV
Step 6982:  Epot = -129851.749eV  Ekin = 718.547eV (T = 300K)  Etot = -129133.203eV
Step 6983:  Epot = -129853.985eV  Ekin = 720.434eV (T = 301K)  Etot = -129133.551eV
Step 6984:  Epot = -129851.574eV  Ekin = 718.440eV (T = 300K)  Etot = -129133.134eV
Step 6985:  Epot = -129848.369eV  Ekin = 715.421eV (T = 299K)  Etot = -129132.948eV
Step 6986:  Epot = -129848.493eV  Ekin = 715.323eV (T = 299K)  Etot = -129133.170eV
Step 6987:  Epot = -129848.505eV  Ekin = 714.845eV (T = 299K)  Etot = -129133.660eV
Step 6988:  Epot = -129847.961eV  Ekin = 714.623eV (T = 299K)  Etot = -129133.338eV
Step 6989:  Epot = -129847.757eV  Ekin = 714.102eV (T = 299K)  Etot = -129133.655eV
Step 6990:  Epot = -129847.359eV  Ekin = 713.885eV (T = 299K)  Etot = -129133.474eV
Step 6991:  Epot = -129847.773eV  Ekin = 713.216eV (T = 298K)  Etot = -129134.557eV
Step 6992:  Epot = -129848.248eV  Ekin = 713.910eV (T = 299K)  Etot = -129134.338eV
Step 6993:  Epot = -129847.338eV  Ekin = 712.933eV (T = 298K)  Etot = -129134.405eV
Step 6994:  Epot = -129845.045eV  Ekin = 710.595eV (T = 297K)  Etot = -129134.450eV
Step 6995:  Epot = -129844.153eV  Ekin = 709.836eV (T = 297K)  Etot = -129134.318eV
Step 6996:  Epot = -129843.113eV  Ekin = 708.826eV (T = 296K)  Etot = -129134.288eV
Step 6997:  Epot = -129841.869eV  Ekin = 707.756eV (T = 296K)  Etot = -129134.113eV
Step 6998:  Epot = -129842.668eV  Ekin = 708.649eV (T = 296K)  Etot = -129134.019eV
Step 6999:  Epot = -129843.399eV  Ekin = 709.783eV (T = 297K)  Etot = -129133.616eV
Step 7000:  Epot = -129844.353eV  Ekin = 710.831eV (T = 297K)  Etot = -129133.522eV
Simulation finished!
Building PDB trajectory from trajectory...
